id_ejemplar,id_libro,id_ubicacion,edicion_ejem,medio_adquisicion,tipo_material,n_factura,valor,f_registro_sis,recibido_por,recibido_de,no_ejemplar,fecha_adquisicion,codigo_barras,signatura,paginas,anio_edicion,num_entrada
1,1,3,2a edicion,Suscripcion,Fisico,F-62032,15371.32,2015-07-15,Biblioteca Central,León-Padilla,1,2013-02-20,983914539540,DU380,628,2008,E-000001
2,2,2,5a edicion,Canje,Fisico,F-96941,23447.29,2021-07-04,Sede Norte,Mosquera Group,1,2018-05-08,828143372143,SU665,374,2009,E-000002
3,2,55,2a edicion,Suscripcion,Fisico,F-53068,44244.06,2022-05-11,Sede Norte,Villa PLC,2,2024-04-28,851680314093,HX539,161,2024,E-000003
4,2,16,4a edicion,Compra,Fisico,F-27023,168628.53,2023-03-14,Sede Sur,Morales Inc,3,2025-01-05,822280452385,MU399,767,1996,E-000004
5,3,28,2a edicion,Donacion,Fisico,F-22793,141240.3,2018-03-28,Sede Sur,Cantillo PLC,1,2025-08-22,696991370654,CI808,641,1985,E-000005
6,4,56,1a edicion,Compra,Fisico,F-18648,143479.7,2023-11-28,Sede Sur,"Burgos, Sanabria and Montoya",1,1992-12-15,297418788856,CZ216,863,1979,E-000006
7,4,8,5a edicion,Suscripcion,Fisico,F-26003,94404.91,2021-11-21,Sede Sur,Cardona PLC,2,2018-02-21,193567997158,HH464,887,2003,E-000007
8,5,52,2a edicion,Canje,Fisico,F-12389,165301.79,2021-12-15,Biblioteca Central,Bautista-Díaz,1,2003-05-27,172980612485,UH266,229,1986,E-000008
9,6,35,2a edicion,Suscripcion,Fisico,F-56056,19915.2,2024-07-27,Coordinacion Academica,Barrios Group,1,2023-06-19,932333159725,FB542,186,2008,E-000009
10,7,14,2a edicion,Donacion,Fisico,F-93556,94764.82,2021-07-29,Biblioteca Central,"Ortiz, Castro and Villamizar",1,2025-02-16,352306355987,XC954,752,2024,E-000010
11,7,36,4a edicion,Suscripcion,Fisico,F-94217,75863.68,2025-02-03,Biblioteca Central,Guzmán Inc,2,2025-05-21,594077487724,GH292,83,2024,E-000011
12,7,2,6a edicion,Canje,Fisico,F-54397,83563.06,2024-05-23,Biblioteca Central,Orozco PLC,3,2018-12-21,447761714096,PO982,554,2011,E-000012
13,8,38,2a edicion,Suscripcion,Fisico,F-82559,179362.39,2023-02-21,Sede Sur,Montoya Inc,1,1991-06-15,783414135483,KZ930,113,1981,E-000013
14,9,16,3a edicion,Suscripcion,Fisico,F-15103,156678.39,2015-08-13,Sede Sur,"García, Acosta and Marín",1,2018-07-22,254611964046,PG812,344,2015,E-000014
15,9,18,3a edicion,Suscripcion,Fisico,F-79594,75024.56,2020-08-02,Sede Sur,Ríos and Sons,2,2005-11-12,429589899320,TP516,103,1999,E-000015
16,9,21,2a edicion,Compra,Fisico,F-78806,114479.56,2024-07-20,Biblioteca Central,Jaramillo-Murillo,3,2001-07-31,226111115379,DX197,350,1976,E-000016
17,10,12,5a edicion,Donacion,Fisico,F-20333,53200.7,2018-02-06,Sede Sur,Castaño-Ramírez,1,2000-07-20,936837729498,ZU663,852,1995,E-000017
18,10,52,6a edicion,Canje,Fisico,F-96232,64095.1,2025-01-15,Coordinacion Academica,"Tovar, Ángel and Vargas",2,2010-10-15,439477382316,NT999,510,2009,E-000018
19,10,18,6a edicion,Compra,Fisico,F-19010,30561.97,2025-08-05,Biblioteca Central,Rincón-Díaz,3,2009-11-24,144998273972,QP580,449,1980,E-000019
20,11,11,5a edicion,Donacion,Fisico,F-53786,42782.67,2022-04-10,Biblioteca Central,"Gutiérrez, Franco and Ortiz",1,2004-09-17,991767662614,RH117,561,1981,E-000020
21,11,46,2a edicion,Donacion,Fisico,F-99449,99097.93,2019-07-29,Biblioteca Central,Castro-Londoño,2,2020-09-08,674157289205,JU996,359,1988,E-000021
22,12,54,2a edicion,Suscripcion,Fisico,F-41183,24796.32,2017-05-14,Coordinacion Academica,González-Tovar,1,2025-05-09,420094382680,FP452,219,2021,E-000022
23,12,59,5a edicion,Canje,Fisico,F-42640,116703.5,2024-12-22,Biblioteca Central,Ruiz PLC,2,2018-06-17,562597631793,PP361,743,2000,E-000023
24,13,26,5a edicion,Donacion,Fisico,F-43152,129064.49,2021-06-19,Sede Norte,Díaz Group,1,1985-04-13,807872656453,VJ694,202,1975,E-000024
25,13,9,6a edicion,Compra,Fisico,F-42767,137905.22,2023-03-15,Biblioteca Central,Velandia Group,2,2019-10-17,536729747321,KU236,303,2017,E-000025
26,14,1,6a edicion,Donacion,Fisico,F-24519,151945.17,2015-02-26,Coordinacion Academica,"Montoya, Díaz and Patiño",1,2007-10-10,474121517198,YH311,537,1982,E-000026
27,15,51,1a edicion,Canje,Fisico,F-63887,77489.57,2020-10-26,Sede Sur,Suárez LLC,1,2024-08-20,827753912065,KY306,730,2021,E-000027
28,16,13,6a edicion,Donacion,Fisico,F-74082,171608.6,2019-11-27,Biblioteca Central,"Ortega, Duque and Chaparro",1,2014-11-04,101082809647,GS543,554,1999,E-000028
29,17,48,4a edicion,Canje,Fisico,F-64185,33218.72,2018-03-22,Sede Norte,"Sánchez, Sánchez and Castañeda",1,2025-01-31,406160070070,ZF281,516,2025,E-000029
30,18,49,5a edicion,Compra,Fisico,F-69562,72394.09,2022-03-23,Sede Norte,León and Sons,1,2022-08-16,320973245905,KQ804,362,2005,E-000030
31,18,18,2a edicion,Suscripcion,Fisico,F-67426,164293.08,2015-03-12,Sede Norte,Arango-Angulo,2,2013-10-05,635347145030,YX493,304,2005,E-000031
32,18,42,2a edicion,Compra,Fisico,F-58605,101134.66,2022-09-26,Biblioteca Central,Torres-Ortiz,3,2021-06-07,669763033502,JL918,397,2010,E-000032
33,19,37,1a edicion,Donacion,Fisico,F-43043,148602.18,2023-07-01,Sede Norte,Suárez Ltd,1,1981-08-25,648156021620,LX641,83,1976,E-000033
34,19,21,6a edicion,Suscripcion,Fisico,F-54734,15240.99,2017-03-03,Sede Norte,Cardona-Salazar,2,1984-11-16,903624743265,MY413,818,1984,E-000034
35,19,17,6a edicion,Canje,Fisico,F-36144,118759.76,2022-07-06,Sede Sur,Rodríguez-Ballesteros,3,2025-05-20,517024530829,BN583,719,2023,E-000035
36,20,3,3a edicion,Canje,Fisico,F-41610,102860.19,2020-07-12,Sede Norte,Jaimes-Hernández,1,2004-07-26,119595510306,OY806,158,1990,E-000036
37,21,27,1a edicion,Donacion,Fisico,F-64048,103271.82,2023-04-14,Biblioteca Central,Rodríguez-Rueda,1,1993-05-17,847765038241,GV661,531,1983,E-000037
38,22,14,2a edicion,Canje,Fisico,F-14799,57315.33,2025-04-18,Coordinacion Academica,"Muñoz, Roa and Rodríguez",1,2022-02-08,805578992159,NZ702,540,1989,E-000038
39,22,22,2a edicion,Compra,Fisico,F-42809,145531.42,2021-01-08,Sede Norte,Valencia-Londoño,2,1992-03-11,619880753902,GZ805,363,1988,E-000039
40,22,43,6a edicion,Compra,Fisico,F-38358,146294.18,2024-12-14,Sede Sur,Garzón Group,3,2012-09-30,194919179031,ID615,676,2009,E-000040
41,23,1,4a edicion,Canje,Fisico,F-69291,106787.33,2016-11-03,Biblioteca Central,Vargas LLC,1,2017-03-24,206252769456,XP742,665,2011,E-000041
42,24,12,2a edicion,Donacion,Fisico,F-15925,135852.64,2017-03-13,Sede Norte,"Vega, Cantillo and Monroy",1,2000-08-20,242582798168,YV402,551,1992,E-000042
43,25,40,2a edicion,Compra,Fisico,F-36760,75496.0,2023-06-26,Sede Sur,Pacheco-Gamboa,1,2013-02-13,855204485277,PH542,237,2003,E-000043
44,26,25,1a edicion,Donacion,Fisico,F-14604,102949.89,2022-09-04,Coordinacion Academica,Ospino-Orozco,1,2006-04-02,190660422077,BD882,241,1985,E-000044
45,26,10,4a edicion,Compra,Fisico,F-40049,130448.44,2016-11-11,Sede Sur,Bedoya LLC,2,1991-04-14,674295955687,RL830,648,1988,E-000045
46,26,58,5a edicion,Canje,Fisico,F-30630,151747.96,2021-08-31,Sede Norte,Salgado-González,3,2023-12-15,593722030312,EX535,256,2018,E-000046
47,27,18,3a edicion,Canje,Fisico,F-38068,167825.16,2023-12-14,Biblioteca Central,Valencia Ltd,1,2025-08-16,543224603201,NE402,464,2025,E-000047
48,27,30,1a edicion,Compra,Fisico,F-26617,163637.11,2017-07-30,Biblioteca Central,Fernández PLC,2,2025-07-02,626391470311,GR504,745,2024,E-000048
49,28,4,5a edicion,Donacion,Fisico,F-40382,146825.58,2017-09-12,Biblioteca Central,Mendoza LLC,1,2022-10-04,699607075785,SR175,327,2022,E-000049
50,28,6,3a edicion,Compra,Fisico,F-44228,69792.52,2016-07-11,Sede Norte,"Muñoz, Contreras and Jiménez",2,2021-05-22,568340493547,AE602,290,2009,E-000050
51,29,45,6a edicion,Compra,Fisico,F-29375,118098.61,2015-10-20,Coordinacion Academica,Bohórquez Ltd,1,2025-04-23,798881029073,WX659,162,2025,E-000051
52,30,11,6a edicion,Canje,Fisico,F-13926,20462.51,2015-02-17,Biblioteca Central,Yepes-Morales,1,2015-09-04,833474346723,YO807,104,1995,E-000052
53,30,6,3a edicion,Donacion,Fisico,F-93498,111663.69,2015-12-05,Sede Norte,"Loaiza, Díaz and Correa",2,2021-03-04,210833234283,OL549,882,2021,E-000053
54,30,24,1a edicion,Compra,Fisico,F-29631,178086.48,2018-07-05,Coordinacion Academica,Ramírez-Domínguez,3,2023-07-11,227441036520,II913,596,2009,E-000054
55,31,17,2a edicion,Compra,Fisico,F-29391,114057.47,2021-06-18,Coordinacion Academica,"Cano, Rodríguez and González",1,2024-08-21,638104357035,NN634,866,2023,E-000055
56,31,12,3a edicion,Compra,Fisico,F-59734,92364.27,2020-09-08,Coordinacion Academica,Arévalo-Bautista,2,1992-07-05,127776896893,QB145,693,1979,E-000056
57,32,57,2a edicion,Suscripcion,Fisico,F-93449,71345.71,2019-01-20,Sede Sur,"Arias, Ospina and Barragán",1,2019-12-07,265485241208,QZ514,466,2017,E-000057
58,33,10,3a edicion,Donacion,Fisico,F-58439,124118.44,2019-02-08,Sede Sur,Angulo-Rincón,1,2008-07-11,288212245281,SK903,670,1990,E-000058
59,33,36,6a edicion,Compra,Fisico,F-71573,23751.06,2017-05-01,Sede Norte,"Martínez, García and López",2,2000-11-17,763186688140,RY976,708,1999,E-000059
60,34,51,1a edicion,Donacion,Fisico,F-18456,25017.44,2023-12-29,Biblioteca Central,Contreras PLC,1,2021-12-18,237130311126,CS986,481,2014,E-000060
61,34,8,5a edicion,Compra,Fisico,F-91995,135992.02,2025-10-15,Sede Norte,León-Chacón,2,2014-09-17,647495122511,YC354,608,1991,E-000061
62,35,34,6a edicion,Compra,Fisico,F-45101,54967.49,2022-07-19,Biblioteca Central,"Mejía, Castro and Cardona",1,2022-02-07,865111920640,XE509,713,2020,E-000062
63,36,34,5a edicion,Canje,Fisico,F-49005,41167.82,2017-09-21,Coordinacion Academica,"Valencia, Díaz and Córdoba",1,2021-12-16,889228069691,OQ233,457,2021,E-000063
64,36,55,5a edicion,Suscripcion,Fisico,F-23643,66081.53,2023-09-23,Sede Sur,"Mena, Núñez and Campo",2,2025-01-25,607159050988,MS994,121,2021,E-000064
65,36,41,4a edicion,Donacion,Fisico,F-58977,140013.57,2024-09-18,Biblioteca Central,Rodríguez-Salcedo,3,2012-01-30,543183025509,AA907,314,1999,E-000065
66,37,35,6a edicion,Donacion,Fisico,F-35122,173271.04,2025-03-22,Biblioteca Central,Ruiz and Sons,1,2013-04-01,193066204832,IH581,466,1998,E-000066
67,37,51,3a edicion,Canje,Fisico,F-85459,173395.33,2020-12-12,Biblioteca Central,"Gil, Valencia and Cruz",2,2012-06-11,348129009099,VG848,191,1994,E-000067
68,37,36,6a edicion,Donacion,Fisico,F-53457,134706.62,2016-07-03,Coordinacion Academica,"Velandia, Santos and Forero",3,2008-10-30,167418920189,SE789,784,1998,E-000068
69,38,41,1a edicion,Canje,Fisico,F-36822,166220.17,2017-05-05,Sede Sur,Perdomo and Sons,1,2023-10-23,381432939845,JF701,402,1993,E-000069
70,39,47,2a edicion,Donacion,Fisico,F-21804,30604.86,2021-09-23,Coordinacion Academica,Rodríguez PLC,1,1999-09-16,613361169039,BY838,886,1982,E-000070
71,39,4,5a edicion,Donacion,Fisico,F-87767,30084.08,2022-08-12,Sede Norte,Montoya Inc,2,2006-06-03,338338820823,KK237,494,1982,E-000071
72,39,15,1a edicion,Suscripcion,Fisico,F-20071,172774.75,2025-04-18,Coordinacion Academica,Navarro and Sons,3,2019-08-16,204751420559,JF572,592,2016,E-000072
73,39,47,5a edicion,Compra,Fisico,F-34225,49436.09,2015-04-19,Biblioteca Central,Arroyo-Moreno,4,2025-10-14,218481355612,GY442,877,2001,E-000073
74,40,54,5a edicion,Compra,Fisico,F-59452,70085.57,2022-02-21,Coordinacion Academica,Rodríguez-Monsalve,1,2012-11-13,899997303737,OD390,690,2010,E-000074
75,40,47,4a edicion,Compra,Fisico,F-99144,50260.79,2019-02-15,Sede Sur,Rodríguez-Salas,2,2025-01-29,181853250700,XG418,698,1982,E-000075
76,41,34,6a edicion,Canje,Fisico,F-80677,63220.18,2017-08-05,Coordinacion Academica,Martínez-Mendoza,1,2021-01-23,626261863996,GG451,107,1982,E-000076
77,42,13,2a edicion,Donacion,Fisico,F-89504,114324.16,2016-08-28,Biblioteca Central,Fernández-González,1,2025-04-14,594952642742,FQ381,423,2023,E-000077
78,42,5,1a edicion,Canje,Fisico,F-48528,36458.65,2021-01-04,Coordinacion Academica,"Vanegas, González and Tovar",2,2014-10-05,924378890640,DP143,455,1996,E-000078
79,43,16,4a edicion,Suscripcion,Fisico,F-67064,174437.5,2023-05-05,Biblioteca Central,"Calderón, Zambrano and Ruiz",1,2024-12-11,862439756486,GG198,199,2024,E-000079
80,43,28,1a edicion,Compra,Fisico,F-17259,100842.33,2017-04-12,Sede Sur,Vera LLC,2,2022-09-21,535469267066,PI722,170,2022,E-000080
81,44,25,2a edicion,Suscripcion,Fisico,F-51992,170151.02,2017-05-21,Biblioteca Central,"González, Cruz and Rodríguez",1,2023-02-25,293070748719,ZN886,303,2023,E-000081
82,44,23,1a edicion,Suscripcion,Fisico,F-82127,45261.64,2021-06-01,Biblioteca Central,Burgos-López,2,2006-04-11,789279484871,LJ967,576,1991,E-000082
83,44,40,2a edicion,Canje,Fisico,F-15287,34111.71,2018-05-30,Biblioteca Central,Mejía Ltd,3,2008-05-25,683229978818,JH558,878,2002,E-000083
84,45,31,6a edicion,Donacion,Fisico,F-16045,49973.52,2022-03-27,Sede Sur,"García, Franco and Giraldo",1,2004-08-25,897208243843,PA227,134,1994,E-000084
85,46,45,6a edicion,Compra,Fisico,F-16224,98720.91,2021-05-01,Biblioteca Central,Padilla-Burbano,1,2018-04-03,421277669253,BE392,667,1998,E-000085
86,47,17,5a edicion,Donacion,Fisico,F-88361,131516.67,2021-12-29,Coordinacion Academica,Díaz Inc,1,2016-08-25,786192444379,EQ686,464,1976,E-000086
87,48,54,5a edicion,Suscripcion,Fisico,F-78447,63765.34,2021-01-01,Sede Sur,Hernández Group,1,2020-04-29,523394781883,YB752,662,2017,E-000087
88,48,22,5a edicion,Compra,Fisico,F-12788,142429.42,2024-12-13,Sede Sur,Hurtado and Sons,2,1996-08-04,781050737334,XV911,279,1990,E-000088
89,48,13,1a edicion,Donacion,Fisico,F-48591,143787.14,2023-09-15,Coordinacion Academica,Arias-Guerrero,3,2025-12-12,720211368694,FN673,136,1986,E-000089
90,48,36,4a edicion,Donacion,Fisico,F-93917,34423.25,2023-07-26,Coordinacion Academica,Pérez PLC,4,2002-01-12,804505720364,EX552,258,2001,E-000090
91,49,47,2a edicion,Donacion,Fisico,F-97837,124319.65,2025-03-07,Sede Sur,"Díaz, Cuéllar and González",1,2019-03-13,369080515375,FA632,221,1994,E-000091
92,49,49,1a edicion,Canje,Fisico,F-55178,173403.39,2024-12-13,Biblioteca Central,Ramírez-Parra,2,2023-04-18,258834754179,LI811,659,2017,E-000092
93,49,22,1a edicion,Donacion,Fisico,F-87399,140912.37,2021-02-08,Sede Norte,"Ruiz, Páez and Quintero",3,2023-09-27,827714114063,PB372,175,2014,E-000093
94,50,25,3a edicion,Suscripcion,Fisico,F-19542,167371.13,2017-06-06,Biblioteca Central,"Bohórquez, Caro and Gómez",1,2024-09-12,630693864526,MY928,516,1999,E-000094
95,50,50,2a edicion,Canje,Fisico,F-54151,176778.23,2023-06-01,Biblioteca Central,"Camargo, Pérez and López",2,1994-01-27,951228333999,LH373,488,1981,E-000095
96,50,16,5a edicion,Canje,Fisico,F-45638,118296.81,2015-06-16,Biblioteca Central,Guerrero Inc,3,2012-05-05,624691439007,DP870,309,2009,E-000096
97,51,28,5a edicion,Suscripcion,Fisico,F-18205,179743.18,2016-04-23,Coordinacion Academica,Castrillón-Zuluaga,1,2022-10-06,321207563243,RO176,163,2017,E-000097
98,52,53,1a edicion,Compra,Fisico,F-59177,102089.04,2021-11-12,Sede Sur,Zuluaga Ltd,1,2021-07-06,422466593131,AJ744,701,2014,E-000098
99,52,4,4a edicion,Suscripcion,Fisico,F-92514,101098.27,2024-10-11,Coordinacion Academica,Correa-Pabón,2,2007-11-01,553729249540,EK742,227,1979,E-000099
100,52,15,6a edicion,Canje,Fisico,F-12204,162793.55,2019-12-10,Coordinacion Academica,"Montoya, Yepes and Camacho",3,2011-01-18,411809625091,DP500,246,1978,E-000100
101,53,47,4a edicion,Suscripcion,Fisico,F-27043,113391.48,2018-11-12,Biblioteca Central,Zambrano-Melo,1,2009-04-08,978559030207,GE194,843,2003,E-000101
102,54,53,4a edicion,Suscripcion,Fisico,F-31098,108294.53,2025-06-16,Biblioteca Central,Molina and Sons,1,2024-07-04,958001807657,HV369,103,2021,E-000102
103,54,44,5a edicion,Canje,Fisico,F-35594,47742.48,2020-02-03,Sede Norte,Villamizar Ltd,2,2023-07-03,447597658780,MJ466,812,2000,E-000103
104,54,23,4a edicion,Compra,Fisico,F-81393,167982.52,2020-03-16,Biblioteca Central,"López, Torres and Díaz",3,1994-02-02,284286901605,VJ794,184,1985,E-000104
105,54,1,4a edicion,Compra,Fisico,F-65299,54265.54,2020-10-03,Sede Sur,Blanco-Restrepo,4,1994-08-28,611669574094,SQ607,639,1980,E-000105
106,55,8,2a edicion,Donacion,Fisico,F-19743,162081.09,2021-02-11,Sede Sur,"Escobar, Loaiza and Ochoa",1,2013-11-13,389081785782,EK706,130,1997,E-000106
107,55,56,5a edicion,Canje,Fisico,F-28461,157580.27,2018-04-19,Biblioteca Central,Rivera-Sánchez,2,2021-12-12,572852346725,XB382,371,2021,E-000107
108,56,14,6a edicion,Canje,Fisico,F-62213,92615.67,2016-03-19,Sede Norte,"Espitia, Flórez and Martínez",1,2010-04-07,610693270141,GF858,889,1990,E-000108
109,56,33,2a edicion,Donacion,Fisico,F-11836,152603.05,2022-03-02,Biblioteca Central,Sánchez Inc,2,2020-12-19,640642672764,ZH940,683,2006,E-000109
110,56,7,6a edicion,Donacion,Fisico,F-78082,168546.61,2019-09-16,Sede Norte,Medina Inc,3,2013-02-03,699459407930,SP448,832,2009,E-000110
111,56,47,6a edicion,Suscripcion,Fisico,F-65839,157986.28,2017-08-06,Sede Norte,Zuluaga-Díaz,4,2023-08-05,228319204895,SM968,607,2006,E-000111
112,56,44,3a edicion,Suscripcion,Fisico,F-54364,52769.87,2023-06-01,Coordinacion Academica,Ángel-Cárdenas,5,2010-05-19,915870988459,IR123,584,1986,E-000112
113,57,47,6a edicion,Suscripcion,Fisico,F-99226,167972.39,2016-05-02,Coordinacion Academica,González-Castro,1,2024-03-19,870853520124,YQ162,492,2012,E-000113
114,57,58,4a edicion,Donacion,Fisico,F-57852,141148.45,2019-03-21,Sede Norte,Quintero-Galindo,2,2011-04-17,821916796990,IK960,255,2006,E-000114
115,57,41,3a edicion,Canje,Fisico,F-30868,29221.21,2019-05-31,Sede Sur,Fuentes-Cárdenas,3,1996-01-17,950467228211,DV443,632,1986,E-000115
116,58,26,5a edicion,Donacion,Fisico,F-19550,101268.18,2023-08-21,Sede Norte,Castellanos-Ortiz,1,2004-10-07,252774642145,ZL435,661,1981,E-000116
117,58,49,5a edicion,Compra,Fisico,F-87415,103152.82,2022-08-24,Sede Sur,Bedoya-Alfonso,2,2020-06-26,573456661269,ED738,703,2000,E-000117
118,58,51,5a edicion,Compra,Fisico,F-26629,162209.13,2015-06-04,Sede Sur,Bastidas Inc,3,2015-06-24,137788776264,DR719,788,2009,E-000118
119,58,43,5a edicion,Suscripcion,Fisico,F-88410,133263.92,2017-10-24,Sede Sur,"Jiménez, Arboleda and Suárez",4,2022-04-16,244518651546,NR405,700,2021,E-000119
120,58,33,5a edicion,Compra,Fisico,F-21011,61788.38,2020-01-25,Coordinacion Academica,Parada PLC,5,2023-05-08,993191835611,FM869,116,1996,E-000120
121,59,23,2a edicion,Donacion,Fisico,F-62645,88850.56,2020-05-10,Sede Norte,"Ramírez, Villa and Torres",1,2007-02-10,944129737464,AG772,271,2003,E-000121
122,59,18,4a edicion,Compra,Fisico,F-18320,133702.44,2022-06-11,Coordinacion Academica,"Sarmiento, Silva and Patiño",2,2016-07-20,772140470004,SQ644,584,1976,E-000122
123,59,10,5a edicion,Suscripcion,Fisico,F-75172,133559.06,2016-09-22,Sede Norte,"Gómez, Lozano and Montoya",3,2023-04-24,668310572006,WQ690,280,1999,E-000123
124,60,51,6a edicion,Canje,Fisico,F-78732,15108.01,2022-03-20,Sede Norte,Rivera Inc,1,2022-03-20,790125389887,VF911,323,2022,E-000124
125,60,45,3a edicion,Compra,Fisico,F-57232,139668.58,2019-05-18,Coordinacion Academica,"Acevedo, Beltrán and Benítez",2,2000-04-29,781730231509,YW439,782,1998,E-000125
126,61,44,1a edicion,Donacion,Fisico,F-81010,44024.69,2023-05-16,Sede Sur,Ríos PLC,1,1979-10-01,511683273707,NG374,337,1977,E-000126
127,61,26,4a edicion,Suscripcion,Fisico,F-28396,73248.29,2024-02-22,Sede Sur,Martínez-Tamayo,2,2009-06-27,800877196955,MJ352,729,1986,E-000127
128,62,48,5a edicion,Canje,Fisico,F-39123,157938.2,2017-03-07,Biblioteca Central,Galeano-Cardozo,1,2023-12-22,543842719541,PO268,346,2018,E-000128
129,62,12,5a edicion,Canje,Fisico,F-73347,44353.27,2025-08-06,Sede Sur,Hernández-Rico,2,2009-05-31,282059697439,AC689,255,1980,E-000129
130,62,56,6a edicion,Donacion,Fisico,F-79434,115309.7,2022-09-12,Sede Sur,Toro-Camacho,3,2009-12-10,345252170553,GX981,596,2000,E-000130
131,62,24,3a edicion,Compra,Fisico,F-74177,100624.27,2025-09-21,Coordinacion Academica,"Hurtado, Martínez and Tovar",4,2016-02-06,458881818958,EE116,704,1981,E-000131
132,62,50,6a edicion,Canje,Fisico,F-39387,16254.38,2018-06-09,Biblioteca Central,Pinto-Cabrera,5,2016-11-17,842504282739,ZH624,670,1995,E-000132
133,63,31,5a edicion,Suscripcion,Fisico,F-16145,47859.39,2024-05-05,Sede Sur,Serna-Jaimes,1,2022-12-30,360197609771,MS375,892,1982,E-000133
134,64,26,3a edicion,Compra,Fisico,F-48489,89856.66,2018-08-31,Sede Sur,Vargas LLC,1,2007-06-06,216832976801,CH321,826,1998,E-000134
135,65,53,4a edicion,Suscripcion,Fisico,F-78750,31067.35,2023-12-16,Coordinacion Academica,Hernández-Castillo,1,2018-10-23,148607520302,XX116,715,2014,E-000135
136,66,56,6a edicion,Compra,Fisico,F-21421,20806.71,2018-12-20,Sede Norte,"Barbosa, Sánchez and Marín",1,2015-04-09,522868018705,VI730,621,1984,E-000136
137,67,38,5a edicion,Suscripcion,Fisico,F-17882,114836.84,2024-05-12,Sede Norte,Rodríguez-González,1,2013-03-23,627240585155,JQ106,358,1982,E-000137
138,67,16,5a edicion,Canje,Fisico,F-31337,161880.57,2025-06-27,Sede Sur,Fuentes PLC,2,2003-10-28,991452273336,PH928,874,1998,E-000138
139,67,4,3a edicion,Suscripcion,Fisico,F-80636,87963.25,2018-05-08,Sede Norte,"Mendoza, Pinto and Ríos",3,2020-08-31,641759525635,TO823,425,2002,E-000139
140,67,48,6a edicion,Canje,Fisico,F-92860,71023.47,2021-08-06,Coordinacion Academica,García Ltd,4,2014-07-26,503574606543,KI915,404,2007,E-000140
141,68,12,5a edicion,Donacion,Fisico,F-90528,165230.31,2025-11-07,Biblioteca Central,Flórez LLC,1,2020-06-17,863698519629,DU538,420,2014,E-000141
142,68,60,1a edicion,Compra,Fisico,F-30439,147267.55,2019-03-06,Sede Norte,Osorio-Pérez,2,1988-03-18,811187877700,WW999,317,1976,E-000142
143,68,9,6a edicion,Compra,Fisico,F-51599,26425.03,2015-01-23,Sede Sur,Uribe-Torres,3,2000-03-18,629740964670,DC134,614,1979,E-000143
144,69,36,6a edicion,Donacion,Fisico,F-23155,61845.06,2018-03-10,Coordinacion Academica,"Agudelo, Carvajal and Morales",1,2019-10-10,745902202921,VP734,813,2015,E-000144
145,70,45,2a edicion,Suscripcion,Fisico,F-93535,145156.56,2023-01-25,Sede Sur,"Corredor, Salazar and Henao",1,2025-01-27,553733855373,YI253,844,2006,E-000145
146,70,24,5a edicion,Donacion,Fisico,F-47737,49509.88,2025-10-01,Biblioteca Central,"Ardila, Espitia and Bedoya",2,1986-08-22,338481613903,KN924,257,1975,E-000146
147,71,13,1a edicion,Donacion,Fisico,F-89505,38630.08,2024-06-07,Biblioteca Central,"Perea, Riascos and García",1,1992-12-30,437700015468,DW739,174,1981,E-000147
148,71,48,1a edicion,Compra,Fisico,F-42079,83535.72,2020-06-28,Sede Norte,Vargas-Zapata,2,2011-11-02,886855003959,SN666,554,1978,E-000148
149,71,35,2a edicion,Suscripcion,Fisico,F-77984,131517.5,2022-06-17,Coordinacion Academica,"Ortiz, Bolívar and Luna",3,1998-02-01,964048382995,PR285,438,1997,E-000149
150,72,48,3a edicion,Canje,Fisico,F-27782,77520.08,2024-09-03,Biblioteca Central,"Velasco, Rivera and Delgado",1,2006-09-05,256016552091,VM733,172,1995,E-000150
151,72,50,6a edicion,Suscripcion,Fisico,F-96203,106376.96,2023-03-08,Biblioteca Central,Agudelo PLC,2,2025-04-26,157520330473,ZU662,266,2007,E-000151
152,73,31,2a edicion,Compra,Fisico,F-38189,47723.0,2023-10-30,Sede Norte,Escobar Inc,1,2010-12-14,722451549783,YH771,676,1982,E-000152
153,73,60,1a edicion,Canje,Fisico,F-32615,40606.62,2025-09-17,Sede Norte,Murillo-Blanco,2,2023-08-02,554154113551,TN275,183,1986,E-000153
154,73,52,3a edicion,Compra,Fisico,F-49740,53984.89,2021-03-05,Sede Norte,Pinzón-Gómez,3,2023-05-25,457197671774,UZ768,452,2021,E-000154
155,74,37,5a edicion,Donacion,Fisico,F-82868,170049.86,2017-12-28,Coordinacion Academica,Melo-Córdoba,1,2025-05-29,637395570384,QB842,740,1990,E-000155
156,74,48,4a edicion,Donacion,Fisico,F-61522,62824.06,2025-07-25,Biblioteca Central,Guerra-Méndez,2,2020-07-13,467524834255,YN367,339,2004,E-000156
157,74,40,6a edicion,Compra,Fisico,F-68566,114595.22,2024-07-05,Coordinacion Academica,"Gamboa, Rojas and Díaz",3,2022-03-04,301875008130,UK684,258,2011,E-000157
158,75,22,2a edicion,Suscripcion,Fisico,F-75234,133596.16,2017-05-27,Coordinacion Academica,Jiménez Group,1,1987-06-28,459993422389,ZA241,673,1985,E-000158
159,75,16,2a edicion,Donacion,Fisico,F-98502,139203.58,2016-02-08,Sede Norte,"Cruz, Naranjo and Mosquera",2,2021-08-22,502838871014,VL506,826,2010,E-000159
160,76,12,1a edicion,Compra,Fisico,F-82641,95676.0,2024-02-04,Coordinacion Academica,Quiroz-Vargas,1,1994-11-27,651983286976,OZ618,662,1978,E-000160
161,76,44,2a edicion,Canje,Fisico,F-77414,73965.1,2017-08-27,Coordinacion Academica,Valencia Ltd,2,2018-09-02,168394358787,UI917,848,2003,E-000161
162,76,13,1a edicion,Canje,Fisico,F-40970,167219.87,2022-03-28,Biblioteca Central,Rojas PLC,3,2025-01-21,730564217921,UK975,893,2025,E-000162
163,77,5,3a edicion,Donacion,Fisico,F-84778,163259.06,2024-09-23,Biblioteca Central,"Castillo, Romero and Ayala",1,2002-08-24,954796591430,PC252,738,1982,E-000163
164,77,50,6a edicion,Canje,Fisico,F-13149,30258.38,2017-03-25,Coordinacion Academica,Romero-Montoya,2,2014-10-03,818450035430,ZH988,832,2011,E-000164
165,78,59,1a edicion,Suscripcion,Fisico,F-20832,49718.82,2021-08-27,Coordinacion Academica,Salcedo-López,1,1995-08-13,766119058850,XC217,228,1978,E-000165
166,78,41,2a edicion,Donacion,Fisico,F-37164,40971.75,2024-09-20,Coordinacion Academica,"Parra, Trujillo and Henao",2,2002-03-04,612862523769,YM870,756,2000,E-000166
167,79,50,6a edicion,Compra,Fisico,F-24773,78126.04,2016-03-04,Sede Norte,Ortiz Ltd,1,2009-03-06,301491026034,PL142,203,1982,E-000167
168,80,9,6a edicion,Canje,Fisico,F-79357,140392.08,2025-06-16,Sede Norte,Cifuentes-Triana,1,2017-01-21,923014406546,YF847,299,1977,E-000168
169,80,37,2a edicion,Suscripcion,Fisico,F-54212,49386.31,2015-02-24,Sede Norte,Ruiz Inc,2,2003-05-06,814920255512,GS997,761,1977,E-000169
170,81,7,2a edicion,Canje,Fisico,F-23167,29866.58,2015-04-04,Coordinacion Academica,Gamboa-Bermúdez,1,2025-06-17,678211468554,RJ243,425,2024,E-000170
171,81,9,2a edicion,Canje,Fisico,F-26883,17823.96,2024-03-25,Sede Norte,"Montoya, Castillo and Vélez",2,2004-04-21,486408227554,GC838,469,1975,E-000171
172,81,52,6a edicion,Compra,Fisico,F-97418,108863.56,2018-11-15,Sede Norte,Amaya Ltd,3,2025-02-03,863555931057,MI697,588,2025,E-000172
173,82,15,4a edicion,Compra,Fisico,F-46105,46474.81,2025-06-27,Sede Sur,Becerra PLC,1,2024-04-09,458843207517,LM652,455,2024,E-000173
174,82,49,2a edicion,Donacion,Fisico,F-43994,170349.59,2024-12-16,Sede Norte,Cáceres Inc,2,2012-10-07,254728969459,XZ593,135,1999,E-000174
175,82,24,5a edicion,Donacion,Fisico,F-40252,106992.19,2018-02-12,Biblioteca Central,Ávila-Manrique,3,2007-07-11,757844471997,KH734,142,2002,E-000175
176,83,28,4a edicion,Compra,Fisico,F-39910,36447.95,2024-08-23,Sede Sur,Luna-Vargas,1,2021-06-24,815245401473,EV209,430,2021,E-000176
177,83,56,2a edicion,Compra,Fisico,F-47415,20343.19,2015-08-29,Biblioteca Central,Rodríguez-Torres,2,2006-09-17,774382279223,WH471,495,1995,E-000177
178,84,29,3a edicion,Suscripcion,Fisico,F-91645,25705.59,2019-12-19,Sede Sur,Pulido Group,1,2025-05-08,410835243437,UZ535,256,2011,E-000178
179,84,31,1a edicion,Donacion,Fisico,F-70521,86640.5,2016-03-28,Biblioteca Central,Sánchez LLC,2,2001-04-09,166807964615,HA887,201,1990,E-000179
180,84,8,1a edicion,Donacion,Fisico,F-64076,106384.15,2016-02-16,Coordinacion Academica,"Ramos, Mendoza and Velásquez",3,2025-09-21,402359849362,SG881,172,2025,E-000180
181,84,28,5a edicion,Compra,Fisico,F-11720,100280.57,2024-02-10,Sede Sur,Díaz-Delgado,4,2009-08-19,217887236764,MU251,686,2006,E-000181
182,84,22,6a edicion,Compra,Fisico,F-21067,47255.15,2015-06-23,Coordinacion Academica,"Campo, Gonzáles and Cano",5,1985-09-14,213614611538,WZ352,135,1976,E-000182
183,85,6,1a edicion,Canje,Fisico,F-79559,172391.44,2020-07-08,Sede Sur,Arenas-Ortiz,1,2003-11-25,981325118161,LL510,259,1989,E-000183
184,85,13,1a edicion,Compra,Fisico,F-67028,44984.77,2020-12-17,Sede Sur,Ruiz LLC,2,2013-08-01,570070511819,CW820,519,1982,E-000184
185,86,14,1a edicion,Compra,Fisico,F-36078,179960.19,2024-01-05,Sede Norte,Ruiz Ltd,1,2006-09-01,544988516398,HZ260,530,2006,E-000185
186,86,57,4a edicion,Suscripcion,Fisico,F-20345,73283.57,2015-09-20,Sede Norte,"Escobar, López and Alarcón",2,2010-08-16,253891654806,QW816,566,1991,E-000186
187,87,26,4a edicion,Suscripcion,Fisico,F-50711,174238.36,2022-01-11,Biblioteca Central,Lozano-López,1,2001-11-12,176257556878,TH914,199,1978,E-000187
188,88,43,4a edicion,Compra,Fisico,F-14895,18241.9,2022-05-07,Sede Sur,"Romero, Narváez and Rendón",1,2022-11-22,360213018576,HO656,866,2012,E-000188
189,89,37,1a edicion,Canje,Fisico,F-97518,179585.03,2015-09-27,Sede Sur,Córdoba-Martínez,1,2003-03-08,292347781162,TO143,341,1979,E-000189
190,89,3,5a edicion,Canje,Fisico,F-88372,150582.42,2025-06-03,Coordinacion Academica,Vega-Martínez,2,2025-04-04,769084289836,FA641,584,2014,E-000190
191,89,42,1a edicion,Donacion,Fisico,F-87374,87437.86,2016-05-07,Coordinacion Academica,"Cardona, Bernal and Triana",3,2017-07-05,763066591356,PW669,847,2015,E-000191
192,89,27,4a edicion,Compra,Fisico,F-38348,95017.65,2025-09-06,Biblioteca Central,Martínez LLC,4,1997-07-31,626069161122,CX684,352,1993,E-000192
193,90,21,4a edicion,Donacion,Fisico,F-77552,125505.7,2021-09-03,Sede Sur,Jaramillo-Erazo,1,2020-03-10,725273639470,XA216,705,1986,E-000193
194,91,46,3a edicion,Donacion,Fisico,F-96549,38028.49,2017-05-27,Coordinacion Academica,"Carvajal, Osorio and Cabrera",1,1981-01-04,662859676627,EM571,633,1975,E-000194
195,91,6,4a edicion,Compra,Fisico,F-96606,124784.07,2015-04-23,Sede Sur,Durán LLC,2,1989-09-28,701022745717,RW918,165,1985,E-000195
196,92,49,5a edicion,Suscripcion,Fisico,F-24674,28777.63,2019-12-26,Biblioteca Central,"Suárez, Moreno and Vera",1,2025-11-14,652064366610,QN740,681,2018,E-000196
197,93,2,1a edicion,Suscripcion,Fisico,F-49860,103292.15,2016-10-20,Biblioteca Central,Castañeda Ltd,1,2022-09-13,672759877171,SK625,835,2017,E-000197
198,93,29,5a edicion,Canje,Fisico,F-11511,103951.46,2015-09-10,Biblioteca Central,Domínguez Inc,2,2014-08-14,693820033785,WY147,508,1989,E-000198
199,93,31,6a edicion,Compra,Fisico,F-34761,77741.23,2015-12-15,Sede Sur,Fernández-Guevara,3,2012-03-08,544940059275,CT193,862,2005,E-000199
200,93,6,2a edicion,Suscripcion,Fisico,F-87388,59618.66,2016-11-08,Coordinacion Academica,Contreras Ltd,4,2023-06-29,265376370161,FX574,823,2016,E-000200
201,93,38,6a edicion,Suscripcion,Fisico,F-93281,23254.19,2015-06-26,Sede Sur,Vargas PLC,5,2025-03-14,882669043920,YY220,344,2023,E-000201
202,94,8,3a edicion,Suscripcion,Fisico,F-74796,163431.85,2022-03-15,Sede Norte,Perea Inc,1,2017-12-29,633336279700,UP390,770,1980,E-000202
203,94,36,2a edicion,Canje,Fisico,F-59464,73417.03,2023-09-26,Coordinacion Academica,"González, López and Monroy",2,2025-03-15,978668849341,SW979,754,2019,E-000203
204,94,26,2a edicion,Canje,Fisico,F-15920,160986.63,2025-05-21,Coordinacion Academica,"Giraldo, Parra and Benavides",3,2024-03-11,803094783668,EK389,704,2017,E-000204
205,94,35,2a edicion,Canje,Fisico,F-66270,19227.47,2020-01-30,Sede Sur,López LLC,4,2016-03-19,169370977729,FW554,91,1999,E-000205
206,95,25,2a edicion,Donacion,Fisico,F-86021,140408.12,2024-04-04,Coordinacion Academica,Cuéllar-Sierra,1,2000-08-01,693887535861,FI659,208,1996,E-000206
207,96,18,5a edicion,Suscripcion,Fisico,F-75773,52612.09,2015-06-18,Coordinacion Academica,Ramírez-Romero,1,2015-12-24,534902081598,UU591,234,2011,E-000207
208,97,29,5a edicion,Compra,Fisico,F-12890,117834.45,2015-09-17,Biblioteca Central,Herrera Inc,1,2025-12-15,178597470665,QI319,195,2023,E-000208
209,97,23,6a edicion,Donacion,Fisico,F-63396,32813.48,2017-05-23,Coordinacion Academica,Cuéllar Inc,2,2017-07-26,549767748810,RB100,429,2012,E-000209
210,97,3,3a edicion,Canje,Fisico,F-76983,30575.27,2018-09-23,Biblioteca Central,"Arias, Pérez and Corredor",3,1997-02-25,284297088582,QA468,365,1986,E-000210
211,97,32,2a edicion,Canje,Fisico,F-90777,31064.64,2018-07-26,Biblioteca Central,Valencia LLC,4,2024-09-10,314203083948,AZ813,376,2023,E-000211
212,97,51,5a edicion,Suscripcion,Fisico,F-18281,92557.63,2023-04-21,Coordinacion Academica,"Londoño, Andrade and Arteaga",5,1993-04-07,924338905639,GU166,870,1992,E-000212
213,98,39,5a edicion,Compra,Fisico,F-80915,172810.31,2023-03-07,Biblioteca Central,"Zapata, Lozano and Obando",1,2021-11-25,541807388998,DV572,644,2019,E-000213
214,98,18,1a edicion,Suscripcion,Fisico,F-64224,100300.31,2016-03-04,Sede Norte,Carvajal PLC,2,1988-05-06,460088918348,FO737,269,1984,E-000214
215,99,17,5a edicion,Suscripcion,Fisico,F-96922,103836.62,2024-01-10,Sede Norte,"Sanabria, Fuentes and Palacios",1,2019-03-23,536290378242,OA813,713,2015,E-000215
216,99,20,5a edicion,Suscripcion,Fisico,F-50940,128633.71,2024-09-20,Biblioteca Central,"Gómez, Montoya and Bustos",2,2019-11-17,475068011884,DZ702,347,2010,E-000216
217,99,4,1a edicion,Compra,Fisico,F-27664,134192.96,2022-08-15,Sede Norte,Betancur-González,3,2024-08-07,957651078450,VF589,449,1995,E-000217
218,99,60,4a edicion,Compra,Fisico,F-24862,26613.3,2015-11-18,Coordinacion Academica,"Delgado, Galeano and Zapata",4,2021-04-07,901796374937,TE163,312,1990,E-000218
219,100,50,5a edicion,Suscripcion,Fisico,F-65213,66874.02,2019-08-10,Sede Norte,"Villegas, Cuesta and Oviedo",1,2025-11-19,663070248201,RM693,346,2009,E-000219
220,100,39,1a edicion,Suscripcion,Fisico,F-11006,23110.03,2021-08-30,Sede Sur,Barbosa-Camacho,2,2011-09-15,249494899012,CK405,623,1995,E-000220
221,100,12,1a edicion,Canje,Fisico,F-59157,127597.39,2018-01-27,Coordinacion Academica,Morales and Sons,3,2017-08-11,647313437796,PG520,131,2012,E-000221
222,101,11,1a edicion,Canje,Fisico,F-65520,157754.43,2020-06-30,Coordinacion Academica,Gómez-Martínez,1,2013-10-04,689870450841,PZ129,664,2002,E-000222
223,102,15,2a edicion,Compra,Fisico,F-27151,55015.24,2023-10-10,Sede Sur,"Toro, Villa and López",1,2008-04-22,977281810239,QC514,470,1994,E-000223
224,102,55,6a edicion,Donacion,Fisico,F-54106,130598.74,2015-08-10,Biblioteca Central,"Hoyos, Barreto and Londoño",2,2025-03-08,793192647902,WR442,698,2025,E-000224
225,103,1,6a edicion,Suscripcion,Fisico,F-34476,34538.36,2016-09-15,Sede Sur,"Medina, Vásquez and Ramírez",1,1991-05-30,979446250524,KE562,518,1989,E-000225
226,103,43,4a edicion,Canje,Fisico,F-27607,141028.47,2021-11-16,Biblioteca Central,Cabrera-Jiménez,2,2020-07-25,131740424711,UN206,160,2005,E-000226
227,104,6,3a edicion,Canje,Fisico,F-77773,120503.95,2015-09-03,Biblioteca Central,Mejía-García,1,2021-02-13,692617134453,AP115,190,2020,E-000227
228,105,31,6a edicion,Suscripcion,Fisico,F-26757,47320.83,2015-11-21,Sede Norte,Ruiz Group,1,2016-11-18,755316831068,TM466,534,2008,E-000228
229,105,60,3a edicion,Suscripcion,Fisico,F-63549,145767.17,2024-07-24,Sede Norte,Zapata-Serna,2,2025-01-07,991800970838,JY535,157,2025,E-000229
230,106,11,1a edicion,Donacion,Fisico,F-42929,52753.25,2023-07-09,Coordinacion Academica,"Bermúdez, Silva and Gómez",1,2023-04-01,350577627624,CJ540,434,1982,E-000230
231,107,56,5a edicion,Compra,Fisico,F-82627,72808.48,2024-03-08,Sede Norte,"Cano, Jaramillo and Pérez",1,2023-03-02,291186415169,KX417,210,2021,E-000231
232,107,36,6a edicion,Donacion,Fisico,F-52506,159977.24,2019-01-22,Sede Sur,Lozano Inc,2,2012-02-18,134562242114,JM792,519,1982,E-000232
233,107,42,3a edicion,Canje,Fisico,F-71239,70858.97,2016-08-19,Sede Norte,Romero PLC,3,2004-09-14,220588524547,BV243,278,1991,E-000233
234,108,19,5a edicion,Suscripcion,Fisico,F-91368,136017.57,2015-12-14,Coordinacion Academica,Daza-Silva,1,2025-01-06,537114084529,FQ882,291,2020,E-000234
235,109,42,6a edicion,Donacion,Fisico,F-32245,20066.34,2024-09-23,Coordinacion Academica,Duarte-Gómez,1,2021-12-08,287626002813,GD939,154,1993,E-000235
236,110,42,5a edicion,Compra,Fisico,F-89526,144366.3,2025-10-16,Sede Norte,Quiroga-Galindo,1,1997-07-26,146500329163,WK361,416,1997,E-000236
237,110,3,4a edicion,Donacion,Fisico,F-81476,98001.82,2016-08-16,Sede Sur,Forero Group,2,2022-03-07,461762678380,GS968,315,2020,E-000237
238,110,3,6a edicion,Compra,Fisico,F-19060,133000.64,2019-06-12,Coordinacion Academica,"Ávila, Gómez and Flórez",3,1994-07-13,656087328564,WD393,606,1994,E-000238
239,110,23,2a edicion,Canje,Fisico,F-43343,166270.31,2025-09-18,Sede Sur,Rodríguez-Moreno,4,2017-02-15,388886598897,KF537,134,1979,E-000239
240,111,35,3a edicion,Compra,Fisico,F-89005,117224.28,2020-01-19,Biblioteca Central,Niño-Arias,1,2024-10-03,804441507436,MB802,746,1988,E-000240
241,111,16,6a edicion,Compra,Fisico,F-80337,90321.4,2020-08-19,Sede Sur,Hernández and Sons,2,2024-10-18,692164894200,TV852,475,2023,E-000241
242,111,38,5a edicion,Donacion,Fisico,F-88492,25051.94,2018-07-12,Coordinacion Academica,Nieto-Salazar,3,2023-07-19,871284966409,SW236,570,2014,E-000242
243,112,17,4a edicion,Donacion,Fisico,F-21736,157204.9,2021-09-16,Coordinacion Academica,"Álvarez, Ballesteros and Arango",1,2009-03-03,377929363537,IN279,354,2003,E-000243
244,113,36,6a edicion,Donacion,Fisico,F-68920,41851.12,2017-08-22,Sede Norte,"Rodríguez, Bravo and Rivera",1,2025-04-21,970022991803,GY205,234,1988,E-000244
245,114,36,4a edicion,Compra,Fisico,F-30593,170710.74,2021-05-09,Sede Norte,Muñoz-Rodríguez,1,2023-05-25,293202255204,WM629,607,2016,E-000245
246,114,11,2a edicion,Compra,Fisico,F-25331,17458.97,2017-07-31,Sede Norte,Vélez Group,2,1997-01-10,103818069861,EV116,144,1978,E-000246
247,114,25,4a edicion,Suscripcion,Fisico,F-25022,22476.09,2015-05-03,Coordinacion Academica,"Torres, Henao and González",3,2024-11-08,523977120901,ZP224,91,2019,E-000247
248,114,53,3a edicion,Donacion,Fisico,F-60294,146481.83,2018-03-28,Biblioteca Central,Díaz LLC,4,2011-11-16,898508590850,FX340,646,2010,E-000248
249,114,42,2a edicion,Compra,Fisico,F-76890,139594.33,2023-10-26,Coordinacion Academica,Pedraza-Forero,5,2007-04-29,560748473227,WM901,849,1993,E-000249
250,115,9,2a edicion,Canje,Fisico,F-63564,157948.5,2021-08-08,Sede Sur,Montoya-Gutiérrez,1,2024-05-22,846603002071,SI909,180,2010,E-000250
251,115,13,6a edicion,Compra,Fisico,F-62989,166139.88,2015-01-15,Sede Sur,Ochoa Group,2,1977-04-30,996863773845,GC385,417,1977,E-000251
252,115,25,4a edicion,Compra,Fisico,F-12561,163985.0,2015-07-08,Coordinacion Academica,"Sanabria, Ramírez and Delgado",3,2025-04-19,838291507022,BP499,512,2022,E-000252
253,116,58,6a edicion,Suscripcion,Fisico,F-49202,158138.12,2022-12-13,Biblioteca Central,González-Torres,1,1980-03-03,348861555518,MF388,81,1979,E-000253
254,117,7,4a edicion,Canje,Fisico,F-71529,21923.01,2021-11-24,Biblioteca Central,Castellanos Inc,1,2016-04-07,947686031154,HN675,858,2009,E-000254
255,117,27,5a edicion,Donacion,Fisico,F-82608,38236.41,2020-12-28,Coordinacion Academica,"Arias, Daza and Marín",2,2006-04-14,525885974705,YB721,550,1987,E-000255
256,117,34,2a edicion,Suscripcion,Fisico,F-82800,100806.44,2022-02-15,Biblioteca Central,"Saavedra, Castañeda and Díaz",3,2025-01-08,681849864329,GX798,756,2025,E-000256
257,118,5,3a edicion,Compra,Fisico,F-87510,85744.46,2019-01-26,Coordinacion Academica,Gómez-Rodríguez,1,2025-11-11,185228871277,EK683,545,2025,E-000257
258,118,45,5a edicion,Donacion,Fisico,F-12919,170639.22,2016-06-27,Coordinacion Academica,Caballero-Romero,2,2000-01-18,872583783201,GU882,447,1999,E-000258
259,119,37,5a edicion,Donacion,Fisico,F-11925,64949.74,2015-11-19,Biblioteca Central,Giraldo and Sons,1,2020-11-08,506182099513,JQ242,154,2015,E-000259
260,119,24,3a edicion,Canje,Fisico,F-70367,95298.55,2018-04-06,Biblioteca Central,Torres Ltd,2,2025-08-25,923220522870,GK241,579,2025,E-000260
261,120,51,1a edicion,Compra,Fisico,F-98208,146543.72,2022-03-26,Sede Norte,"Camargo, Rodríguez and Mendoza",1,2017-02-23,199988259788,HT723,809,2013,E-000261
262,121,18,2a edicion,Donacion,Fisico,F-89057,170599.15,2018-10-01,Biblioteca Central,"Gutiérrez, Pérez and Vásquez",1,2002-07-19,157764213891,KB930,804,1983,E-000262
263,121,47,3a edicion,Canje,Fisico,F-23793,150845.74,2018-11-20,Sede Sur,Duque Group,2,2023-05-05,634177316439,QR953,126,1991,E-000263
264,122,9,1a edicion,Donacion,Fisico,F-58125,96995.92,2015-01-01,Biblioteca Central,Beltrán and Sons,1,2025-06-01,907187980028,XK150,144,2024,E-000264
265,123,58,3a edicion,Suscripcion,Fisico,F-16925,90794.1,2017-05-15,Sede Norte,Gómez-Galeano,1,2020-08-02,619109146599,VH281,595,1989,E-000265
266,123,40,3a edicion,Canje,Fisico,F-17656,29678.3,2020-10-31,Sede Norte,Flórez PLC,2,2010-02-13,856605380611,BM368,814,1985,E-000266
267,124,27,1a edicion,Suscripcion,Fisico,F-58908,16030.75,2015-09-27,Biblioteca Central,"González, Torres and Méndez",1,1992-03-22,485629227218,SR675,736,1980,E-000267
268,124,6,1a edicion,Canje,Fisico,F-90008,44370.04,2020-03-14,Biblioteca Central,Rodríguez Group,2,2019-08-30,997566796191,SU772,168,2019,E-000268
269,125,48,1a edicion,Canje,Fisico,F-67748,23784.62,2021-05-21,Sede Norte,Gutiérrez-Garzón,1,2005-08-17,148101956832,OX133,553,2002,E-000269
270,126,44,1a edicion,Compra,Fisico,F-43610,164498.41,2024-04-22,Biblioteca Central,Carrillo PLC,1,2016-01-31,657818569423,IL687,884,2002,E-000270
271,127,45,3a edicion,Donacion,Fisico,F-28461,146579.05,2020-11-07,Coordinacion Academica,"Cárdenas, Villegas and Sánchez",1,2023-09-02,750314760925,RL668,666,2020,E-000271
272,128,9,5a edicion,Canje,Fisico,F-71894,141388.53,2019-08-21,Biblioteca Central,Sánchez Ltd,1,2016-06-17,787020117504,XF912,818,2001,E-000272
273,129,13,3a edicion,Compra,Fisico,F-19269,20861.08,2018-09-23,Biblioteca Central,Anaya-Nieto,1,2005-04-08,487207317974,LX893,654,1984,E-000273
274,129,26,2a edicion,Donacion,Fisico,F-71377,162246.31,2017-05-23,Sede Sur,Mejía LLC,2,2023-11-07,381053427373,EB636,862,2017,E-000274
275,130,56,2a edicion,Suscripcion,Fisico,F-17926,81929.21,2018-01-23,Coordinacion Academica,Peña-Cuéllar,1,2005-02-18,916210936889,HM539,538,1990,E-000275
276,130,36,2a edicion,Canje,Fisico,F-81033,98057.67,2021-02-19,Sede Sur,Villa LLC,2,2013-05-22,297429652237,GM425,899,1987,E-000276
277,130,59,6a edicion,Canje,Fisico,F-28074,104131.7,2018-09-17,Sede Sur,Loaiza-Cruz,3,2006-03-01,589854218430,OO935,534,1989,E-000277
278,130,4,4a edicion,Canje,Fisico,F-91248,70367.98,2015-11-24,Sede Sur,Restrepo-Quintero,4,2023-08-11,537918820874,VM263,290,1992,E-000278
279,131,1,5a edicion,Compra,Fisico,F-53687,163881.7,2018-08-22,Biblioteca Central,Vanegas and Sons,1,2025-08-16,641348437630,HG744,796,2021,E-000279
280,131,43,5a edicion,Compra,Fisico,F-23071,171921.93,2016-02-15,Coordinacion Academica,"Ramírez, Ramírez and Arboleda",2,1995-03-28,657396170638,VZ497,177,1994,E-000280
281,132,10,3a edicion,Canje,Fisico,F-68351,127526.23,2015-08-10,Sede Norte,"Morales, Restrepo and Prieto",1,2018-03-20,796507072892,ZN124,495,2018,E-000281
282,132,59,2a edicion,Canje,Fisico,F-20899,127627.01,2015-01-03,Biblioteca Central,Franco-Rojas,2,2024-02-28,248893035985,EP286,528,2020,E-000282
283,133,23,1a edicion,Compra,Fisico,F-64746,140325.18,2022-11-05,Biblioteca Central,Ríos Group,1,2025-10-17,448231395309,JY213,425,2025,E-000283
284,133,60,2a edicion,Canje,Fisico,F-99965,128254.95,2017-11-29,Coordinacion Academica,"Peña, Ramírez and Quintero",2,2020-04-09,472019910472,FV132,528,1988,E-000284
285,133,54,4a edicion,Compra,Fisico,F-35069,154346.59,2020-03-14,Biblioteca Central,Cuesta-Mejía,3,1994-12-20,490544598852,OA825,840,1993,E-000285
286,133,42,1a edicion,Donacion,Fisico,F-18619,22943.84,2019-05-28,Sede Sur,"Rojas, Ospina and Pérez",4,2020-03-18,847141312208,XV736,301,2012,E-000286
287,134,14,6a edicion,Compra,Fisico,F-46363,72454.62,2025-07-07,Biblioteca Central,"Solano, Bedoya and Córdoba",1,2024-01-13,335700447419,ZG538,126,2024,E-000287
288,134,45,3a edicion,Compra,Fisico,F-81140,64482.16,2021-11-17,Biblioteca Central,Peña Group,2,2020-09-19,344621630833,HX769,424,2007,E-000288
289,134,35,3a edicion,Canje,Fisico,F-58994,128194.07,2018-10-26,Sede Norte,Castellanos Group,3,2017-11-28,495333291028,KT497,152,2014,E-000289
290,134,27,4a edicion,Compra,Fisico,F-12519,80634.27,2019-10-22,Biblioteca Central,"Contreras, Méndez and Gómez",4,1982-04-28,697316940589,DZ496,814,1977,E-000290
291,134,17,1a edicion,Donacion,Fisico,F-75661,59064.22,2022-08-18,Sede Norte,García Inc,5,2024-06-02,340330979533,BK778,278,2003,E-000291
292,135,38,6a edicion,Canje,Fisico,F-12688,15458.55,2020-07-03,Coordinacion Academica,Álvarez LLC,1,2006-10-05,934842759090,GX968,240,1993,E-000292
293,135,1,2a edicion,Donacion,Fisico,F-55605,151692.97,2015-10-26,Coordinacion Academica,Bustos LLC,2,2010-09-19,445227250504,CL361,213,1996,E-000293
294,136,7,4a edicion,Canje,Fisico,F-86298,25089.47,2017-02-04,Sede Norte,"Chávez, Orozco and Salcedo",1,1998-10-28,968523283520,PK326,395,1986,E-000294
295,136,5,1a edicion,Compra,Fisico,F-15221,121119.92,2025-01-03,Coordinacion Academica,"Díaz, Suárez and Arenas",2,2000-04-09,846632520238,FE147,444,1996,E-000295
296,136,41,5a edicion,Suscripcion,Fisico,F-43197,55090.99,2016-09-12,Biblioteca Central,Guerrero PLC,3,1990-04-03,521286411052,TN502,534,1990,E-000296
297,136,9,5a edicion,Compra,Fisico,F-98911,70194.44,2025-12-08,Coordinacion Academica,Londoño Ltd,4,2024-08-23,930363563650,PW997,656,1989,E-000297
298,137,21,5a edicion,Donacion,Fisico,F-32412,112914.15,2021-08-28,Coordinacion Academica,Barrios-Rentería,1,2019-02-13,281727302762,DV504,127,2009,E-000298
299,137,27,6a edicion,Donacion,Fisico,F-28542,90499.57,2018-12-19,Sede Norte,Chávez Inc,2,1999-10-12,379506755059,YB573,554,1989,E-000299
300,138,9,1a edicion,Suscripcion,Fisico,F-21905,147190.26,2024-06-10,Sede Norte,Rangel Group,1,2025-09-06,882653206253,MP869,643,2019,E-000300
301,138,13,4a edicion,Donacion,Fisico,F-94808,146218.18,2023-02-19,Sede Norte,Castañeda PLC,2,1991-03-26,486837075022,WL637,884,1975,E-000301
302,138,37,4a edicion,Compra,Fisico,F-57977,108314.66,2019-11-12,Biblioteca Central,Orozco-Díaz,3,2005-06-05,223578245986,AP615,527,1982,E-000302
303,138,24,3a edicion,Compra,Fisico,F-87141,160319.55,2021-05-19,Coordinacion Academica,"Ospina, Rivas and Ojeda",4,2012-01-09,282409173098,LC820,787,1988,E-000303
304,139,3,6a edicion,Compra,Fisico,F-40976,93993.78,2023-08-02,Sede Norte,Hernández LLC,1,2021-08-04,701583908991,VM484,703,2010,E-000304
305,140,31,2a edicion,Canje,Fisico,F-50762,157928.39,2022-05-16,Biblioteca Central,González Ltd,1,2020-01-19,666916050485,GU241,252,2007,E-000305
306,140,31,2a edicion,Compra,Fisico,F-33282,105947.97,2021-11-24,Sede Sur,Jiménez-Alzate,2,2025-03-25,239743867356,ZC740,314,2021,E-000306
307,140,10,1a edicion,Canje,Fisico,F-46362,60992.86,2018-02-15,Sede Norte,Agudelo-Vera,3,2012-09-19,244874152907,AT867,617,1983,E-000307
308,140,5,4a edicion,Canje,Fisico,F-88963,132239.13,2022-11-11,Biblioteca Central,"Guerrero, Pérez and Melo",4,2022-08-13,240330008757,GQ853,722,2022,E-000308
309,141,41,2a edicion,Compra,Fisico,F-29564,51137.89,2016-06-21,Sede Norte,Riascos-Rentería,1,1984-08-14,584115568958,AP609,447,1983,E-000309
310,141,57,1a edicion,Donacion,Fisico,F-35423,21835.76,2023-09-17,Sede Norte,Espitia-Martínez,2,2014-03-13,200946068591,HW527,423,1983,E-000310
311,141,17,4a edicion,Donacion,Fisico,F-99414,177419.6,2015-08-24,Sede Sur,Ortiz-Orjuela,3,2014-07-12,974950324929,KB709,316,1978,E-000311
312,142,30,3a edicion,Suscripcion,Fisico,F-22576,115832.37,2017-07-07,Sede Norte,Zambrano-Ochoa,1,2023-07-01,180607538794,OV800,103,2003,E-000312
313,142,39,1a edicion,Suscripcion,Fisico,F-99887,176416.23,2015-10-31,Coordinacion Academica,Quintero Inc,2,2017-10-25,513599071260,ET985,702,2016,E-000313
314,142,38,6a edicion,Donacion,Fisico,F-13823,58505.66,2024-06-11,Sede Sur,Galvis Inc,3,1991-04-12,778892083752,JM496,481,1977,E-000314
315,142,37,1a edicion,Donacion,Fisico,F-65023,95329.9,2020-08-14,Biblioteca Central,Rentería Group,4,1991-10-08,543957422744,MB670,457,1985,E-000315
316,143,30,1a edicion,Suscripcion,Fisico,F-61642,168427.16,2015-12-11,Coordinacion Academica,"Sandoval, Benavides and Quintero",1,2018-08-23,496691987562,ZQ161,390,2001,E-000316
317,143,50,3a edicion,Canje,Fisico,F-14741,87760.92,2019-11-03,Coordinacion Academica,Parra-Herrera,2,2018-06-08,318956129521,LX801,393,2012,E-000317
318,143,46,2a edicion,Suscripcion,Fisico,F-11118,64879.64,2021-10-12,Coordinacion Academica,Cortés-Reyes,3,2017-03-25,598934646257,IC294,212,2013,E-000318
319,143,9,4a edicion,Compra,Fisico,F-48734,174828.48,2017-11-13,Sede Norte,Prada-García,4,2002-04-15,554346682232,VK781,220,1985,E-000319
320,143,42,5a edicion,Canje,Fisico,F-98277,39965.42,2022-08-13,Biblioteca Central,"Triana, Rodríguez and Hernández",5,2023-12-05,909746509217,YD604,688,2022,E-000320
321,144,48,5a edicion,Suscripcion,Fisico,F-93816,54616.84,2018-06-28,Biblioteca Central,García LLC,1,2016-03-14,759956149192,CE684,779,2014,E-000321
322,144,15,2a edicion,Canje,Fisico,F-27560,133827.29,2025-10-17,Sede Sur,"Meneses, Patiño and Alvarado",2,2010-10-29,606579515708,AX291,454,1999,E-000322
323,144,24,5a edicion,Donacion,Fisico,F-42181,58022.44,2017-04-08,Biblioteca Central,Galvis LLC,3,2017-08-24,859388515334,TC346,159,2017,E-000323
324,144,55,6a edicion,Suscripcion,Fisico,F-13668,76687.24,2023-01-23,Sede Sur,Murillo Group,4,2012-10-26,956703831378,UK845,479,1980,E-000324
325,144,44,3a edicion,Suscripcion,Fisico,F-69445,81227.14,2022-12-26,Sede Sur,"López, González and Rueda",5,2025-04-27,949208431452,GX750,423,2019,E-000325
326,145,28,3a edicion,Suscripcion,Fisico,F-61514,78798.77,2023-03-02,Coordinacion Academica,Díaz Ltd,1,2008-10-05,988896203186,CA165,521,1998,E-000326
327,145,9,1a edicion,Donacion,Fisico,F-47427,76039.95,2021-01-02,Biblioteca Central,Mercado-Moreno,2,2000-07-29,467531890061,BW958,713,1988,E-000327
328,145,6,3a edicion,Donacion,Fisico,F-88111,38528.24,2023-10-27,Sede Sur,Giraldo Ltd,3,2016-10-15,519084511590,QG506,389,1994,E-000328
329,145,8,2a edicion,Compra,Fisico,F-46199,37556.96,2019-02-16,Biblioteca Central,Figueroa-Toro,4,2011-02-25,298709647353,PT494,205,2003,E-000329
330,146,43,3a edicion,Donacion,Fisico,F-30632,170258.18,2024-02-27,Biblioteca Central,"Díaz, Gutiérrez and Buitrago",1,1995-05-13,951696298701,BO424,396,1993,E-000330
331,146,52,1a edicion,Suscripcion,Fisico,F-64086,51301.77,2023-08-22,Coordinacion Academica,Palacios Inc,2,2020-03-23,212639835835,FG797,98,1988,E-000331
332,146,42,6a edicion,Compra,Fisico,F-79576,150622.02,2025-04-25,Sede Norte,Sánchez-Ríos,3,2023-12-03,186415803955,GW477,827,1976,E-000332
333,146,6,5a edicion,Canje,Fisico,F-30502,49504.02,2024-02-23,Sede Sur,Narváez Inc,4,2020-01-07,573203253939,GF617,896,2010,E-000333
334,147,42,6a edicion,Suscripcion,Fisico,F-24736,97041.31,2022-03-17,Sede Norte,Tovar-Torres,1,2022-07-07,812404909565,MU935,772,1992,E-000334
335,147,27,3a edicion,Donacion,Fisico,F-68288,91361.85,2016-06-24,Coordinacion Academica,"Jiménez, Peña and Bedoya",2,2023-06-18,849043606384,GN431,496,1976,E-000335
336,148,8,3a edicion,Compra,Fisico,F-16113,167625.06,2022-01-21,Sede Sur,Bravo-Galvis,1,2004-01-28,271005373146,QA933,529,2004,E-000336
337,149,60,3a edicion,Canje,Fisico,F-78045,123617.07,2015-07-06,Biblioteca Central,"Naranjo, Carrillo and Castro",1,1981-03-16,628933739702,FC976,778,1979,E-000337
338,149,9,1a edicion,Canje,Fisico,F-51915,91413.93,2024-06-30,Sede Norte,Martínez LLC,2,2018-09-21,564371499376,XB127,698,1986,E-000338
339,149,37,6a edicion,Compra,Fisico,F-62166,102299.29,2022-01-14,Biblioteca Central,"Tovar, Osorio and Gil",3,2004-03-03,314899042268,WO224,282,1994,E-000339
340,149,23,6a edicion,Donacion,Fisico,F-61218,44041.69,2023-01-31,Biblioteca Central,Rendón Ltd,4,2014-07-07,811250591621,CK290,669,1999,E-000340
341,150,16,3a edicion,Donacion,Fisico,F-58959,174449.43,2018-12-13,Sede Norte,"Fuentes, Caro and Benavides",1,2023-08-03,361604502057,TV251,253,2006,E-000341
342,150,45,4a edicion,Donacion,Fisico,F-90733,46367.18,2020-11-08,Sede Norte,Jaramillo Ltd,2,2012-09-14,413538729384,KO472,565,1984,E-000342
343,150,51,3a edicion,Donacion,Fisico,F-39705,84832.43,2015-12-23,Sede Sur,Villamizar-Ramos,3,2021-06-28,138534415983,PJ580,486,2019,E-000343
344,151,3,5a edicion,Donacion,Fisico,F-89578,97142.64,2025-10-05,Biblioteca Central,Álvarez-Anaya,1,2019-03-11,657334246077,GH926,242,1978,E-000344
345,152,3,1a edicion,Compra,Fisico,F-26342,40735.2,2016-02-13,Sede Sur,"Pérez, Barrios and Peña",1,2004-02-05,709801535705,OK327,651,1987,E-000345
346,152,41,2a edicion,Compra,Fisico,F-97322,145969.71,2022-01-25,Coordinacion Academica,Restrepo-Maldonado,2,2024-04-13,881353519565,OE880,348,2018,E-000346
347,152,50,4a edicion,Suscripcion,Fisico,F-52508,88031.68,2017-12-11,Sede Norte,Daza Group,3,2014-10-17,328256675229,NA321,787,2009,E-000347
348,153,59,6a edicion,Compra,Fisico,F-23910,139472.92,2018-04-11,Sede Sur,Mesa Group,1,1991-03-29,271786400857,UE454,653,1984,E-000348
349,153,37,2a edicion,Donacion,Fisico,F-56365,81829.52,2019-03-25,Sede Norte,Morales-Mejía,2,2025-04-22,473632339445,VF316,460,2017,E-000349
350,153,58,4a edicion,Donacion,Fisico,F-72755,157641.39,2017-09-29,Biblioteca Central,Vega and Sons,3,2016-07-20,812342159899,GD217,624,2016,E-000350
351,153,26,6a edicion,Suscripcion,Fisico,F-23702,151566.07,2015-01-26,Coordinacion Academica,Giraldo and Sons,4,2002-05-13,446470727043,IK334,652,1978,E-000351
352,153,42,5a edicion,Canje,Fisico,F-11776,161598.97,2015-10-21,Sede Norte,Rodríguez Group,5,1999-06-23,524234399750,FJ278,490,1994,E-000352
353,154,19,6a edicion,Suscripcion,Fisico,F-84830,151648.37,2020-04-23,Sede Sur,"Castro, Díaz and Calderón",1,2024-08-05,170377833710,PN421,828,2007,E-000353
354,154,3,3a edicion,Canje,Fisico,F-84537,26999.04,2016-12-14,Biblioteca Central,Erazo-Pérez,2,2013-05-11,196071063031,VB538,817,1992,E-000354
355,154,5,5a edicion,Canje,Fisico,F-66133,59817.17,2021-05-21,Biblioteca Central,Salamanca-Martínez,3,1995-03-25,892748879959,KW484,686,1992,E-000355
356,155,29,5a edicion,Suscripcion,Fisico,F-34230,24932.69,2024-01-04,Biblioteca Central,Calderón-Hernández,1,2019-03-14,253807947764,QP118,339,2012,E-000356
357,155,11,6a edicion,Compra,Fisico,F-91625,158034.74,2020-07-25,Biblioteca Central,Guerrero Inc,2,2004-06-30,899447840416,JU777,171,1985,E-000357
358,155,5,2a edicion,Donacion,Fisico,F-66360,164479.6,2021-12-15,Coordinacion Academica,Quintero LLC,3,1997-10-16,686103080207,VT680,742,1984,E-000358
359,155,3,5a edicion,Suscripcion,Fisico,F-19724,42220.66,2020-07-02,Coordinacion Academica,Ávila-Carvajal,4,2013-02-07,186892875819,QJ917,696,2004,E-000359
360,155,9,4a edicion,Suscripcion,Fisico,F-13711,90963.07,2018-10-21,Coordinacion Academica,Vanegas-Arévalo,5,2024-07-08,699786807067,EL530,440,2024,E-000360
361,156,14,6a edicion,Canje,Fisico,F-25111,114431.95,2022-01-24,Coordinacion Academica,"Manrique, Martínez and Cardona",1,2025-06-30,440714668947,NH292,111,2015,E-000361
362,157,41,3a edicion,Donacion,Fisico,F-26343,38880.73,2016-10-11,Biblioteca Central,Garcés Ltd,1,2024-06-26,175531696500,HK460,104,2018,E-000362
363,157,32,4a edicion,Canje,Fisico,F-83798,120613.84,2023-12-19,Sede Sur,"Ceballos, Cardozo and Mesa",2,2024-12-23,106356285077,RK828,131,2024,E-000363
364,157,27,5a edicion,Suscripcion,Fisico,F-50130,66015.83,2022-06-18,Coordinacion Academica,"Alzate, Benavides and Pabón",3,1987-08-02,540218736668,KZ404,666,1975,E-000364
365,157,60,3a edicion,Compra,Fisico,F-36385,78633.39,2018-11-24,Coordinacion Academica,"Córdoba, Vallejo and Toro",4,2023-03-12,379317935556,TH978,418,2003,E-000365
366,157,27,2a edicion,Canje,Fisico,F-38913,92592.86,2015-06-04,Coordinacion Academica,Reyes Group,5,1979-01-26,400540557711,AK678,516,1977,E-000366
367,158,6,1a edicion,Canje,Fisico,F-84620,129831.0,2017-07-01,Sede Sur,"Rangel, Flórez and Sánchez",1,2013-11-24,152423892581,KC811,459,2004,E-000367
368,158,47,1a edicion,Donacion,Fisico,F-55844,33170.12,2020-12-06,Sede Norte,"Rincón, Agudelo and Naranjo",2,2022-06-14,552958729514,XI790,291,2012,E-000368
369,159,55,3a edicion,Canje,Fisico,F-91364,155239.92,2024-06-04,Sede Sur,Cardona and Sons,1,1993-07-07,532124064444,ZY457,368,1990,E-000369
370,159,16,3a edicion,Canje,Fisico,F-48293,137979.29,2018-06-13,Sede Sur,Amaya-Morales,2,2020-06-30,180683385586,YB910,392,2001,E-000370
371,160,60,5a edicion,Donacion,Fisico,F-41779,152574.26,2025-08-05,Sede Sur,Vargas-Barrera,1,2025-07-16,736839660014,KL561,371,2000,E-000371
372,160,57,3a edicion,Suscripcion,Fisico,F-12251,101761.05,2022-07-31,Sede Norte,"Ramos, Sánchez and Ortiz",2,2014-10-16,345440648406,KP148,687,1989,E-000372
373,161,39,6a edicion,Suscripcion,Fisico,F-38642,178073.98,2022-07-03,Sede Sur,Calderón-Montoya,1,2006-10-04,371011401145,ZU261,186,2001,E-000373
374,162,9,1a edicion,Donacion,Fisico,F-72749,140677.81,2020-05-15,Sede Sur,Yepes PLC,1,2025-07-01,670593387487,TD456,277,2023,E-000374
375,162,46,4a edicion,Canje,Fisico,F-71946,147058.23,2016-06-24,Sede Norte,Ardila-Galvis,2,2021-04-10,366448141819,GQ110,123,1993,E-000375
376,162,37,4a edicion,Canje,Fisico,F-18400,39482.98,2021-11-07,Sede Norte,"Gutiérrez, Mercado and Salazar",3,2006-06-24,158267989661,AJ942,108,1994,E-000376
377,162,48,3a edicion,Compra,Fisico,F-25046,48666.63,2024-09-08,Coordinacion Academica,Ramírez-Jiménez,4,2024-03-31,681350619982,AU823,689,1984,E-000377
378,162,22,5a edicion,Canje,Fisico,F-98806,153531.18,2025-10-22,Biblioteca Central,"Castellanos, García and Restrepo",5,2008-07-15,189361795802,EO687,704,2000,E-000378
379,163,46,3a edicion,Canje,Fisico,F-43996,129800.89,2019-06-13,Coordinacion Academica,"Flórez, Sánchez and Marín",1,2002-06-04,191144734796,KD174,308,1979,E-000379
380,164,4,2a edicion,Canje,Fisico,F-34968,151754.24,2016-10-07,Sede Norte,Cárdenas-Ramírez,1,2018-04-28,311521388536,TO417,548,2010,E-000380
381,164,17,4a edicion,Donacion,Fisico,F-24127,18088.23,2017-08-08,Coordinacion Academica,Pérez-Hernández,2,2001-03-20,738722649597,AD525,596,1993,E-000381
382,164,44,6a edicion,Suscripcion,Fisico,F-13672,20390.47,2023-11-16,Sede Sur,Salas PLC,3,2025-11-20,880441752735,PL244,662,2022,E-000382
383,164,49,5a edicion,Compra,Fisico,F-95697,29795.65,2022-06-07,Coordinacion Academica,Álvarez Ltd,4,2009-02-09,169948036562,MR576,349,1992,E-000383
384,165,14,3a edicion,Compra,Fisico,F-39934,103532.65,2023-11-16,Sede Sur,Méndez Ltd,1,2004-02-08,155608011835,KM267,245,1977,E-000384
385,166,28,4a edicion,Canje,Fisico,F-68779,139015.06,2023-03-09,Sede Norte,Valencia Inc,1,2020-04-15,319897903165,UJ236,612,2014,E-000385
386,166,51,2a edicion,Compra,Fisico,F-12128,37182.94,2019-07-02,Biblioteca Central,Ospina-Jaramillo,2,2011-12-22,324263977552,QB998,90,1984,E-000386
387,166,15,2a edicion,Canje,Fisico,F-71400,87760.58,2023-03-26,Biblioteca Central,"Becerra, Hernández and Martínez",3,1989-12-26,960830744331,CE567,453,1989,E-000387
388,167,55,4a edicion,Donacion,Fisico,F-89910,115643.59,2023-06-03,Sede Sur,López and Sons,1,2014-04-03,163343864749,WH277,364,1975,E-000388
389,167,14,1a edicion,Compra,Fisico,F-40255,136228.16,2021-03-27,Sede Sur,Gallego LLC,2,2020-02-25,636080916061,KC274,320,2016,E-000389
390,167,18,6a edicion,Donacion,Fisico,F-26653,104130.32,2020-02-21,Biblioteca Central,Herrera-García,3,1995-06-13,739089222043,MR928,839,1976,E-000390
391,167,6,4a edicion,Donacion,Fisico,F-96758,146516.33,2018-04-13,Biblioteca Central,Silva Ltd,4,2024-01-17,511806103099,ZM159,529,2024,E-000391
392,168,59,3a edicion,Suscripcion,Fisico,F-23315,152230.01,2020-05-04,Coordinacion Academica,"Sánchez, Bravo and Aguilar",1,2023-04-28,552090190779,OF208,717,2021,E-000392
393,168,60,2a edicion,Canje,Fisico,F-60635,74360.53,2021-01-27,Sede Norte,Castellanos LLC,2,2025-11-04,584989846784,HH257,887,2025,E-000393
394,168,41,2a edicion,Canje,Fisico,F-18400,44679.99,2018-07-21,Biblioteca Central,Franco PLC,3,2023-04-06,961505728502,AB804,431,2018,E-000394
395,169,19,6a edicion,Canje,Fisico,F-29324,171280.46,2020-06-11,Sede Norte,"Benítez, Torres and Gómez",1,2025-12-29,308852238224,HY562,667,2023,E-000395
396,169,51,2a edicion,Compra,Fisico,F-21080,29182.19,2015-07-13,Biblioteca Central,Quiroga and Sons,2,2024-03-19,604791439858,QK625,122,2024,E-000396
397,170,27,6a edicion,Compra,Fisico,F-19690,89978.41,2015-07-22,Coordinacion Academica,Giraldo-Acevedo,1,2021-10-19,861460541709,MA136,897,1997,E-000397
398,171,10,3a edicion,Compra,Fisico,F-91189,116846.34,2022-10-15,Sede Sur,"Cabrera, Rincón and Camacho",1,2015-11-02,757895371474,WN425,832,1989,E-000398
399,171,32,1a edicion,Donacion,Fisico,F-28625,164377.15,2025-08-08,Coordinacion Academica,"García, Ramírez and Gómez",2,2023-08-13,382387392227,HS355,305,2023,E-000399
400,172,2,3a edicion,Canje,Fisico,F-28919,33642.83,2016-12-22,Coordinacion Academica,Rodríguez-Narváez,1,1993-05-03,455104147395,SL801,346,1986,E-000400
401,172,55,2a edicion,Donacion,Fisico,F-10197,129238.75,2024-02-27,Sede Norte,"Burbano, Pérez and Rojas",2,2020-07-30,423367644401,RA409,533,2012,E-000401
402,173,33,5a edicion,Suscripcion,Fisico,F-88541,110718.25,2018-09-16,Biblioteca Central,"Sarmiento, Castro and Velásquez",1,2003-05-04,607969914388,QM121,250,1976,E-000402
403,173,40,6a edicion,Suscripcion,Fisico,F-99699,72644.54,2021-11-12,Sede Sur,Palacio PLC,2,2008-07-27,964102178870,IK798,538,1975,E-000403
404,173,40,6a edicion,Donacion,Fisico,F-65985,119719.04,2017-05-06,Sede Norte,Valencia LLC,3,2011-10-10,914316061176,MD424,504,2006,E-000404
405,173,12,4a edicion,Suscripcion,Fisico,F-51799,146140.42,2016-10-17,Sede Sur,"Gutiérrez, Gómez and Agudelo",4,2001-01-09,269939996328,UV117,508,1989,E-000405
406,174,35,1a edicion,Donacion,Fisico,F-27540,19583.2,2019-02-19,Sede Norte,"Fuentes, Ramírez and González",1,2015-09-01,749188212521,MZ392,199,2000,E-000406
407,175,14,1a edicion,Donacion,Fisico,F-51647,67107.76,2022-06-16,Coordinacion Academica,Villamizar and Sons,1,2025-02-24,577740342263,GY350,554,2024,E-000407
408,176,27,2a edicion,Canje,Fisico,F-33577,22052.99,2019-03-25,Biblioteca Central,"Galvis, Jiménez and Barrios",1,2012-12-19,827289251282,GS365,718,1984,E-000408
409,176,42,6a edicion,Canje,Fisico,F-35497,48785.85,2016-03-14,Sede Norte,Mosquera-Martínez,2,2007-08-10,691222440154,UH878,121,2007,E-000409
410,176,37,5a edicion,Donacion,Fisico,F-30582,25598.34,2022-03-16,Biblioteca Central,"Naranjo, Benítez and Rojas",3,2001-06-16,203731362991,AJ948,257,1977,E-000410
411,177,33,6a edicion,Compra,Fisico,F-58822,103823.86,2024-10-02,Coordinacion Academica,Rojas and Sons,1,2011-04-13,557600589852,KG648,591,1998,E-000411
412,177,58,1a edicion,Compra,Fisico,F-24383,102588.32,2017-12-09,Biblioteca Central,Monroy-Giraldo,2,2013-05-13,440975149008,KO412,848,2000,E-000412
413,177,54,6a edicion,Compra,Fisico,F-60890,44314.12,2025-05-29,Coordinacion Academica,Agudelo-Pérez,3,2020-07-21,801979093477,PP637,571,1983,E-000413
414,178,21,6a edicion,Suscripcion,Fisico,F-62655,61491.88,2024-10-04,Coordinacion Academica,"Hurtado, Rosero and Soto",1,2018-05-12,442519064843,HC893,843,1995,E-000414
415,179,14,3a edicion,Donacion,Fisico,F-90021,38250.04,2025-06-06,Coordinacion Academica,"González, Rodríguez and Gómez",1,2007-10-20,262386972474,BA283,156,2002,E-000415
416,180,45,1a edicion,Compra,Fisico,F-31377,115936.15,2020-12-18,Sede Norte,Granados-Suárez,1,2003-06-03,409721979753,MX850,577,1976,E-000416
417,181,6,4a edicion,Suscripcion,Fisico,F-63248,112041.04,2021-08-30,Sede Sur,"Salamanca, López and Morales",1,2013-07-05,858385427880,UG639,178,2011,E-000417
418,181,33,6a edicion,Donacion,Fisico,F-82030,18283.89,2017-06-17,Coordinacion Academica,Villamizar-Arias,2,2017-10-20,548490141570,IN121,835,2016,E-000418
419,181,46,1a edicion,Compra,Fisico,F-55591,169480.62,2023-05-22,Sede Norte,"Rodríguez, Fuentes and Burbano",3,2020-11-19,471683211492,JE298,637,2019,E-000419
420,181,56,1a edicion,Compra,Fisico,F-92812,22658.19,2024-01-30,Sede Norte,Cruz-Montenegro,4,2008-06-16,367448269777,ZG642,320,2000,E-000420
421,182,36,6a edicion,Donacion,Fisico,F-90733,43201.16,2023-09-24,Biblioteca Central,Villegas Ltd,1,2006-11-15,594177396465,VZ507,626,1975,E-000421
422,182,11,4a edicion,Suscripcion,Fisico,F-39771,44256.22,2021-03-26,Sede Norte,Rangel Group,2,2023-11-06,772169260902,FA494,769,2019,E-000422
423,183,53,4a edicion,Suscripcion,Fisico,F-20918,98433.6,2022-02-13,Biblioteca Central,García and Sons,1,1997-08-15,795283362532,OS655,848,1988,E-000423
424,183,12,4a edicion,Suscripcion,Fisico,F-42483,86618.82,2018-06-02,Biblioteca Central,"Velásquez, Ortiz and Narváez",2,2025-02-16,306477913896,PC258,759,2024,E-000424
425,183,11,2a edicion,Donacion,Fisico,F-89793,40138.5,2022-07-19,Sede Norte,"Aguirre, Rojas and Medina",3,2024-09-28,607608590990,MA854,694,2007,E-000425
426,184,21,6a edicion,Compra,Fisico,F-73213,96346.38,2016-01-25,Biblioteca Central,Zapata Group,1,2021-10-13,930743277157,NF744,820,1979,E-000426
427,184,11,1a edicion,Compra,Fisico,F-44917,55814.78,2015-11-04,Sede Norte,Escobar Inc,2,2024-02-09,767726062367,VC555,499,1998,E-000427
428,184,59,5a edicion,Compra,Fisico,F-87780,84134.88,2024-07-26,Sede Norte,Blanco-Pinzón,3,2002-08-31,862532865065,GZ406,438,1982,E-000428
429,185,44,1a edicion,Donacion,Fisico,F-61221,77183.61,2022-10-21,Coordinacion Academica,Rodríguez-Ortiz,1,2018-12-11,523199734525,GH882,254,1986,E-000429
430,185,37,1a edicion,Donacion,Fisico,F-68748,48683.1,2021-12-01,Sede Norte,"Cardona, Rodríguez and Bernal",2,2021-12-09,457957300134,SN328,696,2014,E-000430
431,185,28,6a edicion,Compra,Fisico,F-49041,161288.08,2021-06-30,Biblioteca Central,"Cantillo, Reyes and Moreno",3,2022-02-08,393969259089,XB742,566,1992,E-000431
432,186,28,5a edicion,Canje,Fisico,F-67392,109725.56,2019-06-12,Coordinacion Academica,Morales-Carvajal,1,2023-03-30,714273067507,OP103,646,2014,E-000432
433,187,44,6a edicion,Suscripcion,Fisico,F-83288,73070.65,2021-12-05,Sede Sur,"Pérez, Navarro and Arias",1,2010-11-19,402389870167,RR177,601,2004,E-000433
434,187,39,5a edicion,Canje,Fisico,F-63864,91237.15,2018-03-29,Coordinacion Academica,Ruiz Ltd,2,2023-01-03,476367613710,LN311,488,1987,E-000434
435,187,35,5a edicion,Compra,Fisico,F-48399,143106.95,2020-12-26,Biblioteca Central,Murillo LLC,3,2024-04-05,418966695865,OL423,90,2021,E-000435
436,188,41,5a edicion,Suscripcion,Fisico,F-52816,174200.68,2016-04-29,Biblioteca Central,Sánchez-Sandoval,1,2014-09-26,538791152214,PV242,549,1985,E-000436
437,188,26,3a edicion,Compra,Fisico,F-81350,44558.35,2020-12-29,Sede Sur,"Parra, Salamanca and García",2,2012-08-04,672770693619,IE206,868,1977,E-000437
438,188,36,5a edicion,Donacion,Fisico,F-15393,69430.2,2018-06-03,Sede Norte,Velandia-Franco,3,1989-01-09,755492988258,OY854,565,1989,E-000438
439,189,36,3a edicion,Suscripcion,Fisico,F-11909,39647.26,2025-10-07,Coordinacion Academica,"Prieto, Pérez and Gómez",1,2022-08-06,507112660525,QU113,128,2022,E-000439
440,190,47,4a edicion,Suscripcion,Fisico,F-87617,161619.75,2023-09-24,Sede Sur,Carvajal PLC,1,2007-12-12,326108765102,UX117,446,1977,E-000440
441,191,50,5a edicion,Donacion,Fisico,F-80957,124719.46,2025-01-22,Sede Sur,Melo PLC,1,2004-06-03,591481668442,EZ683,133,1981,E-000441
442,191,31,6a edicion,Compra,Fisico,F-25507,102585.22,2016-10-25,Coordinacion Academica,Luna Group,2,2024-01-27,808146420428,CN922,115,2007,E-000442
443,192,14,4a edicion,Canje,Fisico,F-26105,22854.9,2018-01-16,Sede Sur,Cerón PLC,1,2023-05-31,379039425076,BQ234,695,2015,E-000443
444,193,31,3a edicion,Canje,Fisico,F-83220,163893.84,2019-06-30,Sede Sur,Escobar LLC,1,2012-04-17,431420441399,RV139,466,1977,E-000444
445,193,50,2a edicion,Compra,Fisico,F-55114,115861.5,2019-11-22,Coordinacion Academica,Mena Ltd,2,2019-04-27,444185480746,WZ535,866,1984,E-000445
446,194,39,1a edicion,Canje,Fisico,F-38240,168758.57,2022-04-06,Sede Sur,Rincón-Valencia,1,1991-08-09,973766329179,ZL130,344,1986,E-000446
447,195,25,3a edicion,Canje,Fisico,F-52687,76440.29,2017-07-01,Coordinacion Academica,"Cuesta, Guzmán and Fonseca",1,2025-03-16,286084859394,HS198,317,2005,E-000447
448,195,21,1a edicion,Suscripcion,Fisico,F-27980,62432.53,2023-03-04,Sede Sur,Zambrano-Pacheco,2,2014-01-20,212606145624,DH270,798,2009,E-000448
449,196,1,6a edicion,Donacion,Fisico,F-26741,123637.99,2025-08-12,Biblioteca Central,"Franco, Sánchez and Vélez",1,2014-04-07,957778546744,YG583,322,2013,E-000449
450,196,10,6a edicion,Suscripcion,Fisico,F-30585,85223.78,2018-01-13,Sede Norte,"Rodríguez, Alzate and Mora",2,2025-10-17,480609202096,DP669,408,2024,E-000450
451,196,36,3a edicion,Donacion,Fisico,F-86605,125317.91,2016-11-28,Sede Sur,Ceballos Ltd,3,2023-08-08,882285098934,JH979,400,2020,E-000451
452,197,33,3a edicion,Suscripcion,Fisico,F-90602,28865.51,2015-09-30,Biblioteca Central,Suárez-Rojas,1,2025-11-06,680044891508,UD972,732,1982,E-000452
453,198,6,3a edicion,Suscripcion,Fisico,F-50272,59425.43,2017-08-01,Sede Sur,Rodríguez Inc,1,2020-11-18,334671122846,JD465,870,1994,E-000453
454,199,8,4a edicion,Compra,Fisico,F-86097,64546.24,2024-01-14,Coordinacion Academica,Díaz Ltd,1,2016-04-08,384324424665,CC396,697,2003,E-000454
455,200,32,5a edicion,Compra,Fisico,F-35589,35593.94,2017-06-10,Coordinacion Academica,Cárdenas-González,1,2006-05-18,176396796512,LV804,285,1996,E-000455
456,201,59,5a edicion,Donacion,Fisico,F-14906,99641.68,2020-09-03,Sede Norte,Rodríguez-Carvajal,1,2021-11-04,175405952235,KM461,893,2016,E-000456
457,202,13,1a edicion,Canje,Fisico,F-66989,45352.49,2022-09-03,Biblioteca Central,Rojas-Osorio,1,2019-08-29,298914800075,SP225,535,2009,E-000457
458,203,54,6a edicion,Donacion,Fisico,F-39678,94634.1,2024-01-14,Biblioteca Central,"Garzón, Gómez and Rincón",1,2015-08-28,663076771643,BP678,189,2001,E-000458
459,203,44,4a edicion,Donacion,Fisico,F-46597,158443.83,2020-07-26,Biblioteca Central,Romero-Muñoz,2,2016-01-22,627143758837,PZ553,840,1997,E-000459
460,203,38,4a edicion,Compra,Fisico,F-39423,49633.52,2019-06-11,Sede Norte,Gallego-Solano,3,2006-04-17,763948947379,NW689,343,1999,E-000460
461,204,28,3a edicion,Canje,Fisico,F-89900,111944.42,2021-07-27,Biblioteca Central,"Beltrán, Romero and Domínguez",1,2023-11-26,141616058712,PA214,129,2015,E-000461
462,204,36,3a edicion,Suscripcion,Fisico,F-85686,17798.71,2025-02-27,Sede Norte,Gómez-Reyes,2,2022-05-11,880325799382,CP448,247,2009,E-000462
463,204,35,5a edicion,Suscripcion,Fisico,F-78428,62934.05,2018-03-23,Sede Norte,Ríos-García,3,1988-08-16,424916642903,XW499,363,1981,E-000463
464,204,50,5a edicion,Canje,Fisico,F-97817,116486.91,2020-02-19,Sede Sur,"Caballero, Cárdenas and Zambrano",4,2024-11-19,286564963018,HT674,459,2022,E-000464
465,205,41,6a edicion,Canje,Fisico,F-26569,170998.9,2023-04-27,Biblioteca Central,Gómez-Álvarez,1,2013-05-15,752158945382,YW152,263,2006,E-000465
466,205,29,6a edicion,Suscripcion,Fisico,F-80623,115518.45,2025-01-22,Biblioteca Central,Rojas-Peña,2,1987-03-16,253845735795,AV406,621,1984,E-000466
467,205,41,5a edicion,Suscripcion,Fisico,F-70571,17374.14,2018-09-06,Sede Sur,Vega Ltd,3,2013-03-17,990470121165,YA201,888,2009,E-000467
468,206,32,2a edicion,Suscripcion,Fisico,F-23737,28695.03,2023-02-22,Sede Norte,"Marín, Sierra and Restrepo",1,2007-01-31,132805799115,WS314,620,1988,E-000468
469,207,55,5a edicion,Compra,Fisico,F-85775,55550.68,2020-07-06,Biblioteca Central,Meneses-Lozano,1,2025-06-08,473303248363,XB690,91,2023,E-000469
470,207,54,1a edicion,Suscripcion,Fisico,F-85640,22754.02,2018-07-16,Sede Norte,Orozco-Benavides,2,1990-12-22,741766719852,PF312,306,1976,E-000470
471,208,41,6a edicion,Canje,Fisico,F-76137,103846.07,2015-03-26,Coordinacion Academica,Jiménez-Pérez,1,2002-01-05,924467010827,JT112,867,1998,E-000471
472,208,13,2a edicion,Suscripcion,Fisico,F-25930,35106.99,2017-09-14,Biblioteca Central,Osorio-Pacheco,2,2020-07-28,370627758633,CG978,625,2017,E-000472
473,208,37,4a edicion,Canje,Fisico,F-94714,157913.03,2018-12-02,Biblioteca Central,Reyes-Rodríguez,3,2021-04-03,895614127099,YX536,123,1983,E-000473
474,209,21,5a edicion,Compra,Fisico,F-26124,22048.22,2018-09-04,Biblioteca Central,"Espitia, Perdomo and Gómez",1,2024-12-15,249805537049,FH406,297,2019,E-000474
475,209,14,4a edicion,Compra,Fisico,F-79590,96871.24,2019-04-02,Coordinacion Academica,Leal-Orozco,2,2025-03-03,187788576613,PH322,786,2020,E-000475
476,210,26,5a edicion,Donacion,Fisico,F-56298,54929.09,2021-12-09,Biblioteca Central,"Marín, Bermúdez and Vallejo",1,2024-05-12,107319975093,DF741,421,2021,E-000476
477,211,6,3a edicion,Canje,Fisico,F-97249,55641.19,2022-04-19,Sede Sur,Hernández PLC,1,2025-05-31,524603791951,SA940,464,2023,E-000477
478,211,32,5a edicion,Donacion,Fisico,F-55444,145325.89,2016-04-18,Biblioteca Central,Zapata-Alzate,2,2016-03-26,419458940999,NA352,482,1990,E-000478
479,212,43,2a edicion,Donacion,Fisico,F-73721,44982.28,2015-04-26,Sede Norte,"Silva, Aguirre and Acevedo",1,2014-12-15,755174507431,DN531,864,2014,E-000479
480,212,27,1a edicion,Canje,Fisico,F-48664,44219.71,2015-12-03,Coordinacion Academica,Gómez-Mendoza,2,2020-03-29,382639934753,WN362,150,2016,E-000480
481,212,5,1a edicion,Compra,Fisico,F-70532,173218.44,2018-08-17,Sede Norte,Martínez LLC,3,2024-08-15,689848311850,VL993,730,2020,E-000481
482,212,54,3a edicion,Compra,Fisico,F-26310,21183.11,2022-07-04,Biblioteca Central,Castillo-Villegas,4,2012-05-16,637452317085,ED319,88,1994,E-000482
483,212,32,4a edicion,Donacion,Fisico,F-27605,169048.44,2020-09-16,Biblioteca Central,Pérez PLC,5,1997-05-27,796915554482,FV365,772,1991,E-000483
484,213,49,5a edicion,Donacion,Fisico,F-51548,146050.74,2025-05-23,Biblioteca Central,Marín PLC,1,2005-09-21,553442651754,LR688,896,1982,E-000484
485,214,17,6a edicion,Compra,Fisico,F-32767,43566.98,2021-01-06,Sede Sur,Acosta-Domínguez,1,2015-01-08,778340625616,VF621,545,2006,E-000485
486,215,8,6a edicion,Donacion,Fisico,F-80469,138521.74,2020-02-02,Sede Norte,"Peña, Velásquez and Moreno",1,2010-09-23,640503845735,EJ226,544,1995,E-000486
487,215,2,6a edicion,Suscripcion,Fisico,F-83393,177544.69,2023-11-06,Biblioteca Central,Cano Group,2,2000-10-25,524160485970,AL959,357,1992,E-000487
488,215,13,3a edicion,Donacion,Fisico,F-76044,140401.1,2025-02-08,Biblioteca Central,Palacios Inc,3,2024-02-05,643344532066,DQ310,641,2024,E-000488
489,216,23,5a edicion,Donacion,Fisico,F-40675,50384.09,2018-03-09,Coordinacion Academica,"Ortiz, Contreras and Suárez",1,2024-05-19,114815520289,ZE949,337,2016,E-000489
490,216,46,1a edicion,Compra,Fisico,F-24774,170443.13,2018-11-30,Sede Norte,Cáceres-Estrada,2,2001-11-12,301963072042,ZG658,210,1981,E-000490
491,217,51,2a edicion,Compra,Fisico,F-18889,123109.45,2016-11-28,Sede Norte,Vergara Group,1,2008-11-12,194035898111,PG725,115,1997,E-000491
492,217,23,4a edicion,Suscripcion,Fisico,F-10959,59307.61,2018-02-18,Biblioteca Central,Pérez PLC,2,2024-08-29,160214068254,UU824,786,2021,E-000492
493,218,7,5a edicion,Donacion,Fisico,F-45484,76253.18,2023-10-04,Sede Norte,"Andrade, García and Soto",1,2018-02-07,709198971690,QE758,157,2012,E-000493
494,218,46,5a edicion,Canje,Fisico,F-93137,167393.49,2016-08-13,Sede Sur,Acosta Inc,2,2021-04-22,132064576965,SF701,827,1978,E-000494
495,219,48,4a edicion,Canje,Fisico,F-63329,48773.21,2016-12-27,Sede Sur,Pineda Group,1,2008-05-22,973160612008,UL247,269,2005,E-000495
496,219,17,6a edicion,Donacion,Fisico,F-64947,31447.0,2020-12-25,Biblioteca Central,Niño Group,2,1993-08-18,310605637084,BY412,471,1993,E-000496
497,219,7,6a edicion,Suscripcion,Fisico,F-16587,93357.04,2016-09-03,Coordinacion Academica,Gómez-Ruiz,3,2017-09-05,862136151955,MA768,253,2008,E-000497
498,220,3,1a edicion,Canje,Fisico,F-61239,162388.31,2019-08-24,Sede Norte,Sandoval LLC,1,2018-12-11,727366209827,MO469,281,1984,E-000498
499,221,2,1a edicion,Canje,Fisico,F-72363,114811.01,2015-05-03,Biblioteca Central,"Perea, Torres and Fajardo",1,2022-02-01,641577249930,PT349,219,2009,E-000499
500,221,1,1a edicion,Suscripcion,Fisico,F-90653,91144.06,2017-02-15,Biblioteca Central,"Campo, Jaimes and Tovar",2,2021-04-04,596731644440,FH275,244,1996,E-000500
501,222,53,4a edicion,Compra,Fisico,F-76757,92981.31,2015-11-06,Coordinacion Academica,"Guzmán, Zapata and García",1,2012-03-31,256747469710,TA290,202,1988,E-000501
502,223,56,6a edicion,Canje,Fisico,F-63413,145737.28,2020-07-24,Biblioteca Central,Martínez-García,1,2005-03-08,282834521924,YE660,150,1991,E-000502
503,224,17,3a edicion,Donacion,Fisico,F-17050,177236.31,2016-08-15,Sede Norte,"Gómez, Castro and Castro",1,2015-10-20,433974837051,UZ400,885,1975,E-000503
504,224,24,2a edicion,Compra,Fisico,F-62076,17540.46,2018-11-03,Sede Norte,Suárez-Lozano,2,1991-03-29,398876952198,KJ873,164,1983,E-000504
505,225,47,1a edicion,Canje,Fisico,F-68468,146642.99,2020-04-27,Sede Norte,Molina-Flórez,1,2024-09-22,775924032808,WS123,293,2021,E-000505
506,226,21,1a edicion,Donacion,Fisico,F-71646,82480.92,2022-04-22,Coordinacion Academica,"Londoño, Carrillo and Carvajal",1,2016-11-03,891562936260,ZS670,104,2001,E-000506
507,226,18,3a edicion,Canje,Fisico,F-80785,72874.67,2019-04-15,Biblioteca Central,Correa Inc,2,2019-07-03,216528532554,WP208,668,2018,E-000507
508,226,21,5a edicion,Compra,Fisico,F-66343,104181.28,2019-07-16,Sede Sur,Lozano-Garzón,3,2018-03-29,768866023763,CI921,628,2017,E-000508
509,227,36,4a edicion,Suscripcion,Fisico,F-38035,91495.48,2015-08-29,Biblioteca Central,"Ortiz, Ortiz and Gutiérrez",1,2012-06-26,677673959822,QH375,399,1991,E-000509
510,227,2,5a edicion,Donacion,Fisico,F-96160,106985.89,2015-12-29,Biblioteca Central,Carmona-Valencia,2,2009-10-21,136815974620,HS602,378,2004,E-000510
511,227,6,4a edicion,Canje,Fisico,F-16599,81604.55,2023-04-07,Sede Norte,Romero LLC,3,2016-12-06,767408016757,GK847,720,2014,E-000511
512,227,13,3a edicion,Donacion,Fisico,F-80822,59387.56,2019-11-26,Sede Sur,"Buitrago, Castro and Carvajal",4,2020-05-23,147032399841,VV616,241,1983,E-000512
513,228,27,3a edicion,Canje,Fisico,F-34574,39425.64,2024-08-05,Biblioteca Central,Solano and Sons,1,2022-11-02,169441772316,ZY270,284,2011,E-000513
514,229,48,2a edicion,Compra,Fisico,F-53103,15245.87,2017-05-02,Sede Norte,"Jiménez, Pacheco and Morales",1,2021-05-24,164433006340,RR121,98,2006,E-000514
515,229,25,2a edicion,Canje,Fisico,F-62862,89817.11,2021-08-28,Biblioteca Central,Ramírez-Restrepo,2,2021-08-22,106924288024,QF103,608,2010,E-000515
516,229,50,5a edicion,Compra,Fisico,F-43046,34653.31,2023-12-14,Biblioteca Central,Vanegas LLC,3,2020-10-27,735754556752,UH976,174,2008,E-000516
517,230,53,2a edicion,Donacion,Fisico,F-74811,48254.35,2020-02-14,Coordinacion Academica,Carvajal Ltd,1,2023-11-08,889157345231,KF732,125,2023,E-000517
518,230,35,6a edicion,Canje,Fisico,F-81214,178183.68,2025-08-31,Biblioteca Central,"Montes, Rivera and Giraldo",2,1999-05-26,566208448627,WI591,344,1999,E-000518
519,231,2,5a edicion,Canje,Fisico,F-38720,56091.79,2016-05-01,Biblioteca Central,"Cruz, Herrera and Muñoz",1,1981-07-19,192108447877,CI198,615,1977,E-000519
520,231,6,6a edicion,Canje,Fisico,F-43965,69404.8,2016-08-02,Sede Sur,Parada PLC,2,2008-07-23,306236474534,MA751,346,1980,E-000520
521,232,5,3a edicion,Donacion,Fisico,F-41348,60826.12,2019-08-11,Biblioteca Central,Díaz LLC,1,2017-02-19,454104925392,PO484,668,2017,E-000521
522,232,19,5a edicion,Canje,Fisico,F-66615,87866.76,2023-01-12,Biblioteca Central,"Orozco, Castro and Ospina",2,2018-08-14,160539670868,GI663,221,2013,E-000522
523,232,47,1a edicion,Donacion,Fisico,F-80657,165191.22,2022-09-21,Sede Norte,Bejarano Ltd,3,2020-11-19,254278019224,PT768,307,1992,E-000523
524,233,1,2a edicion,Suscripcion,Fisico,F-14414,102594.94,2020-08-13,Biblioteca Central,Acosta Group,1,2019-06-26,389896895019,KD805,412,2013,E-000524
525,233,15,3a edicion,Donacion,Fisico,F-50838,41361.96,2025-06-08,Sede Norte,Díaz LLC,2,2003-12-22,119131647492,YZ108,381,1983,E-000525
526,234,50,5a edicion,Donacion,Fisico,F-53517,32685.17,2016-04-20,Coordinacion Academica,Gómez Inc,1,2016-02-15,177044274904,ID743,260,2014,E-000526
527,235,37,1a edicion,Canje,Fisico,F-62111,33879.67,2015-05-10,Biblioteca Central,"Lozano, Hernández and López",1,2010-07-09,763420612685,XV277,304,1995,E-000527
528,235,28,4a edicion,Compra,Fisico,F-21174,36084.83,2017-09-19,Sede Norte,Ramírez-Galindo,2,2001-09-24,196457583439,SB130,171,1978,E-000528
529,235,48,2a edicion,Donacion,Fisico,F-84422,136276.34,2025-05-17,Coordinacion Academica,González PLC,3,2025-12-06,482546912143,XI191,208,2021,E-000529
530,236,46,3a edicion,Compra,Fisico,F-66280,86812.32,2018-08-24,Sede Norte,Osorio-Moreno,1,2014-11-18,997457984940,TT890,828,1991,E-000530
531,237,20,4a edicion,Compra,Fisico,F-95864,44321.22,2016-08-14,Coordinacion Academica,"Espinosa, Chaparro and Romero",1,2024-06-13,429140579969,HE492,105,2023,E-000531
532,237,22,2a edicion,Compra,Fisico,F-75433,133664.45,2023-12-15,Sede Norte,Cortés LLC,2,1988-11-27,907299399793,YH416,583,1981,E-000532
533,237,16,3a edicion,Suscripcion,Fisico,F-74378,179863.56,2020-12-30,Sede Norte,Cifuentes Group,3,1995-08-22,930293844849,GR203,847,1984,E-000533
534,237,53,4a edicion,Donacion,Fisico,F-69383,177832.83,2020-09-17,Coordinacion Academica,"Rodríguez, Pérez and Jaramillo",4,2019-06-01,563200643709,TI820,476,2018,E-000534
535,238,10,2a edicion,Canje,Fisico,F-91448,160087.97,2024-11-29,Coordinacion Academica,González-Vargas,1,2023-06-28,700661060085,NH552,602,2019,E-000535
536,238,19,4a edicion,Suscripcion,Fisico,F-96820,41341.21,2015-09-04,Sede Norte,Cruz and Sons,2,2019-12-21,114437986212,FH137,502,1992,E-000536
537,238,33,5a edicion,Suscripcion,Fisico,F-29080,35716.42,2018-07-06,Sede Sur,González-Moreno,3,2008-03-18,331119470295,JN414,134,1981,E-000537
538,238,57,6a edicion,Suscripcion,Fisico,F-29970,171333.26,2016-09-09,Biblioteca Central,"Estrada, Gaitán and Marín",4,2012-10-22,969027698600,HD752,523,1994,E-000538
539,239,11,3a edicion,Canje,Fisico,F-32553,17836.66,2019-06-26,Sede Sur,Parra Group,1,2020-12-28,412678042310,OE758,170,2013,E-000539
540,239,7,6a edicion,Suscripcion,Fisico,F-81657,105821.15,2020-12-15,Sede Norte,"Campo, Gaitán and Espinosa",2,2024-05-06,372574083534,AR102,764,2024,E-000540
541,239,20,2a edicion,Canje,Fisico,F-86907,145177.58,2020-08-11,Sede Norte,Rojas-Sandoval,3,2012-06-22,171829100298,NZ640,609,2002,E-000541
542,240,2,4a edicion,Suscripcion,Fisico,F-12396,72307.25,2016-02-07,Biblioteca Central,"Herrera, Rodríguez and Palacios",1,2025-01-30,151509385185,MO286,173,2001,E-000542
543,241,13,6a edicion,Canje,Fisico,F-34443,55777.2,2015-05-01,Biblioteca Central,"Rojas, Sánchez and García",1,2011-12-14,541128502051,WV152,398,1998,E-000543
544,242,1,2a edicion,Suscripcion,Fisico,F-23170,132732.45,2022-03-14,Coordinacion Academica,Pérez-Parra,1,2017-07-04,319294390826,GK267,143,2008,E-000544
545,242,7,5a edicion,Suscripcion,Fisico,F-87624,117778.11,2025-03-26,Biblioteca Central,Parra-Vargas,2,2021-04-05,194833659176,JH926,362,2019,E-000545
546,243,20,4a edicion,Compra,Fisico,F-24016,138785.05,2020-07-26,Biblioteca Central,Carvajal-Correa,1,1993-10-29,939522803801,AV767,648,1975,E-000546
547,244,57,6a edicion,Suscripcion,Fisico,F-56501,127817.58,2021-12-01,Biblioteca Central,"Vargas, Benavides and Cárdenas",1,2024-04-17,657150710497,ZA364,180,2024,E-000547
548,244,55,6a edicion,Suscripcion,Fisico,F-53077,158110.39,2025-05-01,Biblioteca Central,Córdoba-Mosquera,2,2018-05-22,231549206074,AP178,290,2012,E-000548
549,245,22,5a edicion,Donacion,Fisico,F-25647,18734.58,2025-05-07,Sede Norte,Vanegas-Chávez,1,2006-01-09,682217656502,CN792,534,1996,E-000549
550,245,1,4a edicion,Donacion,Fisico,F-88478,140474.71,2023-01-07,Sede Norte,Romero-Ortiz,2,2024-09-13,222268906781,IP525,188,2008,E-000550
551,245,36,6a edicion,Compra,Fisico,F-71601,176031.41,2016-09-25,Sede Norte,Pérez PLC,3,2003-03-27,322881990369,UQ793,690,2002,E-000551
552,245,17,4a edicion,Suscripcion,Fisico,F-80185,47664.3,2018-10-19,Sede Norte,"Contreras, Ramírez and Gómez",4,2025-02-25,589799437875,ML999,509,2023,E-000552
553,245,58,1a edicion,Donacion,Fisico,F-81700,17462.52,2023-02-08,Sede Sur,Ochoa Inc,5,2012-05-18,489915935067,WF576,592,2010,E-000553
554,246,17,6a edicion,Canje,Fisico,F-27688,50192.4,2019-06-07,Sede Norte,Garzón PLC,1,2014-03-21,236684072217,BI500,679,1985,E-000554
555,247,36,3a edicion,Suscripcion,Fisico,F-62220,124953.0,2015-03-23,Coordinacion Academica,Silva LLC,1,2016-02-26,588770916204,OE798,779,1999,E-000555
556,248,16,5a edicion,Canje,Fisico,F-28617,29758.04,2015-08-13,Biblioteca Central,Hernández-Mejía,1,2007-04-24,550278914838,FH405,228,2002,E-000556
557,248,1,4a edicion,Compra,Fisico,F-35903,75056.48,2025-12-24,Sede Sur,Álvarez-Guzmán,2,2002-04-06,962827954600,HC260,368,1999,E-000557
558,249,40,5a edicion,Donacion,Fisico,F-27950,62612.14,2024-08-04,Sede Sur,"Martínez, Hoyos and Páez",1,2020-04-05,170881516990,XF325,104,2019,E-000558
559,249,59,1a edicion,Suscripcion,Fisico,F-19777,149317.83,2018-07-19,Sede Norte,Vásquez-Valderrama,2,2002-01-16,259115012271,FH203,457,1975,E-000559
560,249,31,6a edicion,Canje,Fisico,F-82096,178211.69,2022-10-31,Sede Sur,Arévalo and Sons,3,2012-10-29,883420416718,TW913,330,1979,E-000560
561,250,15,3a edicion,Compra,Fisico,F-10411,68765.52,2024-03-13,Biblioteca Central,Martínez Inc,1,2021-05-27,937005221453,IZ382,590,2014,E-000561
562,251,32,5a edicion,Suscripcion,Fisico,F-51950,92955.68,2021-03-10,Sede Sur,Lozano Group,1,2024-06-08,917422262939,RY883,193,2024,E-000562
563,251,50,1a edicion,Suscripcion,Fisico,F-53190,148184.7,2016-07-02,Sede Norte,Vanegas-Sánchez,2,2007-06-29,510565696295,FH883,656,1983,E-000563
564,252,24,3a edicion,Donacion,Fisico,F-93819,22526.38,2022-07-13,Coordinacion Academica,Valencia and Sons,1,2011-08-17,349798631496,YI851,472,1981,E-000564
565,252,19,3a edicion,Suscripcion,Fisico,F-58471,142330.81,2019-09-28,Coordinacion Academica,"Guerra, Sierra and Lara",2,1989-10-09,256631288940,ME137,446,1976,E-000565
566,253,30,2a edicion,Compra,Fisico,F-70797,35213.0,2019-04-23,Sede Sur,Martínez and Sons,1,1983-06-15,816205977346,EH592,624,1981,E-000566
567,254,31,6a edicion,Compra,Fisico,F-22806,95301.54,2018-06-11,Sede Norte,"Palacio, Córdoba and Castro",1,2024-04-15,119456529474,HO894,270,2023,E-000567
568,254,53,1a edicion,Canje,Fisico,F-52508,131436.84,2022-07-14,Sede Norte,Blanco Ltd,2,2016-04-19,153185965766,HF265,656,2003,E-000568
569,254,17,4a edicion,Suscripcion,Fisico,F-69096,45679.52,2020-10-15,Sede Sur,"Calderón, Gómez and Riascos",3,2000-11-27,151526858799,EA559,506,1986,E-000569
570,254,9,1a edicion,Suscripcion,Fisico,F-59446,127726.79,2016-08-12,Coordinacion Academica,Cruz-Vera,4,2013-03-31,177075745352,VY980,803,2002,E-000570
571,254,14,6a edicion,Suscripcion,Fisico,F-64731,129118.71,2019-01-06,Sede Norte,Caicedo-Bonilla,5,2003-03-05,574718499626,QO839,596,1988,E-000571
572,255,27,6a edicion,Compra,Fisico,F-77765,166556.22,2020-11-13,Coordinacion Academica,"Barbosa, Mosquera and Calderón",1,2014-03-03,845569049909,WX339,260,2013,E-000572
573,255,50,3a edicion,Donacion,Fisico,F-10789,72230.77,2015-04-15,Sede Norte,Espinosa-Guzmán,2,2008-01-08,321080286351,NF691,508,1978,E-000573
574,255,58,3a edicion,Suscripcion,Fisico,F-43734,143124.42,2018-07-11,Sede Norte,"Andrade, Hernández and Gómez",3,2022-06-21,820187896377,CT855,409,2022,E-000574
575,256,33,5a edicion,Suscripcion,Fisico,F-54433,71803.21,2016-10-12,Coordinacion Academica,Sepúlveda-González,1,2020-06-30,185257413145,NM700,801,1978,E-000575
576,256,54,5a edicion,Canje,Fisico,F-33714,93681.38,2024-08-24,Coordinacion Academica,Suárez-Rodríguez,2,1997-08-22,598775573920,PG846,291,1976,E-000576
577,257,12,6a edicion,Donacion,Fisico,F-23538,32558.78,2015-11-04,Coordinacion Academica,Rojas Ltd,1,2021-12-22,507292316883,YE766,581,2020,E-000577
578,258,32,1a edicion,Suscripcion,Fisico,F-17498,143607.24,2016-10-07,Sede Sur,Leal-Mercado,1,2025-06-15,414022324986,XE374,645,1982,E-000578
579,258,36,2a edicion,Compra,Fisico,F-33032,170099.5,2024-05-15,Coordinacion Academica,"Alzate, Medina and Sánchez",2,2025-11-20,739758373609,HO108,292,2000,E-000579
580,259,2,2a edicion,Suscripcion,Fisico,F-82036,17295.84,2025-12-25,Sede Sur,Reyes-Correa,1,1994-05-25,843821268563,OL507,355,1986,E-000580
581,259,5,1a edicion,Suscripcion,Fisico,F-13312,158278.0,2020-01-20,Coordinacion Academica,Restrepo Group,2,2024-08-03,120441781814,BH321,162,2006,E-000581
582,260,57,1a edicion,Canje,Fisico,F-11412,170324.78,2018-04-07,Sede Norte,Triana Inc,1,2006-12-28,302759730568,JL523,549,1987,E-000582
583,260,59,3a edicion,Suscripcion,Fisico,F-39343,155713.9,2024-09-04,Coordinacion Academica,Romero Group,2,1997-05-21,719162097499,UN385,881,1986,E-000583
584,261,1,5a edicion,Donacion,Fisico,F-14261,137336.43,2023-06-25,Sede Sur,Carvajal LLC,1,2014-11-27,165541671498,QR260,438,1990,E-000584
585,261,7,6a edicion,Donacion,Fisico,F-89260,52102.94,2020-03-07,Sede Norte,Gómez-Bejarano,2,2021-04-16,937481284350,PC605,264,2014,E-000585
586,262,58,5a edicion,Compra,Fisico,F-39125,72430.18,2015-07-15,Sede Sur,Quintero-Álvarez,1,1994-05-12,950295893610,QF676,519,1980,E-000586
587,262,54,4a edicion,Suscripcion,Fisico,F-61790,121570.47,2024-03-29,Sede Norte,Ángel and Sons,2,1989-04-03,706304231387,XW759,391,1978,E-000587
588,263,32,3a edicion,Canje,Fisico,F-69328,134259.68,2020-09-02,Coordinacion Academica,"Ortiz, Rodríguez and Torres",1,2014-05-19,994647497223,QL102,508,1988,E-000588
589,263,24,4a edicion,Compra,Fisico,F-15845,105030.65,2022-06-17,Biblioteca Central,Cardona LLC,2,2024-10-11,753572721157,ZT147,249,2022,E-000589
590,264,50,3a edicion,Donacion,Fisico,F-14269,61116.32,2021-01-29,Biblioteca Central,Romero-Valencia,1,2012-04-27,347324753645,LB277,240,1979,E-000590
591,265,14,2a edicion,Compra,Fisico,F-42070,73990.95,2015-06-16,Sede Norte,"Orozco, Loaiza and Uribe",1,1998-02-03,511499044956,NY767,419,1987,E-000591
592,266,40,6a edicion,Donacion,Fisico,F-47182,69212.53,2023-01-19,Biblioteca Central,"Gómez, Patiño and Padilla",1,1988-03-08,737393849011,SQ616,647,1978,E-000592
593,267,51,2a edicion,Donacion,Fisico,F-35263,159399.26,2018-04-21,Sede Norte,Molano and Sons,1,2024-03-08,749241049228,MK536,215,1993,E-000593
594,267,2,3a edicion,Donacion,Fisico,F-26557,152222.79,2023-11-05,Sede Sur,"Forero, Ariza and Acevedo",2,2023-03-19,399585387430,EE192,245,1975,E-000594
595,267,29,3a edicion,Suscripcion,Fisico,F-90180,114188.67,2016-07-02,Biblioteca Central,López Group,3,2013-04-16,255125218195,IM348,588,2012,E-000595
596,268,30,3a edicion,Canje,Fisico,F-30978,25818.48,2015-03-02,Coordinacion Academica,Gómez LLC,1,2022-03-01,753617796847,AE893,354,1979,E-000596
597,268,37,2a edicion,Suscripcion,Fisico,F-91544,177687.31,2016-02-05,Sede Norte,Guerrero and Sons,2,2017-01-15,534568276228,NZ557,157,2016,E-000597
598,269,24,2a edicion,Suscripcion,Fisico,F-65515,156070.2,2018-01-27,Coordinacion Academica,Osorio PLC,1,2024-03-17,264576712602,IG783,600,1981,E-000598
599,269,26,3a edicion,Suscripcion,Fisico,F-28594,130701.22,2024-12-25,Coordinacion Academica,Arroyo and Sons,2,2025-04-17,590143667254,BI928,864,2015,E-000599
600,269,1,5a edicion,Donacion,Fisico,F-79867,163893.65,2018-07-15,Sede Norte,"Ramos, Martínez and Correa",3,1990-03-10,165586221280,FV295,250,1989,E-000600
601,270,45,2a edicion,Canje,Fisico,F-11301,67436.18,2018-01-14,Sede Norte,González-Camacho,1,2010-09-29,949200054761,ZK242,182,1979,E-000601
602,270,20,2a edicion,Compra,Fisico,F-67883,95043.89,2021-08-18,Coordinacion Academica,"Padilla, Arias and Correa",2,2014-05-10,253062804335,IS367,557,2012,E-000602
603,270,24,6a edicion,Canje,Fisico,F-30096,175173.39,2020-08-17,Sede Norte,"Vásquez, Galeano and Villamizar",3,2015-11-06,788287288236,UV917,771,2013,E-000603
604,271,38,2a edicion,Compra,Fisico,F-81136,94711.92,2015-06-19,Coordinacion Academica,Silva-Soto,1,2011-06-16,797900872313,WS491,668,2009,E-000604
605,272,49,2a edicion,Suscripcion,Fisico,F-22487,74064.79,2021-12-04,Biblioteca Central,"Carrillo, Arévalo and Castaño",1,1998-07-08,474374815056,HH578,813,1988,E-000605
606,273,18,1a edicion,Canje,Fisico,F-75989,144625.67,2019-01-11,Sede Norte,Mejía LLC,1,2012-06-09,915311676111,KQ654,255,1993,E-000606
607,273,45,4a edicion,Suscripcion,Fisico,F-63022,145108.46,2015-03-15,Sede Sur,Sierra-Vanegas,2,2024-11-24,629989938815,MB228,754,2024,E-000607
608,274,20,2a edicion,Canje,Fisico,F-58920,28225.26,2021-07-26,Coordinacion Academica,"Suárez, Alvarado and López",1,2001-04-04,710610230571,ER262,256,1985,E-000608
609,274,23,1a edicion,Compra,Fisico,F-34032,73190.34,2023-12-04,Coordinacion Academica,Meza and Sons,2,2025-01-03,929650253998,HO407,537,1986,E-000609
610,275,38,3a edicion,Donacion,Fisico,F-11666,29955.55,2025-08-09,Sede Norte,Carmona Ltd,1,2009-06-19,279499219982,RQ351,360,2001,E-000610
611,276,12,5a edicion,Compra,Fisico,F-89362,130857.33,2019-09-07,Coordinacion Academica,Peña-Castillo,1,2023-11-11,588310397108,SK140,217,2011,E-000611
612,277,59,3a edicion,Compra,Fisico,F-57357,86000.91,2017-01-28,Biblioteca Central,García-Pérez,1,1998-07-13,809893842731,PV140,99,1975,E-000612
613,277,40,1a edicion,Compra,Fisico,F-21062,109861.94,2017-10-03,Sede Sur,Guevara Inc,2,2022-08-06,322320458834,NM651,714,2020,E-000613
614,278,54,4a edicion,Compra,Fisico,F-87579,51661.81,2024-07-22,Biblioteca Central,Sánchez-Ortega,1,1998-05-13,150228903078,AK529,101,1985,E-000614
615,279,32,6a edicion,Compra,Fisico,F-62425,61362.79,2016-03-30,Coordinacion Academica,González-Moreno,1,2004-09-11,619926806024,PM546,212,1984,E-000615
616,279,14,6a edicion,Canje,Fisico,F-11930,109453.08,2017-07-23,Coordinacion Academica,"Rojas, Osorio and Moreno",2,2012-08-15,319788354953,HT377,513,2000,E-000616
617,279,53,4a edicion,Donacion,Fisico,F-98250,33368.49,2024-09-22,Sede Norte,Quintero PLC,3,2019-11-23,554349560897,KS217,92,1980,E-000617
618,279,40,3a edicion,Canje,Fisico,F-22209,174224.6,2018-05-12,Sede Norte,Márquez-López,4,2024-11-20,323074980277,CZ832,181,2016,E-000618
619,280,8,6a edicion,Donacion,Fisico,F-33419,91547.13,2022-05-21,Coordinacion Academica,"Rodríguez, Ríos and Rincón",1,2004-11-26,497384800592,CZ588,510,1992,E-000619
620,280,28,6a edicion,Donacion,Fisico,F-89220,63232.39,2021-12-29,Biblioteca Central,"Jaimes, Ángel and Rodríguez",2,2023-03-06,408459351948,FB538,151,2023,E-000620
621,281,33,5a edicion,Suscripcion,Fisico,F-21343,152922.42,2020-07-18,Sede Norte,Jiménez LLC,1,2000-06-27,427158119451,VV814,267,1996,E-000621
622,281,19,5a edicion,Donacion,Fisico,F-50324,58990.44,2017-12-30,Biblioteca Central,"Mosquera, Córdoba and Gómez",2,1992-02-19,648761883009,JK272,304,1977,E-000622
623,282,51,2a edicion,Suscripcion,Fisico,F-43492,89024.82,2023-07-14,Biblioteca Central,Gómez PLC,1,2017-01-14,491552874522,CB995,380,2002,E-000623
624,283,25,2a edicion,Suscripcion,Fisico,F-84425,21841.3,2022-09-19,Coordinacion Academica,"Rodríguez, Caballero and Angulo",1,2008-02-10,315491207774,MP628,524,1998,E-000624
625,283,18,1a edicion,Compra,Fisico,F-88069,70919.09,2020-08-13,Sede Sur,Ortiz LLC,2,2024-12-17,629625097304,TQ859,354,2021,E-000625
626,283,26,6a edicion,Canje,Fisico,F-52111,143737.93,2021-10-07,Biblioteca Central,Roa LLC,3,1990-02-06,979760609911,EC133,675,1986,E-000626
627,284,5,3a edicion,Suscripcion,Fisico,F-49940,95640.24,2022-04-06,Coordinacion Academica,Calderón-Muñoz,1,2016-12-20,206244774390,UY400,307,2005,E-000627
628,284,59,5a edicion,Canje,Fisico,F-37823,90411.01,2019-06-11,Coordinacion Academica,"Molina, Zapata and Torres",2,2015-05-01,693059196280,JB870,542,2004,E-000628
629,284,23,4a edicion,Canje,Fisico,F-71257,36676.64,2024-10-31,Coordinacion Academica,Melo-Vergara,3,2025-08-07,356645849636,WP513,646,2016,E-000629
630,285,24,6a edicion,Canje,Fisico,F-21420,100712.09,2024-02-27,Biblioteca Central,Mosquera-Palacios,1,2025-02-04,168454831396,JU252,543,2025,E-000630
631,285,45,2a edicion,Compra,Fisico,F-77767,65830.8,2015-06-17,Coordinacion Academica,"Aguilar, Guerrero and Granados",2,2025-09-26,717777907900,ZJ494,100,2005,E-000631
632,285,24,4a edicion,Suscripcion,Fisico,F-54231,163405.17,2017-07-22,Sede Norte,"Valencia, Moreno and Sánchez",3,2003-08-06,393965630807,EB535,686,1993,E-000632
633,285,14,1a edicion,Suscripcion,Fisico,F-94490,87605.22,2017-05-14,Biblioteca Central,Martínez Inc,4,2012-07-05,545892438129,ED582,797,2007,E-000633
634,286,60,2a edicion,Donacion,Fisico,F-34039,84403.9,2024-12-15,Coordinacion Academica,Hernández-Vanegas,1,2006-08-01,735273872191,JY757,367,1982,E-000634
635,286,40,1a edicion,Suscripcion,Fisico,F-94809,98666.01,2018-09-09,Sede Norte,Pacheco-Murillo,2,2024-03-24,935381366942,WP437,772,2024,E-000635
636,286,25,4a edicion,Donacion,Fisico,F-64356,48717.8,2022-08-16,Sede Norte,Peña-Oviedo,3,2014-01-18,665631626140,VV810,712,2013,E-000636
637,287,31,4a edicion,Compra,Fisico,F-51276,146805.29,2022-02-24,Sede Sur,"Padilla, Suárez and Blanco",1,2023-12-15,125117658212,PU964,766,2007,E-000637
638,287,37,2a edicion,Donacion,Fisico,F-69691,24682.65,2022-04-07,Coordinacion Academica,Morales Group,2,2018-05-24,872084771219,GL883,159,2015,E-000638
639,287,44,6a edicion,Suscripcion,Fisico,F-63363,79474.44,2017-02-04,Biblioteca Central,Martínez LLC,3,2018-01-02,176289513813,MF511,861,2009,E-000639
640,287,60,6a edicion,Compra,Fisico,F-35120,170678.39,2021-07-04,Sede Norte,Restrepo-Parada,4,2010-12-03,188543798882,ZW789,660,1985,E-000640
641,288,8,5a edicion,Donacion,Fisico,F-52317,174352.96,2023-08-18,Sede Norte,Cardona-Ayala,1,2007-01-02,983786651881,XW338,554,1985,E-000641
642,288,48,1a edicion,Suscripcion,Fisico,F-90051,58298.4,2019-07-18,Sede Sur,Navarro-Bustos,2,2021-01-17,130742238063,YS311,815,1980,E-000642
643,288,35,6a edicion,Donacion,Fisico,F-98417,142228.65,2025-09-27,Sede Sur,"Díaz, Polo and Pérez",3,2025-08-19,852918448099,IN755,695,2019,E-000643
644,289,23,5a edicion,Suscripcion,Fisico,F-13510,178990.84,2021-09-18,Sede Norte,Reyes LLC,1,1994-08-30,774582636278,EB448,631,1982,E-000644
645,289,1,3a edicion,Canje,Fisico,F-79533,41797.0,2018-01-17,Sede Norte,Moreno PLC,2,2011-07-08,918245513971,PI894,364,2003,E-000645
646,289,16,1a edicion,Donacion,Fisico,F-98905,150634.3,2015-11-05,Coordinacion Academica,Camargo Group,3,2025-10-26,691522992957,BY214,504,2017,E-000646
647,290,41,4a edicion,Canje,Fisico,F-39070,126837.14,2018-11-08,Biblioteca Central,Barrera Ltd,1,2009-08-30,517054021003,KZ766,338,1975,E-000647
648,290,59,6a edicion,Donacion,Fisico,F-76978,30370.35,2015-01-07,Sede Norte,"Arias, Rodríguez and Ramos",2,2025-08-17,593661317871,QG893,127,2024,E-000648
649,291,27,6a edicion,Canje,Fisico,F-68493,160172.86,2017-04-13,Biblioteca Central,Sánchez Ltd,1,1992-01-02,793693815139,VX652,112,1978,E-000649
650,292,11,4a edicion,Donacion,Fisico,F-31706,114105.32,2019-08-26,Sede Norte,"Mora, Contreras and Naranjo",1,2019-10-03,425431365162,ST952,386,1979,E-000650
651,292,49,1a edicion,Compra,Fisico,F-29307,100196.12,2022-05-26,Sede Sur,"Ramírez, Solano and Ariza",2,2015-04-26,722561563180,BO288,736,2008,E-000651
652,293,6,1a edicion,Suscripcion,Fisico,F-10286,84792.09,2021-08-23,Biblioteca Central,"Vega, Gutiérrez and Orjuela",1,2018-02-02,760219075684,OB494,192,2015,E-000652
653,293,31,4a edicion,Suscripcion,Fisico,F-12038,106982.44,2020-12-12,Sede Norte,Quintero-Parra,2,2020-11-17,120790527595,UZ345,719,1985,E-000653
654,294,60,4a edicion,Donacion,Fisico,F-44676,61300.82,2017-06-13,Sede Sur,Ortega Group,1,1993-09-20,756284182440,OT490,725,1978,E-000654
655,295,22,5a edicion,Suscripcion,Fisico,F-20646,44476.05,2023-04-02,Sede Sur,"Moreno, Álvarez and Vega",1,2018-11-02,829330571740,OI773,226,2016,E-000655
656,295,43,3a edicion,Donacion,Fisico,F-88206,18063.61,2016-01-04,Sede Norte,Galindo-Melo,2,2001-04-13,348922665463,HV569,452,1994,E-000656
657,295,12,5a edicion,Canje,Fisico,F-69159,81836.39,2024-02-26,Biblioteca Central,"Muñoz, Ortiz and Contreras",3,1990-05-27,771088320407,BH485,744,1990,E-000657
658,296,59,3a edicion,Donacion,Fisico,F-51713,36938.01,2023-07-30,Sede Sur,Moreno-Rodríguez,1,1986-10-30,486727568278,BC463,307,1975,E-000658
659,296,17,5a edicion,Compra,Fisico,F-79833,149500.17,2023-11-09,Sede Sur,Lozano-Maldonado,2,2023-10-07,844224980998,NA116,328,2019,E-000659
660,296,54,5a edicion,Donacion,Fisico,F-56173,159255.92,2021-05-23,Coordinacion Academica,"Salas, Ardila and Castañeda",3,2012-03-14,649747557167,ZJ354,610,2000,E-000660
661,297,27,2a edicion,Donacion,Fisico,F-40254,85601.44,2019-04-11,Coordinacion Academica,"Vergara, Zapata and Murillo",1,2024-06-26,610271308435,RV718,874,2020,E-000661
662,297,27,3a edicion,Compra,Fisico,F-58867,110943.68,2021-05-11,Coordinacion Academica,"Gutiérrez, González and Moreno",2,2025-11-12,246776983714,MR866,131,2014,E-000662
663,298,34,4a edicion,Donacion,Fisico,F-63835,108006.46,2016-06-11,Biblioteca Central,"Valencia, Vásquez and Ramírez",1,2013-02-17,556915077760,VN507,154,1986,E-000663
664,298,60,5a edicion,Suscripcion,Fisico,F-34791,162269.15,2019-03-25,Sede Norte,Valencia and Sons,2,2025-04-11,764591372180,PA910,831,2004,E-000664
665,298,14,3a edicion,Suscripcion,Fisico,F-82873,99936.7,2022-12-18,Coordinacion Academica,Hernández Ltd,3,2015-07-25,771951669919,XI291,461,2010,E-000665
666,298,1,3a edicion,Compra,Fisico,F-43398,101656.66,2015-07-20,Sede Sur,Navarro Ltd,4,2025-03-20,769564840582,IN932,332,2024,E-000666
667,298,13,5a edicion,Donacion,Fisico,F-21093,40535.05,2016-05-31,Coordinacion Academica,Espitia and Sons,5,2010-05-16,130107048705,XF104,148,1981,E-000667
668,299,60,4a edicion,Donacion,Fisico,F-18826,172836.36,2018-06-03,Sede Norte,López-Montenegro,1,2019-11-05,138022946345,JR991,371,1978,E-000668
669,300,14,3a edicion,Compra,Fisico,F-36755,100236.72,2021-06-12,Coordinacion Academica,"Caicedo, García and Riascos",1,2012-08-02,264589147567,DA750,636,2011,E-000669
670,300,3,5a edicion,Suscripcion,Fisico,F-52890,152415.84,2019-04-21,Sede Sur,Martínez LLC,2,2007-12-21,916729988440,FD904,763,2005,E-000670
671,300,19,1a edicion,Canje,Fisico,F-95061,39969.72,2020-10-25,Sede Norte,Quintero-Sierra,3,2020-07-08,470370200823,YR951,317,2019,E-000671
672,301,28,5a edicion,Compra,Fisico,F-44212,107185.39,2021-12-16,Coordinacion Academica,Palacios-Ramos,1,2015-07-27,726797616991,TI947,875,2006,E-000672
673,302,26,5a edicion,Donacion,Fisico,F-21164,93186.58,2019-02-01,Sede Norte,Mosquera Inc,1,2010-03-13,589638203810,LF730,498,1977,E-000673
674,302,60,5a edicion,Suscripcion,Fisico,F-53673,176398.17,2016-09-18,Sede Sur,Arévalo-Vásquez,2,2005-07-05,439331311046,IX353,894,2001,E-000674
675,303,8,6a edicion,Donacion,Fisico,F-39561,174120.25,2022-05-13,Sede Norte,Vallejo PLC,1,2011-10-12,827920342482,ZZ733,403,2006,E-000675
676,303,1,1a edicion,Suscripcion,Fisico,F-74994,47414.13,2016-11-25,Biblioteca Central,Ángel and Sons,2,2004-05-07,486421135118,EK163,311,2000,E-000676
677,303,49,5a edicion,Donacion,Fisico,F-29216,129676.62,2024-05-06,Biblioteca Central,Guzmán Ltd,3,2004-11-12,317285772633,RG628,575,2001,E-000677
678,303,30,1a edicion,Donacion,Fisico,F-34097,148710.24,2024-07-20,Sede Sur,Arroyo-Uribe,4,1996-06-02,415459137172,LA663,703,1987,E-000678
679,304,28,1a edicion,Suscripcion,Fisico,F-80063,83637.16,2016-06-11,Sede Norte,Márquez-Alzate,1,2014-02-17,860231280075,ND957,561,1992,E-000679
680,305,51,4a edicion,Compra,Fisico,F-83054,155799.8,2025-12-07,Sede Sur,"Guevara, Castillo and Pérez",1,1985-05-25,628666787545,TU811,324,1979,E-000680
681,305,56,5a edicion,Canje,Fisico,F-45125,73026.42,2017-02-27,Sede Sur,Perdomo-Cano,2,2018-11-13,761584046602,CX933,155,2017,E-000681
682,306,1,3a edicion,Canje,Fisico,F-20361,135271.76,2024-01-22,Biblioteca Central,Palacio Group,1,2019-10-30,597508257490,RY366,357,1997,E-000682
683,306,43,3a edicion,Donacion,Fisico,F-97347,34300.57,2019-06-20,Biblioteca Central,Giraldo-Franco,2,2024-05-26,639648091391,GB940,564,2020,E-000683
684,307,38,2a edicion,Compra,Fisico,F-50826,67623.98,2018-06-30,Biblioteca Central,Cárdenas Inc,1,1993-07-05,402965173029,SL118,859,1993,E-000684
685,308,35,2a edicion,Donacion,Fisico,F-80730,18982.05,2017-05-06,Coordinacion Academica,Ojeda LLC,1,2025-12-31,943504330695,UK264,865,2025,E-000685
686,309,16,5a edicion,Canje,Fisico,F-82703,80891.13,2025-08-21,Sede Sur,Zambrano-Rodríguez,1,2021-03-23,919021801292,KO121,755,2021,E-000686
687,309,10,4a edicion,Canje,Fisico,F-89702,130139.4,2016-01-06,Coordinacion Academica,Hernández Inc,2,2003-07-23,861422473317,TQ547,806,2003,E-000687
688,309,56,2a edicion,Donacion,Fisico,F-64725,36804.94,2015-08-16,Sede Norte,"Castañeda, Vega and Ortega",3,2017-08-20,428429374890,RR369,101,2013,E-000688
689,309,58,1a edicion,Suscripcion,Fisico,F-15579,98422.21,2025-10-27,Coordinacion Academica,"Castellanos, González and Arrieta",4,2018-05-18,753017823305,ZU272,122,2007,E-000689
690,310,39,6a edicion,Compra,Fisico,F-92470,161144.78,2018-03-01,Sede Norte,Vargas-Montoya,1,2021-04-26,199122952229,NJ304,777,2020,E-000690
691,310,25,4a edicion,Compra,Fisico,F-53946,103623.79,2021-03-17,Sede Sur,Andrade Inc,2,2020-05-14,153948556840,JV451,246,1984,E-000691
692,310,12,6a edicion,Compra,Fisico,F-87856,123272.63,2015-05-13,Sede Sur,Vélez Group,3,2010-10-23,602486241313,EI917,780,2000,E-000692
693,310,10,1a edicion,Canje,Fisico,F-88724,164322.33,2022-08-09,Biblioteca Central,Gaitán-Bejarano,4,2019-10-13,626030624118,QL379,452,2018,E-000693
694,310,19,4a edicion,Compra,Fisico,F-98984,162132.56,2023-08-31,Sede Norte,Sierra Ltd,5,2023-02-14,804024742183,JN301,161,2020,E-000694
695,311,25,6a edicion,Compra,Fisico,F-85011,70928.15,2017-09-25,Sede Sur,Rodríguez LLC,1,2004-12-13,635980445741,KF923,476,1979,E-000695
696,311,56,4a edicion,Donacion,Fisico,F-52823,131015.3,2021-06-18,Coordinacion Academica,"López, Hernández and Silva",2,2006-12-08,103963606672,TD472,317,2001,E-000696
697,312,25,1a edicion,Canje,Fisico,F-27005,76705.1,2024-02-12,Coordinacion Academica,González-Bastidas,1,2016-08-07,336248703343,YK497,609,1983,E-000697
698,312,22,1a edicion,Suscripcion,Fisico,F-15443,80377.39,2017-09-04,Coordinacion Academica,Campo-Díaz,2,2002-03-04,112151471973,GS479,125,2000,E-000698
699,312,34,6a edicion,Compra,Fisico,F-93006,85774.24,2024-05-23,Biblioteca Central,Moreno LLC,3,2015-10-15,699679845035,JY701,203,1983,E-000699
700,312,38,1a edicion,Compra,Fisico,F-17694,147906.52,2017-08-29,Biblioteca Central,"Tovar, Barreto and García",4,1994-05-30,500046836331,WR238,103,1975,E-000700
701,312,22,2a edicion,Donacion,Fisico,F-58631,108789.91,2022-10-22,Sede Sur,"Polo, Vásquez and Fajardo",5,2018-11-19,731841718078,VJ764,271,2013,E-000701
702,313,40,6a edicion,Suscripcion,Fisico,F-27438,157401.64,2020-03-13,Sede Sur,Lara Inc,1,1981-06-12,997292676695,JN604,382,1977,E-000702
703,313,17,3a edicion,Donacion,Fisico,F-51814,62161.95,2021-03-30,Sede Sur,Navarro LLC,2,2020-08-10,416511111417,XB437,310,2017,E-000703
704,313,8,5a edicion,Compra,Fisico,F-83539,34927.98,2021-02-22,Coordinacion Academica,García PLC,3,2009-01-11,792983785291,AD458,622,2007,E-000704
705,313,57,3a edicion,Canje,Fisico,F-63234,40888.54,2016-11-18,Sede Sur,Gómez-Montes,4,2000-09-17,233785688919,MR605,711,1988,E-000705
706,313,21,6a edicion,Suscripcion,Fisico,F-11582,53731.07,2024-02-07,Coordinacion Academica,Ortiz PLC,5,2007-03-05,989498674557,RZ530,222,2006,E-000706
707,314,29,1a edicion,Canje,Fisico,F-93931,40453.46,2019-09-23,Coordinacion Academica,García and Sons,1,2003-05-15,241802792443,FU301,441,2002,E-000707
708,315,33,3a edicion,Compra,Fisico,F-59081,172557.32,2022-08-20,Biblioteca Central,"Bermúdez, López and Guerra",1,2011-11-01,581327757312,PG335,775,1979,E-000708
709,315,6,4a edicion,Suscripcion,Fisico,F-51423,84835.71,2018-11-21,Coordinacion Academica,"Toro, Pérez and Yepes",2,2024-07-24,166881581249,VQ482,212,2021,E-000709
710,315,20,1a edicion,Donacion,Fisico,F-87428,68855.55,2019-12-17,Sede Sur,Cerón Inc,3,1997-06-20,877632237585,VQ484,350,1986,E-000710
711,316,7,6a edicion,Canje,Fisico,F-71281,111281.57,2018-07-31,Coordinacion Academica,Escobar-Ariza,1,2007-08-04,727593971078,GP852,161,1998,E-000711
712,316,41,5a edicion,Suscripcion,Fisico,F-49366,154856.05,2019-07-16,Sede Norte,"Moreno, Osorio and Ávila",2,2025-12-10,462622736707,MG497,206,2023,E-000712
713,316,13,3a edicion,Suscripcion,Fisico,F-92208,125641.19,2020-02-28,Coordinacion Academica,"Jiménez, Hernández and Quiroz",3,2015-04-10,508051595278,NS803,559,2010,E-000713
714,317,48,6a edicion,Suscripcion,Fisico,F-21626,104440.05,2017-09-27,Biblioteca Central,Ortiz-Garzón,1,1996-11-23,807835137649,DW202,657,1986,E-000714
715,318,28,4a edicion,Donacion,Fisico,F-34858,155300.96,2016-08-11,Coordinacion Academica,Muñoz-Calderón,1,2008-04-14,964201972173,AD798,216,1976,E-000715
716,319,17,1a edicion,Donacion,Fisico,F-27481,68156.4,2023-07-23,Sede Norte,Vega-Cano,1,2012-12-19,537294144592,WE923,551,2000,E-000716
717,320,17,2a edicion,Suscripcion,Fisico,F-41032,117621.66,2022-12-14,Sede Norte,"Díaz, Bedoya and González",1,2016-03-10,891235343788,VH647,426,2012,E-000717
718,320,3,2a edicion,Donacion,Fisico,F-33902,18579.03,2016-01-20,Sede Sur,Amaya and Sons,2,2017-07-30,168720047944,HX533,711,2016,E-000718
719,321,34,3a edicion,Canje,Fisico,F-37842,173652.01,2020-07-19,Biblioteca Central,Ariza Ltd,1,2023-12-25,751137013500,ME637,232,2023,E-000719
720,322,22,3a edicion,Compra,Fisico,F-45222,128857.19,2016-06-03,Coordinacion Academica,Castro Inc,1,2018-05-10,589308362104,SA431,526,1975,E-000720
721,322,40,1a edicion,Donacion,Fisico,F-38984,35512.32,2015-01-16,Coordinacion Academica,"Rojas, González and Vélez",2,2024-08-31,412624666943,ND351,298,2011,E-000721
722,322,12,4a edicion,Donacion,Fisico,F-74587,89151.05,2020-03-27,Sede Norte,Rojas-Sánchez,3,2019-09-26,555590512367,XU843,598,2018,E-000722
723,322,26,4a edicion,Canje,Fisico,F-72671,19665.73,2024-01-01,Coordinacion Academica,Salas LLC,4,2019-05-19,327648080081,NM671,450,2019,E-000723
724,323,22,5a edicion,Canje,Fisico,F-91776,98064.85,2018-05-31,Sede Norte,"Delgado, Castro and Vergara",1,2000-07-20,416239191460,UE186,825,1999,E-000724
725,324,51,6a edicion,Canje,Fisico,F-17031,36825.61,2020-07-24,Sede Sur,Giraldo and Sons,1,2020-04-21,838813843098,VV763,524,2015,E-000725
726,324,49,3a edicion,Donacion,Fisico,F-69433,84340.92,2019-03-01,Biblioteca Central,Rincón LLC,2,2022-07-13,113571671587,NB962,120,2005,E-000726
727,324,26,2a edicion,Canje,Fisico,F-62892,160701.3,2023-12-03,Sede Sur,Rodríguez-Restrepo,3,2021-09-11,555034022164,BZ846,152,1990,E-000727
728,325,21,5a edicion,Suscripcion,Fisico,F-86834,49462.85,2020-11-11,Sede Norte,Zambrano PLC,1,2014-12-27,748458200410,JG815,868,2003,E-000728
729,326,37,5a edicion,Canje,Fisico,F-20143,57518.43,2025-04-01,Coordinacion Academica,González-Gutiérrez,1,2022-10-16,744392762662,JI857,715,2006,E-000729
730,326,1,3a edicion,Donacion,Fisico,F-64649,142887.8,2019-11-23,Sede Sur,Osorio Inc,2,2009-01-24,238368720450,PZ234,843,1995,E-000730
731,327,58,4a edicion,Compra,Fisico,F-23217,40896.5,2021-02-22,Biblioteca Central,"Martínez, Cárdenas and Suárez",1,2017-10-08,215578555662,HO437,710,2012,E-000731
732,328,17,1a edicion,Compra,Fisico,F-19598,45104.66,2020-01-19,Coordinacion Academica,Pacheco LLC,1,2006-03-24,867688091652,PM996,247,1996,E-000732
733,329,38,5a edicion,Canje,Fisico,F-49344,43483.12,2024-12-22,Sede Norte,Pérez-Torres,1,2023-08-19,535256314886,EA832,552,1987,E-000733
734,330,5,5a edicion,Donacion,Fisico,F-36873,89291.45,2022-03-18,Coordinacion Academica,Franco Group,1,2024-07-06,461025538809,HR773,639,2019,E-000734
735,330,25,5a edicion,Compra,Fisico,F-20097,177929.19,2017-03-29,Sede Sur,"Bedoya, Sánchez and Ortiz",2,1996-01-10,806846538610,LQ478,490,1993,E-000735
736,330,48,5a edicion,Canje,Fisico,F-13211,139251.33,2018-08-22,Coordinacion Academica,Barrios-Ortiz,3,2014-12-22,588280652182,VQ738,355,1994,E-000736
737,331,13,6a edicion,Donacion,Fisico,F-91382,156583.21,2019-12-27,Sede Norte,Cano-Rodríguez,1,2025-07-18,534656405306,SD923,202,2025,E-000737
738,331,37,2a edicion,Suscripcion,Fisico,F-60356,81128.05,2015-01-31,Biblioteca Central,Maldonado LLC,2,1983-04-29,453985598166,ZH464,406,1978,E-000738
739,332,27,3a edicion,Canje,Fisico,F-97229,167920.19,2025-08-15,Coordinacion Academica,"Montenegro, Ordóñez and Córdoba",1,2023-09-06,457867299582,QF869,856,2018,E-000739
740,332,23,1a edicion,Donacion,Fisico,F-71637,86107.31,2015-01-24,Biblioteca Central,"Zapata, Contreras and Sánchez",2,2019-02-21,521131435182,AK636,537,1997,E-000740
741,332,51,4a edicion,Donacion,Fisico,F-99560,24485.82,2015-10-20,Coordinacion Academica,"Solano, Guerrero and Herrera",3,2019-05-16,488190373498,PG361,412,1996,E-000741
742,333,56,3a edicion,Canje,Fisico,F-77147,112140.19,2020-04-18,Sede Sur,González LLC,1,1997-07-07,254640032385,XY920,286,1986,E-000742
743,334,28,1a edicion,Donacion,Fisico,F-71597,158098.39,2023-03-10,Biblioteca Central,Vargas-Cifuentes,1,2024-12-21,123418890293,SG351,498,2001,E-000743
744,335,52,3a edicion,Donacion,Fisico,F-77199,121092.98,2015-09-06,Sede Norte,"Castillo, Sepúlveda and Agudelo",1,2020-09-09,976367556077,SL810,420,2014,E-000744
745,336,48,5a edicion,Donacion,Fisico,F-89785,143181.75,2018-02-12,Biblioteca Central,Rivera PLC,1,2022-09-19,392970848248,GH784,672,2009,E-000745
746,336,41,1a edicion,Suscripcion,Fisico,F-73542,158221.08,2025-04-23,Coordinacion Academica,Gómez-Quintero,2,2013-11-14,470538579582,PY256,648,1975,E-000746
747,336,14,3a edicion,Suscripcion,Fisico,F-45428,101893.42,2018-05-08,Sede Sur,Lozano Group,3,1996-11-29,146876874975,HN575,289,1992,E-000747
748,337,49,6a edicion,Suscripcion,Fisico,F-76773,175657.64,2015-02-28,Sede Sur,"Rodríguez, García and Ospina",1,2025-01-21,802219702680,EH754,308,2024,E-000748
749,337,44,1a edicion,Canje,Fisico,F-92304,140609.28,2015-07-04,Sede Norte,Gaviria-Ramírez,2,2016-08-19,101856269407,NR272,814,2011,E-000749
750,338,42,1a edicion,Donacion,Fisico,F-56369,165372.35,2021-09-25,Sede Norte,"García, Duarte and Obando",1,1998-08-07,672657110121,OW387,705,1992,E-000750
751,338,13,3a edicion,Donacion,Fisico,F-39800,30900.89,2023-05-06,Coordinacion Academica,Torres and Sons,2,2018-01-16,605367274902,GL582,372,1976,E-000751
752,339,40,3a edicion,Compra,Fisico,F-50470,26004.46,2025-01-31,Coordinacion Academica,Gómez Inc,1,2012-02-18,395226663460,SN803,615,2004,E-000752
753,339,13,1a edicion,Donacion,Fisico,F-51943,144806.8,2020-10-30,Coordinacion Academica,Arroyo Ltd,2,2021-11-22,665631436252,SO925,363,2021,E-000753
754,340,16,6a edicion,Donacion,Fisico,F-66277,20136.12,2022-03-18,Sede Sur,López and Sons,1,2008-02-21,704398842696,TD485,813,2001,E-000754
755,341,30,4a edicion,Suscripcion,Fisico,F-77679,49614.85,2024-07-10,Coordinacion Academica,Cifuentes PLC,1,1999-06-08,869625797478,RX102,473,1992,E-000755
756,341,54,5a edicion,Donacion,Fisico,F-94179,165935.1,2015-12-21,Sede Sur,"Rico, Moreno and Acosta",2,2008-02-26,683307942220,IR917,862,2000,E-000756
757,342,10,3a edicion,Donacion,Fisico,F-57423,150580.88,2021-04-25,Sede Sur,Navarro Ltd,1,2020-03-25,784679288606,XA661,687,2009,E-000757
758,343,16,2a edicion,Suscripcion,Fisico,F-28928,51310.49,2020-04-24,Biblioteca Central,Ayala-Rojas,1,2007-11-08,784833866672,NK614,673,2001,E-000758
759,343,57,2a edicion,Donacion,Fisico,F-99038,151541.55,2015-08-20,Biblioteca Central,López PLC,2,1989-08-04,996395878788,HS915,861,1976,E-000759
760,343,53,3a edicion,Suscripcion,Fisico,F-97962,161614.38,2018-02-23,Coordinacion Academica,Rodríguez-Benavides,3,2016-03-11,593854369542,LY694,410,2002,E-000760
761,344,27,4a edicion,Canje,Fisico,F-36545,112902.49,2015-11-14,Biblioteca Central,Velásquez-Pérez,1,2018-12-09,597541866050,XD866,295,1979,E-000761
762,344,5,3a edicion,Compra,Fisico,F-74764,114417.15,2021-04-03,Sede Sur,"Córdoba, Soto and Ramírez",2,2015-07-14,659933142140,FH723,860,2004,E-000762
763,344,11,4a edicion,Donacion,Fisico,F-44547,105831.52,2019-12-21,Coordinacion Academica,"Gómez, Díaz and Niño",3,2024-05-18,676407645135,GE123,239,2020,E-000763
764,345,26,1a edicion,Donacion,Fisico,F-87814,80859.44,2016-03-21,Sede Norte,Cruz-Durán,1,2023-05-16,966001113370,HT783,697,2018,E-000764
765,345,48,1a edicion,Compra,Fisico,F-84327,121761.71,2021-01-20,Coordinacion Academica,Gómez Ltd,2,2005-12-09,820898812526,XG902,860,1976,E-000765
766,345,53,1a edicion,Suscripcion,Fisico,F-62663,79023.96,2023-07-12,Biblioteca Central,Pineda-Cuéllar,3,1993-01-02,232598853194,JV148,545,1981,E-000766
767,345,15,4a edicion,Donacion,Fisico,F-82723,38756.46,2021-03-16,Sede Norte,Sánchez-Martínez,4,2014-12-16,401609369799,FP823,603,2012,E-000767
768,345,43,3a edicion,Suscripcion,Fisico,F-41799,132784.94,2015-07-01,Coordinacion Academica,Rodríguez-Rivera,5,2021-11-24,458590383490,RF571,603,2017,E-000768
769,346,47,2a edicion,Donacion,Fisico,F-56440,128935.31,2015-02-24,Coordinacion Academica,"Benítez, Salazar and García",1,2025-07-23,359597526508,FG857,183,2008,E-000769
770,346,54,6a edicion,Donacion,Fisico,F-52323,69329.48,2022-02-02,Biblioteca Central,Sánchez Inc,2,2024-06-23,451189304228,NH550,772,2024,E-000770
771,347,42,1a edicion,Suscripcion,Fisico,F-89102,126457.81,2023-04-16,Sede Norte,"Guerra, Ortiz and Guzmán",1,2002-09-12,402866397588,RV827,366,1997,E-000771
772,347,20,3a edicion,Donacion,Fisico,F-20007,66374.95,2018-06-17,Coordinacion Academica,"Quiroga, Montenegro and Maldonado",2,1993-01-02,159918976379,SK767,798,1991,E-000772
773,347,60,2a edicion,Canje,Fisico,F-36011,81098.4,2019-12-24,Biblioteca Central,Sánchez-Bolívar,3,1994-09-03,788587622443,RV868,482,1981,E-000773
774,347,39,1a edicion,Compra,Fisico,F-93737,87255.25,2024-10-14,Coordinacion Academica,"Rojas, Cardona and Pérez",4,2025-06-30,592280175743,ZO650,134,2024,E-000774
775,348,41,3a edicion,Canje,Fisico,F-65882,99542.39,2017-12-14,Coordinacion Academica,Ruiz-Calderón,1,1994-05-31,623884334108,XZ688,380,1984,E-000775
776,348,53,4a edicion,Suscripcion,Fisico,F-12837,25954.95,2017-06-11,Sede Norte,Ramírez LLC,2,1996-10-20,450525835901,MY591,303,1976,E-000776
777,348,33,6a edicion,Donacion,Fisico,F-56539,111078.21,2020-08-02,Sede Sur,"Restrepo, López and Murillo",3,2025-10-18,875039759315,ZW264,695,2023,E-000777
778,348,43,4a edicion,Donacion,Fisico,F-76721,79927.96,2021-04-10,Sede Norte,Galeano and Sons,4,2021-08-26,141707011675,XW239,658,2020,E-000778
779,349,24,6a edicion,Canje,Fisico,F-31453,179328.41,2017-07-17,Sede Norte,"Quiroga, González and Acosta",1,2021-01-31,427169349996,US192,464,1996,E-000779
780,349,5,5a edicion,Canje,Fisico,F-43330,103694.79,2021-07-16,Coordinacion Academica,"Daza, Hernández and Delgado",2,2024-02-03,528625267739,RH124,557,2022,E-000780
781,349,19,4a edicion,Suscripcion,Fisico,F-43371,79148.07,2023-02-26,Biblioteca Central,Moreno Inc,3,2001-06-14,917527168784,QT747,666,1988,E-000781
782,350,6,6a edicion,Suscripcion,Fisico,F-89922,33959.25,2015-09-18,Coordinacion Academica,"Loaiza, Moreno and Cortés",1,2022-03-04,469379803428,KQ113,245,1993,E-000782
783,350,33,6a edicion,Compra,Fisico,F-83995,106048.88,2022-03-29,Sede Sur,"López, Muñoz and Caicedo",2,1988-06-14,349532797581,FB906,861,1985,E-000783
784,351,31,4a edicion,Compra,Fisico,F-87437,57099.01,2021-04-22,Sede Norte,Rincón-Velasco,1,2021-12-12,635556629878,EZ930,540,1992,E-000784
785,352,38,6a edicion,Donacion,Fisico,F-63093,62621.56,2022-02-21,Sede Norte,Bermúdez Inc,1,2022-09-21,323214146655,QE889,109,2022,E-000785
786,353,60,6a edicion,Compra,Fisico,F-94647,111548.52,2022-12-06,Sede Norte,"Marín, Salazar and Acevedo",1,2017-08-09,710386042094,CX293,505,2002,E-000786
787,353,30,1a edicion,Suscripcion,Fisico,F-64245,86858.72,2015-11-16,Biblioteca Central,Cruz-Carrillo,2,2019-04-18,921685000681,KA503,326,1999,E-000787
788,353,52,1a edicion,Donacion,Fisico,F-27516,127208.15,2025-12-23,Sede Norte,Cabrera Inc,3,1999-10-20,775463772312,YV702,637,1992,E-000788
789,354,29,4a edicion,Donacion,Fisico,F-73992,74083.76,2023-04-21,Biblioteca Central,"Rodríguez, Montes and Gómez",1,2020-07-12,620093856384,KF984,543,1988,E-000789
790,355,41,3a edicion,Canje,Fisico,F-25767,60267.39,2015-04-21,Sede Norte,"Montes, Orozco and García",1,2001-09-19,367195450634,GP895,438,1995,E-000790
791,355,20,4a edicion,Canje,Fisico,F-50261,38118.56,2024-01-27,Coordinacion Academica,Mendoza PLC,2,2020-01-31,159328771792,UL212,642,1979,E-000791
792,356,9,4a edicion,Donacion,Fisico,F-84397,111451.83,2023-06-01,Sede Sur,Mesa Ltd,1,2022-11-10,519372829650,TA727,728,2006,E-000792
793,356,38,2a edicion,Donacion,Fisico,F-99824,87380.82,2024-07-16,Sede Sur,"Sánchez, Romero and Rivera",2,2011-12-20,202271300867,DZ405,702,1996,E-000793
794,357,59,5a edicion,Canje,Fisico,F-33448,137586.93,2018-10-02,Sede Sur,"Jaimes, Gallego and Muñoz",1,2023-07-25,899136844531,CR839,293,1988,E-000794
795,358,50,3a edicion,Canje,Fisico,F-62341,94383.34,2017-01-09,Sede Norte,Carvajal PLC,1,2025-05-19,102459568510,RP407,560,2025,E-000795
796,358,15,1a edicion,Canje,Fisico,F-46174,77365.14,2023-04-15,Biblioteca Central,Rincón-Chávez,2,2024-05-08,853224698480,CE593,379,2023,E-000796
797,358,10,3a edicion,Compra,Fisico,F-44172,129952.58,2021-08-06,Coordinacion Academica,Bravo LLC,3,2016-06-09,669194763450,QT577,683,2012,E-000797
798,359,9,6a edicion,Compra,Fisico,F-11830,111221.88,2018-03-15,Sede Norte,Álvarez Group,1,1990-11-06,643059153523,BQ766,525,1988,E-000798
799,359,33,2a edicion,Compra,Fisico,F-79250,147724.54,2020-08-18,Biblioteca Central,Correa-Gómez,2,2006-04-02,207630912110,BA840,793,2002,E-000799
800,359,16,1a edicion,Canje,Fisico,F-86322,28910.78,2016-01-13,Biblioteca Central,"Muñoz, Vargas and Herrera",3,2019-10-11,350182577873,KC543,572,2009,E-000800
801,360,7,1a edicion,Suscripcion,Fisico,F-20173,105550.79,2016-02-03,Biblioteca Central,Vanegas-Castro,1,2013-04-27,837081411486,EM515,726,1985,E-000801
802,360,28,3a edicion,Donacion,Fisico,F-69525,153426.67,2019-07-24,Biblioteca Central,Londoño-Moreno,2,2015-03-07,824037795897,EZ302,330,2008,E-000802
803,361,24,3a edicion,Donacion,Fisico,F-35713,17019.17,2015-05-17,Biblioteca Central,Molina-Arroyo,1,2021-05-28,311246618636,LV155,269,2021,E-000803
804,361,56,3a edicion,Canje,Fisico,F-12472,126421.22,2025-04-07,Sede Norte,Morales and Sons,2,2016-09-06,414255024732,ZS858,177,2007,E-000804
805,361,51,2a edicion,Compra,Fisico,F-63589,94265.94,2016-02-27,Sede Sur,Padilla-Cortés,3,2006-12-14,379496662662,BU427,836,1981,E-000805
806,361,10,1a edicion,Compra,Fisico,F-65628,162318.01,2017-04-22,Sede Norte,Martínez-Rojas,4,2024-09-13,246581757707,NT973,219,2012,E-000806
807,362,15,5a edicion,Donacion,Fisico,F-97141,44056.63,2019-03-06,Coordinacion Academica,"Velásquez, Beltrán and Mesa",1,2005-08-31,817860138700,AY128,177,1977,E-000807
808,363,49,1a edicion,Compra,Fisico,F-37228,57244.29,2018-06-10,Sede Norte,"Patiño, Cantillo and Zuluaga",1,2025-06-11,732320663863,QF203,277,2022,E-000808
809,363,12,3a edicion,Donacion,Fisico,F-59654,172633.88,2016-04-23,Sede Norte,Martínez LLC,2,2017-10-15,366967968190,ZB850,692,1989,E-000809
810,363,54,4a edicion,Canje,Fisico,F-26546,50735.43,2017-01-30,Coordinacion Academica,Leal LLC,3,2006-01-19,947390179974,QD923,385,1991,E-000810
811,363,28,1a edicion,Donacion,Fisico,F-86500,99479.81,2019-10-25,Sede Norte,"Ceballos, Daza and Muñoz",4,2023-12-06,290127991735,XI863,135,2014,E-000811
812,363,38,3a edicion,Donacion,Fisico,F-69482,120048.47,2020-04-23,Sede Norte,"Díaz, Núñez and Sierra",5,2025-07-18,827038010346,HQ686,643,2021,E-000812
813,364,40,4a edicion,Donacion,Fisico,F-63053,152748.47,2016-01-13,Sede Sur,Rivera and Sons,1,2005-12-15,296230002837,QU492,493,1998,E-000813
814,364,37,1a edicion,Canje,Fisico,F-61129,173472.79,2019-02-23,Sede Norte,Castillo and Sons,2,2012-11-30,803826330044,EV623,142,1998,E-000814
815,365,20,1a edicion,Canje,Fisico,F-58427,51163.96,2019-07-15,Sede Sur,Hernández Group,1,2019-09-07,414216603149,TV999,532,2001,E-000815
816,365,60,4a edicion,Suscripcion,Fisico,F-51652,125042.35,2018-10-16,Sede Norte,Bonilla-Guzmán,2,2024-10-04,738065465454,UV815,785,2024,E-000816
817,366,49,6a edicion,Canje,Fisico,F-42747,40425.84,2017-04-09,Coordinacion Academica,"Ariza, Parra and Sánchez",1,2006-09-17,265753053884,HN404,185,2001,E-000817
818,366,6,2a edicion,Suscripcion,Fisico,F-64833,171898.85,2023-05-10,Sede Norte,"Hernández, Camargo and Meza",2,2017-04-19,397744233667,NG317,755,1996,E-000818
819,366,36,3a edicion,Suscripcion,Fisico,F-97655,110328.94,2019-08-19,Biblioteca Central,Álvarez LLC,3,2011-06-06,904848079431,CO651,230,1993,E-000819
820,367,41,2a edicion,Compra,Fisico,F-22606,73489.96,2017-07-08,Biblioteca Central,Pinto LLC,1,2018-03-29,529932695039,UM900,607,2005,E-000820
821,368,6,1a edicion,Donacion,Fisico,F-75156,148056.5,2020-04-25,Sede Norte,Mosquera LLC,1,2024-03-06,166054619568,YJ582,787,2019,E-000821
822,368,54,1a edicion,Compra,Fisico,F-80294,116234.86,2024-02-19,Coordinacion Academica,Díaz and Sons,2,2019-10-07,709708943909,XV828,99,1985,E-000822
823,368,25,6a edicion,Canje,Fisico,F-37263,34441.06,2025-12-24,Biblioteca Central,Herrera-Carrillo,3,2013-02-20,417737582022,JG507,882,2010,E-000823
824,369,51,4a edicion,Suscripcion,Fisico,F-52377,121003.31,2024-05-26,Sede Norte,"Rodríguez, García and Rivera",1,2024-10-31,738870652597,NZ951,728,2024,E-000824
825,370,23,4a edicion,Donacion,Fisico,F-88361,32965.99,2016-07-22,Sede Sur,Alvarado-Molina,1,2022-04-29,336271941251,QQ504,666,2019,E-000825
826,371,43,1a edicion,Donacion,Fisico,F-64212,130915.12,2019-04-19,Sede Sur,Fuentes Ltd,1,2017-11-24,604947094238,DL190,715,2017,E-000826
827,372,27,6a edicion,Donacion,Fisico,F-53075,51411.15,2016-03-30,Biblioteca Central,Velásquez PLC,1,2018-04-15,217637562575,QF273,438,2018,E-000827
828,372,2,1a edicion,Suscripcion,Fisico,F-42361,108668.27,2018-01-19,Biblioteca Central,Quintero-Cardozo,2,2025-10-20,932198956145,OT183,279,2025,E-000828
829,373,14,4a edicion,Suscripcion,Fisico,F-96086,147017.76,2025-09-24,Sede Sur,"Martínez, Pacheco and Gómez",1,2004-03-12,974169636380,VU202,368,1992,E-000829
830,374,52,6a edicion,Canje,Fisico,F-18136,172577.21,2024-09-12,Coordinacion Academica,Chacón LLC,1,2023-03-27,759250094381,HG321,118,2011,E-000830
831,375,6,1a edicion,Suscripcion,Fisico,F-47083,110426.41,2022-12-19,Biblioteca Central,Rojas LLC,1,2015-06-03,129084054221,GQ148,399,1991,E-000831
832,376,59,1a edicion,Donacion,Fisico,F-83639,152080.96,2019-09-05,Coordinacion Academica,Fernández-Loaiza,1,2025-02-01,232825426800,DM513,637,1985,E-000832
833,376,57,5a edicion,Compra,Fisico,F-48270,38822.61,2025-09-15,Sede Norte,"Torres, Hernández and López",2,1983-06-29,650863129290,DW860,417,1977,E-000833
834,376,17,2a edicion,Compra,Fisico,F-51844,47584.49,2019-10-09,Biblioteca Central,"Cárdenas, Correa and Monsalve",3,2018-10-30,626972554031,DR679,767,1994,E-000834
835,377,14,5a edicion,Suscripcion,Fisico,F-20464,68447.71,2020-05-22,Biblioteca Central,Calderón and Sons,1,2014-03-27,872472256514,HS188,889,2012,E-000835
836,378,51,6a edicion,Compra,Fisico,F-99370,66057.12,2024-07-03,Biblioteca Central,Barrera and Sons,1,1994-01-24,250308216417,PG410,555,1988,E-000836
837,378,11,5a edicion,Compra,Fisico,F-22060,34673.13,2024-06-04,Coordinacion Academica,Parra LLC,2,2017-01-18,795145114281,HB406,404,2017,E-000837
838,379,5,5a edicion,Donacion,Fisico,F-72447,155106.97,2019-02-18,Coordinacion Academica,Ordóñez-Vanegas,1,2021-08-21,423757058841,CY980,518,2006,E-000838
839,380,36,1a edicion,Compra,Fisico,F-75446,64774.8,2025-11-19,Biblioteca Central,"Castellanos, Zapata and Burgos",1,2000-06-05,234771567603,MD901,671,1979,E-000839
840,381,42,2a edicion,Compra,Fisico,F-47219,159701.46,2015-11-08,Sede Norte,Salamanca-Andrade,1,1996-03-11,337664229104,YR439,132,1985,E-000840
841,381,43,2a edicion,Suscripcion,Fisico,F-63283,105398.14,2024-02-17,Sede Sur,"Alvarado, Galindo and Rodríguez",2,2020-06-09,281836610937,FG430,259,2001,E-000841
842,381,48,3a edicion,Compra,Fisico,F-28209,119444.44,2018-03-05,Coordinacion Academica,Bolívar Inc,3,2025-10-14,992153458298,SD166,804,2023,E-000842
843,381,35,5a edicion,Canje,Fisico,F-78906,165958.74,2019-01-10,Coordinacion Academica,Patiño-González,4,2017-02-03,763101833641,ET389,598,2004,E-000843
844,381,15,1a edicion,Compra,Fisico,F-23889,112489.77,2022-01-19,Sede Sur,"Salgado, Vargas and Rivera",5,2024-05-29,595779610802,PU456,759,2011,E-000844
845,382,24,5a edicion,Canje,Fisico,F-34147,88962.05,2023-02-15,Biblioteca Central,"Zapata, Padilla and Bravo",1,2004-05-26,269460875611,TD499,493,1988,E-000845
846,382,42,3a edicion,Suscripcion,Fisico,F-13393,57733.44,2024-10-19,Biblioteca Central,"Gamboa, Alarcón and Nieto",2,2017-02-09,123521005913,VG779,123,1983,E-000846
847,382,55,6a edicion,Canje,Fisico,F-39161,15840.45,2024-03-06,Coordinacion Academica,Morales-Mercado,3,2006-05-19,810856790250,EB531,264,1980,E-000847
848,382,51,6a edicion,Suscripcion,Fisico,F-10674,15566.01,2022-02-26,Coordinacion Academica,Álvarez Inc,4,1992-10-25,694462893310,ZD713,140,1991,E-000848
849,383,32,2a edicion,Donacion,Fisico,F-71828,82261.23,2017-02-26,Biblioteca Central,"Henao, Córdoba and González",1,2023-07-25,482774849677,JH991,891,2023,E-000849
850,383,9,2a edicion,Donacion,Fisico,F-29409,44861.91,2021-03-27,Sede Norte,Medina Group,2,2018-10-23,114104279623,KA648,364,2017,E-000850
851,383,56,2a edicion,Donacion,Fisico,F-89429,112524.12,2018-05-02,Biblioteca Central,"Hernández, Orjuela and Ramírez",3,2012-04-30,396358278901,XF194,119,2005,E-000851
852,384,29,5a edicion,Compra,Fisico,F-58893,161834.63,2016-02-21,Biblioteca Central,Calderón PLC,1,2016-01-05,374603082740,EC455,763,2010,E-000852
853,384,13,3a edicion,Suscripcion,Fisico,F-31591,141413.67,2020-12-13,Sede Norte,Cardona LLC,2,2004-03-16,967616275167,KN547,376,1976,E-000853
854,384,45,6a edicion,Canje,Fisico,F-82944,176789.8,2021-09-18,Coordinacion Academica,López Inc,3,2010-09-09,364244387627,WX129,210,1982,E-000854
855,385,2,3a edicion,Compra,Fisico,F-47709,165155.53,2022-12-27,Sede Sur,"Jiménez, Guzmán and Parra",1,1982-07-13,431754375598,XB179,707,1976,E-000855
856,385,51,5a edicion,Compra,Fisico,F-44424,62505.35,2021-03-26,Coordinacion Academica,Méndez-Castaño,2,2001-08-30,601651610856,KH394,830,1996,E-000856
857,385,36,1a edicion,Donacion,Fisico,F-94090,99140.0,2021-03-25,Sede Norte,Rubio-Osorio,3,2016-06-11,521003744521,ZX327,854,2015,E-000857
858,385,59,5a edicion,Compra,Fisico,F-39798,91668.76,2021-07-24,Biblioteca Central,Delgado Inc,4,2019-04-30,261781257828,DX199,307,1997,E-000858
859,386,17,2a edicion,Suscripcion,Fisico,F-85459,17267.23,2024-02-18,Sede Sur,Osorio Inc,1,2023-12-22,454560500728,BG452,584,2014,E-000859
860,386,38,5a edicion,Canje,Fisico,F-12733,104880.66,2018-02-13,Sede Norte,Guzmán and Sons,2,2025-07-10,103163547418,LM954,509,2025,E-000860
861,386,37,6a edicion,Compra,Fisico,F-49064,74282.21,2016-09-19,Coordinacion Academica,Loaiza-López,3,2022-08-23,512380308599,YA168,825,2013,E-000861
862,387,30,2a edicion,Donacion,Fisico,F-45830,76257.02,2025-01-08,Biblioteca Central,Sánchez-Cárdenas,1,2014-11-09,538443122216,KX425,227,1996,E-000862
863,388,27,6a edicion,Compra,Fisico,F-87037,163321.52,2015-08-28,Sede Norte,López and Sons,1,1999-12-23,342054540015,YG750,100,1980,E-000863
864,388,13,4a edicion,Suscripcion,Fisico,F-90449,41520.29,2021-11-15,Coordinacion Academica,Burbano-Mosquera,2,2013-04-15,393328059819,NQ408,550,2007,E-000864
865,389,59,2a edicion,Canje,Fisico,F-79665,61527.39,2017-01-24,Sede Norte,"Díaz, Córdoba and Reyes",1,2025-04-13,257814049136,PN356,258,2006,E-000865
866,389,33,1a edicion,Compra,Fisico,F-20487,89970.92,2016-05-31,Sede Sur,"Franco, Sánchez and Rojas",2,2001-07-10,890749052830,QI438,430,1988,E-000866
867,389,39,1a edicion,Canje,Fisico,F-54307,67028.67,2018-02-28,Biblioteca Central,Zambrano-Gómez,3,2007-11-14,290628570290,HJ954,590,1990,E-000867
868,390,11,3a edicion,Donacion,Fisico,F-69267,25136.63,2023-07-22,Sede Norte,"Rodríguez, Silva and Cardona",1,1999-09-02,822506370279,GK247,715,1999,E-000868
869,390,44,5a edicion,Canje,Fisico,F-33761,168601.38,2024-07-06,Biblioteca Central,Moreno-Alvarado,2,2025-06-23,801463329514,RX650,222,2025,E-000869
870,391,18,1a edicion,Donacion,Fisico,F-67027,79731.15,2025-02-23,Biblioteca Central,"Hernández, Gómez and Moreno",1,1991-01-26,273699738248,LT201,577,1989,E-000870
871,391,39,2a edicion,Donacion,Fisico,F-49588,29357.12,2020-03-15,Sede Norte,"González, López and Arias",2,2000-01-16,232736705315,WW467,780,1993,E-000871
872,392,25,5a edicion,Donacion,Fisico,F-10649,80375.49,2016-05-31,Sede Sur,Calderón Inc,1,2004-03-20,137587510509,QL320,204,1986,E-000872
873,393,33,1a edicion,Canje,Fisico,F-56962,16252.34,2016-09-11,Biblioteca Central,"Murillo, Martínez and Gutiérrez",1,2015-07-09,204874454958,SF787,679,2012,E-000873
874,393,37,2a edicion,Donacion,Fisico,F-58977,117134.2,2020-06-27,Coordinacion Academica,Forero Group,2,1987-07-14,761788973333,IS163,82,1978,E-000874
875,393,12,6a edicion,Canje,Fisico,F-23035,77169.17,2017-01-24,Sede Sur,Castillo PLC,3,1979-12-12,887596383554,WS835,773,1978,E-000875
876,394,33,6a edicion,Canje,Fisico,F-88604,66002.22,2023-02-26,Coordinacion Academica,"Valderrama, Salazar and Pineda",1,2007-06-09,991728192714,ZM246,312,2006,E-000876
877,395,47,2a edicion,Donacion,Fisico,F-40714,28669.22,2019-04-27,Coordinacion Academica,"Jiménez, Cortés and Calderón",1,2025-06-26,687473529268,TX886,157,2025,E-000877
878,396,29,6a edicion,Canje,Fisico,F-68187,17120.01,2023-04-20,Biblioteca Central,"Gil, Ochoa and Márquez",1,2011-12-29,424763688993,CQ875,441,1999,E-000878
879,397,59,1a edicion,Suscripcion,Fisico,F-66086,174917.42,2022-12-24,Coordinacion Academica,Sánchez-Páez,1,2016-05-05,161589750859,SM452,261,2014,E-000879
880,398,27,1a edicion,Donacion,Fisico,F-85431,41419.96,2015-12-21,Sede Sur,"Cantillo, Vargas and Valencia",1,2024-07-08,703343219268,DJ156,496,2016,E-000880
881,398,52,6a edicion,Compra,Fisico,F-27307,55574.57,2022-07-28,Biblioteca Central,Perdomo LLC,2,2017-10-31,625664447207,ST741,640,2017,E-000881
882,398,2,4a edicion,Suscripcion,Fisico,F-66043,48742.13,2017-10-04,Sede Norte,Posada and Sons,3,2022-12-15,315397629082,DF800,577,2018,E-000882
883,399,10,1a edicion,Donacion,Fisico,F-93330,100274.76,2018-03-11,Sede Sur,Jiménez and Sons,1,2023-04-12,342296650428,YN609,165,1997,E-000883
884,400,20,2a edicion,Compra,Fisico,F-13790,169928.35,2017-09-29,Coordinacion Academica,Ospina-Salamanca,1,2011-03-13,472932775213,BN891,331,1984,E-000884
885,401,59,6a edicion,Donacion,Fisico,F-19587,49184.55,2017-11-29,Coordinacion Academica,"Bermúdez, Cerón and Ortega",1,2021-08-31,758609954462,MU774,721,2009,E-000885
886,401,25,5a edicion,Donacion,Fisico,F-72750,139569.35,2021-01-01,Sede Sur,Cruz Group,2,2015-07-11,637314502682,AU774,647,2007,E-000886
887,402,27,3a edicion,Compra,Fisico,F-37565,166692.73,2016-07-25,Biblioteca Central,Pérez-Rojas,1,2023-07-29,207778972675,RX897,361,2018,E-000887
888,403,52,3a edicion,Donacion,Fisico,F-66094,79831.69,2017-01-23,Coordinacion Academica,Guzmán and Sons,1,2010-10-17,507538655891,KV165,227,1976,E-000888
889,403,18,3a edicion,Canje,Fisico,F-42624,95686.48,2024-05-10,Sede Sur,"Agudelo, Morales and Vargas",2,2010-02-08,532385701659,QE421,849,2006,E-000889
890,403,27,3a edicion,Suscripcion,Fisico,F-48470,112132.3,2016-10-16,Sede Norte,"Triana, Uribe and Perea",3,2020-01-19,994550127915,JA921,671,1999,E-000890
891,404,2,3a edicion,Suscripcion,Fisico,F-28099,66958.73,2025-10-01,Coordinacion Academica,Olaya-Murcia,1,2003-05-26,244218965063,DE681,508,1998,E-000891
892,405,55,1a edicion,Donacion,Fisico,F-17108,157950.72,2023-08-04,Sede Norte,"Ospina, Mejía and Gómez",1,2016-06-27,592850477138,ZZ996,507,2009,E-000892
893,406,15,6a edicion,Canje,Fisico,F-12855,116291.68,2021-07-21,Sede Norte,Parra LLC,1,2012-10-16,852724804094,RV998,355,1986,E-000893
894,406,9,5a edicion,Compra,Fisico,F-67289,158331.63,2022-05-14,Sede Sur,Mejía LLC,2,1986-04-10,108164880358,CZ290,230,1983,E-000894
895,406,19,4a edicion,Suscripcion,Fisico,F-97573,135437.15,2015-01-26,Sede Sur,"Flórez, Rivera and Parra",3,2025-04-11,481868582358,CG604,820,2025,E-000895
896,407,8,5a edicion,Canje,Fisico,F-95909,23570.03,2015-04-10,Sede Norte,Londoño Group,1,1999-10-04,813953179151,DV725,622,1983,E-000896
897,407,19,4a edicion,Donacion,Fisico,F-35305,88376.72,2023-03-14,Sede Norte,"Nieto, Castañeda and Arévalo",2,1987-03-14,163107739129,KS681,795,1983,E-000897
898,408,46,4a edicion,Suscripcion,Fisico,F-68362,16938.87,2017-03-18,Coordinacion Academica,Puentes-Espinosa,1,1997-11-15,343224600023,IG787,223,1995,E-000898
899,408,28,2a edicion,Compra,Fisico,F-18829,178092.52,2024-11-26,Sede Norte,Castillo-Sánchez,2,2025-09-24,894088408712,SZ792,610,2025,E-000899
900,408,59,3a edicion,Donacion,Fisico,F-43177,142583.75,2024-10-02,Sede Norte,Gaitán-Ortiz,3,2015-08-01,335161219386,BA533,542,1993,E-000900
901,409,51,5a edicion,Donacion,Fisico,F-80812,114866.58,2020-08-04,Biblioteca Central,Acosta and Sons,1,2000-01-11,326333231063,AA490,88,1999,E-000901
902,409,44,3a edicion,Canje,Fisico,F-88563,36958.33,2021-04-22,Sede Sur,"Melo, Mejía and Giraldo",2,2024-09-17,563500960128,MC386,661,1996,E-000902
903,409,8,2a edicion,Donacion,Fisico,F-91478,75982.55,2024-09-21,Biblioteca Central,González Group,3,2020-07-31,722375536556,QG320,463,2020,E-000903
904,410,56,1a edicion,Compra,Fisico,F-53489,63142.63,2016-03-25,Coordinacion Academica,García and Sons,1,2025-12-24,964770106962,TK643,812,2016,E-000904
905,411,35,1a edicion,Donacion,Fisico,F-76790,110217.72,2023-06-30,Biblioteca Central,Martínez Inc,1,2020-09-02,380400553087,MQ753,149,2020,E-000905
906,411,4,3a edicion,Donacion,Fisico,F-55687,81935.04,2025-01-08,Sede Sur,Ávila LLC,2,2003-04-15,851945040584,CJ318,418,1978,E-000906
907,411,41,6a edicion,Compra,Fisico,F-77508,121544.83,2020-05-09,Sede Sur,"Calderón, Andrade and Ruiz",3,2010-06-08,449859795942,ON460,597,1987,E-000907
908,412,7,4a edicion,Canje,Fisico,F-46940,88817.48,2020-06-17,Coordinacion Academica,Alvarado PLC,1,1978-01-29,390120380213,GS136,173,1977,E-000908
909,413,10,4a edicion,Compra,Fisico,F-89470,101974.02,2021-04-07,Sede Norte,Bedoya-Pineda,1,2013-11-01,870876762701,BX205,526,2013,E-000909
910,413,24,5a edicion,Suscripcion,Fisico,F-77811,176331.39,2016-04-07,Biblioteca Central,Torres-Castro,2,1989-07-28,729507988831,AP581,474,1980,E-000910
911,413,38,6a edicion,Donacion,Fisico,F-36110,41372.17,2015-09-26,Coordinacion Academica,Marín-Castro,3,2018-12-24,146685371657,FB836,408,2003,E-000911
912,413,35,2a edicion,Canje,Fisico,F-43499,73828.62,2021-01-17,Biblioteca Central,"Valderrama, Rivas and Bonilla",4,2005-11-10,484777798348,YN532,415,1976,E-000912
913,413,35,3a edicion,Donacion,Fisico,F-41380,177919.17,2021-06-27,Sede Norte,"Hernández, Hernández and Rodríguez",5,2009-09-22,273011112431,ZC497,489,2003,E-000913
914,414,58,6a edicion,Suscripcion,Fisico,F-83342,22146.87,2022-08-22,Sede Sur,"Arboleda, Vanegas and Luna",1,2022-12-31,995670013962,MB374,515,1981,E-000914
915,414,39,2a edicion,Compra,Fisico,F-10846,40018.11,2020-10-12,Sede Sur,Ospina PLC,2,2023-10-02,272677049384,CY945,553,2002,E-000915
916,414,49,4a edicion,Suscripcion,Fisico,F-83423,148834.64,2017-06-28,Sede Sur,Rodríguez-Rubio,3,2007-06-27,174374470272,VR753,459,1986,E-000916
917,415,11,3a edicion,Donacion,Fisico,F-58577,170658.99,2019-10-13,Biblioteca Central,Martínez-Ramírez,1,2020-09-07,366151739505,GO104,637,2020,E-000917
918,415,13,1a edicion,Suscripcion,Fisico,F-11045,120419.91,2023-08-02,Sede Norte,López and Sons,2,2022-05-08,973956181369,KL586,560,2004,E-000918
919,415,48,1a edicion,Compra,Fisico,F-48337,38134.41,2016-06-09,Coordinacion Academica,"Granados, Ramírez and Ceballos",3,2024-08-18,656853132343,MD499,283,2004,E-000919
920,416,1,4a edicion,Compra,Fisico,F-19592,22928.24,2016-08-02,Sede Sur,Vásquez-García,1,2014-05-19,311058181666,AG402,771,2013,E-000920
921,417,4,3a edicion,Suscripcion,Fisico,F-96797,88760.82,2020-04-07,Biblioteca Central,Buitrago Inc,1,2018-05-28,781857803515,TF954,882,1988,E-000921
922,418,44,5a edicion,Suscripcion,Fisico,F-59309,75186.16,2021-11-03,Coordinacion Academica,Rivera and Sons,1,2007-05-26,947611224643,YN508,492,2002,E-000922
923,418,27,3a edicion,Compra,Fisico,F-89875,134365.85,2019-03-27,Sede Norte,Luna Ltd,2,2025-04-11,414369149272,KE897,352,2024,E-000923
924,418,40,6a edicion,Canje,Fisico,F-31165,169467.91,2024-06-01,Sede Sur,Zapata-Córdoba,3,1977-07-26,254382498237,LM790,468,1976,E-000924
925,419,50,4a edicion,Donacion,Fisico,F-33894,35985.38,2015-12-28,Biblioteca Central,Ramírez Group,1,2006-10-21,386733043399,CV349,718,1998,E-000925
926,419,30,1a edicion,Canje,Fisico,F-47291,93909.72,2017-09-23,Coordinacion Academica,"Jiménez, Ortiz and Martínez",2,2020-02-24,937733666753,FS216,422,2020,E-000926
927,419,41,5a edicion,Compra,Fisico,F-53090,21128.41,2022-11-15,Biblioteca Central,Gómez-Alvarado,3,2023-09-09,173202805075,JQ506,805,2006,E-000927
928,420,1,1a edicion,Compra,Fisico,F-62602,72527.09,2021-05-31,Sede Norte,Cardozo Inc,1,2002-10-18,386342998473,NI964,559,1984,E-000928
929,420,30,5a edicion,Donacion,Fisico,F-51765,62688.69,2020-08-11,Sede Norte,Barragán-Moreno,2,2022-10-26,638409183039,GV191,694,1996,E-000929
930,420,19,5a edicion,Suscripcion,Fisico,F-84728,30062.8,2017-10-29,Coordinacion Academica,Roa-Castillo,3,1990-11-02,881238430023,RD617,503,1986,E-000930
931,421,44,2a edicion,Donacion,Fisico,F-37219,30117.18,2025-08-26,Coordinacion Academica,Espitia Ltd,1,2011-09-22,253298864417,ZP936,753,1999,E-000931
932,421,24,2a edicion,Donacion,Fisico,F-61491,103889.8,2017-12-16,Sede Norte,"Molina, Ceballos and García",2,2019-12-28,894519563131,FU610,765,2001,E-000932
933,421,1,1a edicion,Compra,Fisico,F-98513,123541.78,2015-03-27,Coordinacion Academica,Monsalve PLC,3,1996-01-05,154391770021,RF188,391,1983,E-000933
934,421,25,1a edicion,Canje,Fisico,F-87231,18974.48,2023-08-03,Sede Sur,Méndez LLC,4,2025-05-15,328835012968,QN943,226,2017,E-000934
935,421,8,4a edicion,Donacion,Fisico,F-17473,160052.86,2022-10-22,Sede Norte,Córdoba LLC,5,2025-09-05,361942977116,XP427,510,2006,E-000935
936,422,39,6a edicion,Donacion,Fisico,F-21719,164667.29,2015-08-21,Biblioteca Central,"Pacheco, Mendoza and Uribe",1,2005-02-08,158365740406,HR638,689,1988,E-000936
937,422,5,5a edicion,Suscripcion,Fisico,F-24936,134974.54,2024-01-29,Sede Sur,Pardo PLC,2,2017-04-07,289171211265,FR639,739,2012,E-000937
938,422,45,3a edicion,Compra,Fisico,F-81271,160328.89,2021-09-24,Sede Norte,"Orjuela, Parra and Quintero",3,2004-01-26,850008635264,SY151,716,1989,E-000938
939,423,46,2a edicion,Suscripcion,Fisico,F-65665,29605.88,2023-08-22,Coordinacion Academica,Olaya-Rodríguez,1,2001-07-20,286375416167,ZW646,738,1978,E-000939
940,423,51,1a edicion,Donacion,Fisico,F-98392,119806.26,2020-10-30,Biblioteca Central,"Vásquez, Henao and Castillo",2,2021-12-02,730333833784,DO410,878,1976,E-000940
941,423,45,3a edicion,Suscripcion,Fisico,F-55545,165374.49,2017-06-21,Biblioteca Central,Bermúdez-Castillo,3,2024-01-20,139033852287,PH457,777,2004,E-000941
942,424,50,6a edicion,Donacion,Fisico,F-90330,86387.31,2025-06-05,Sede Norte,Delgado-Arévalo,1,2018-04-01,592223267895,ZA733,595,1988,E-000942
943,424,7,5a edicion,Compra,Fisico,F-50425,38088.59,2019-09-26,Sede Norte,Cabrera-Rivera,2,1999-04-05,904912055127,EC984,444,1993,E-000943
944,425,26,4a edicion,Suscripcion,Fisico,F-22883,98999.37,2020-05-14,Coordinacion Academica,"Sepúlveda, Díaz and Méndez",1,2023-08-01,822092516015,KV643,635,2023,E-000944
945,425,60,2a edicion,Suscripcion,Fisico,F-78939,164498.59,2022-06-24,Sede Sur,García Group,2,2006-05-09,194594828454,VV846,750,1988,E-000945
946,426,11,4a edicion,Suscripcion,Fisico,F-87610,41221.03,2019-10-08,Coordinacion Academica,Rodríguez-Quintero,1,2025-10-17,587199535091,OD627,787,2024,E-000946
947,426,37,6a edicion,Donacion,Fisico,F-94355,80518.54,2025-08-25,Coordinacion Academica,"Ortiz, Jaramillo and Ardila",2,2007-04-02,286078876799,QU291,643,2007,E-000947
948,427,39,1a edicion,Suscripcion,Fisico,F-86124,111315.79,2024-01-25,Sede Sur,García PLC,1,2025-01-23,690839755529,EK208,218,2013,E-000948
949,427,40,4a edicion,Suscripcion,Fisico,F-29961,86582.63,2025-12-05,Coordinacion Academica,"Castillo, Cruz and Hurtado",2,2010-04-25,423755416128,BR125,642,1995,E-000949
950,427,24,6a edicion,Compra,Fisico,F-13843,167505.82,2025-04-19,Sede Sur,"Lozano, Carrillo and Moreno",3,2011-12-27,946644562563,TT551,191,1987,E-000950
951,427,22,4a edicion,Donacion,Fisico,F-19171,172310.57,2016-07-23,Sede Sur,"Gutiérrez, Vásquez and Rodríguez",4,2025-01-31,537517162532,FE459,900,2024,E-000951
952,428,6,6a edicion,Compra,Fisico,F-78889,85707.54,2015-08-18,Sede Sur,Gaitán Inc,1,2018-11-25,150568377239,TW104,815,2009,E-000952
953,429,39,6a edicion,Donacion,Fisico,F-68616,107594.39,2024-12-20,Coordinacion Academica,"Torres, Sepúlveda and Mejía",1,2003-02-06,801581107205,XT574,130,1991,E-000953
954,429,42,1a edicion,Donacion,Fisico,F-35713,17972.95,2016-02-21,Sede Norte,"Aguirre, Palacios and Jiménez",2,2017-08-12,797244541584,EJ113,145,2015,E-000954
955,430,32,3a edicion,Donacion,Fisico,F-13009,81247.53,2022-03-19,Sede Sur,"Quintero, Galvis and Molina",1,2001-08-14,276871727299,UC332,273,2000,E-000955
956,430,53,1a edicion,Compra,Fisico,F-32039,161261.86,2015-02-25,Coordinacion Academica,"García, Romero and Pineda",2,2010-06-17,317492585416,QO120,219,2001,E-000956
957,431,58,4a edicion,Suscripcion,Fisico,F-44021,130788.59,2021-06-09,Coordinacion Academica,Vélez Group,1,2025-03-30,363554139950,CL580,891,2025,E-000957
958,431,19,1a edicion,Canje,Fisico,F-22061,148115.34,2023-07-21,Sede Sur,Moreno PLC,2,2025-07-24,530807019033,MO779,691,2022,E-000958
959,431,44,4a edicion,Canje,Fisico,F-59863,104553.78,2020-07-12,Sede Norte,Acosta-Montoya,3,2016-04-20,810223896728,VF411,339,1998,E-000959
960,432,22,6a edicion,Compra,Fisico,F-59914,123127.2,2025-01-19,Coordinacion Academica,Saavedra Group,1,2000-05-30,666394510337,IM303,762,1989,E-000960
961,432,33,2a edicion,Canje,Fisico,F-39968,124122.83,2025-05-24,Sede Sur,Corredor Inc,2,2023-07-03,704108256229,XU539,725,2022,E-000961
962,432,27,4a edicion,Donacion,Fisico,F-61332,151928.61,2020-10-21,Sede Sur,"Quiroz, Zapata and Lozano",3,2023-05-05,268535966567,MR130,758,1985,E-000962
963,432,24,5a edicion,Suscripcion,Fisico,F-76570,163680.2,2018-04-05,Sede Norte,Zuluaga PLC,4,2014-08-08,946791749602,NQ766,498,2004,E-000963
964,433,43,6a edicion,Canje,Fisico,F-41962,158759.14,2023-03-05,Coordinacion Academica,Pinzón-Sánchez,1,2018-11-25,757116324739,EK807,425,2014,E-000964
965,433,23,1a edicion,Canje,Fisico,F-17808,74594.4,2023-01-31,Biblioteca Central,"Escobar, Zapata and Zambrano",2,2009-09-17,291537849210,ZU644,355,2009,E-000965
966,433,11,6a edicion,Compra,Fisico,F-70015,47517.17,2016-12-06,Sede Norte,"Ruiz, Silva and Castillo",3,2020-10-15,149680507594,FV813,558,2000,E-000966
967,434,59,2a edicion,Canje,Fisico,F-93222,145097.38,2018-11-15,Biblioteca Central,"Mercado, Arias and Vélez",1,2024-09-30,715218370184,AV129,144,2022,E-000967
968,434,22,5a edicion,Canje,Fisico,F-56445,21344.51,2016-06-27,Biblioteca Central,Tovar-Giraldo,2,2007-03-07,122950143518,XT773,269,2001,E-000968
969,435,14,3a edicion,Donacion,Fisico,F-28254,164961.19,2021-09-09,Sede Sur,Duque-Jaramillo,1,2008-12-17,854934041041,AV803,768,1981,E-000969
970,435,53,2a edicion,Suscripcion,Fisico,F-53333,46034.97,2023-12-11,Biblioteca Central,Pérez PLC,2,2020-08-10,255098464554,FY344,752,2018,E-000970
971,435,2,3a edicion,Donacion,Fisico,F-56919,45467.35,2020-03-02,Sede Sur,"Herrera, Rivera and Vargas",3,2022-11-04,706230283587,QM544,771,1997,E-000971
972,435,52,6a edicion,Canje,Fisico,F-16699,101389.48,2020-07-24,Sede Norte,Vega-Ramírez,4,2007-03-21,312723415345,LT667,812,1999,E-000972
973,435,23,3a edicion,Canje,Fisico,F-44018,119266.92,2019-11-02,Biblioteca Central,Díaz-Vargas,5,2021-12-04,764853147767,EV943,720,2018,E-000973
974,436,7,1a edicion,Suscripcion,Fisico,F-49903,71763.3,2019-01-04,Sede Sur,"Mena, Sanabria and Angulo",1,2003-07-18,854865408263,HG325,785,1989,E-000974
975,437,9,4a edicion,Donacion,Fisico,F-24110,83595.97,2017-03-29,Sede Norte,"Salamanca, Salgado and Betancur",1,2014-06-29,376777407159,KM494,177,1977,E-000975
976,437,6,6a edicion,Canje,Fisico,F-59093,173948.25,2023-01-24,Sede Norte,Muñoz Ltd,2,2020-12-10,567125155186,VK363,183,1983,E-000976
977,438,33,3a edicion,Compra,Fisico,F-95852,87942.45,2016-10-16,Biblioteca Central,Lozano LLC,1,2003-04-16,785430203432,XP160,514,2002,E-000977
978,439,16,1a edicion,Donacion,Fisico,F-88343,70444.48,2015-10-30,Coordinacion Academica,Caro LLC,1,2018-09-16,644364477281,MF160,398,1980,E-000978
979,439,46,3a edicion,Donacion,Fisico,F-98759,131143.3,2019-09-12,Coordinacion Academica,"Pérez, Monroy and Torres",2,1997-06-16,844006722236,WH923,182,1996,E-000979
980,440,18,2a edicion,Compra,Fisico,F-75808,71785.79,2025-06-29,Biblioteca Central,Contreras-Ocampo,1,2024-03-16,420651824516,LD765,235,2023,E-000980
981,440,24,5a edicion,Donacion,Fisico,F-49030,75434.18,2024-08-19,Sede Norte,Estrada PLC,2,1991-01-12,291353579341,DR904,819,1978,E-000981
982,440,16,3a edicion,Donacion,Fisico,F-57423,141572.93,2019-12-14,Coordinacion Academica,"Giraldo, Morales and Angarita",3,1994-10-21,303867315420,PQ720,704,1990,E-000982
983,440,46,3a edicion,Canje,Fisico,F-13182,138500.35,2022-01-19,Sede Sur,Arteaga-Quiroga,4,1988-11-20,671596069998,RK971,804,1979,E-000983
984,441,28,5a edicion,Canje,Fisico,F-21082,161288.77,2022-09-09,Sede Norte,León Group,1,2005-02-27,630794631768,YV595,201,1994,E-000984
985,442,2,4a edicion,Donacion,Fisico,F-86617,33924.23,2022-07-20,Coordinacion Academica,Luna-Torres,1,2009-10-09,240037222476,GJ499,881,1981,E-000985
986,442,59,4a edicion,Donacion,Fisico,F-76746,33404.55,2019-10-17,Sede Norte,"Trujillo, Monsalve and Santos",2,1998-11-18,777253242386,SC185,841,1996,E-000986
987,442,32,2a edicion,Donacion,Fisico,F-22838,112961.15,2017-10-05,Coordinacion Academica,Caro PLC,3,2023-03-02,963612765298,PF429,533,1978,E-000987
988,443,50,4a edicion,Compra,Fisico,F-57052,37589.99,2020-10-05,Coordinacion Academica,Ramírez Ltd,1,2013-10-04,102093040209,KS552,738,2004,E-000988
989,444,24,2a edicion,Compra,Fisico,F-45935,67436.34,2015-02-12,Sede Norte,Ortiz Inc,1,2014-10-26,241759168319,CL894,741,2013,E-000989
990,445,36,4a edicion,Compra,Fisico,F-50590,120261.95,2024-11-15,Biblioteca Central,Medina Inc,1,2013-06-22,753565607242,KJ423,595,2008,E-000990
991,445,49,4a edicion,Compra,Fisico,F-95009,143553.38,2018-01-19,Biblioteca Central,González-Niño,2,2020-04-20,957295173189,GD836,887,2000,E-000991
992,446,44,3a edicion,Canje,Fisico,F-19018,103517.46,2023-02-11,Sede Norte,Padilla LLC,1,2021-08-08,964319620697,TG534,634,2001,E-000992
993,447,57,2a edicion,Donacion,Fisico,F-32612,26825.71,2024-10-09,Sede Sur,Acosta-Sanabria,1,1983-10-11,366718021796,QD350,367,1977,E-000993
994,447,7,5a edicion,Canje,Fisico,F-29516,15482.13,2017-08-20,Sede Norte,Vera Group,2,2001-09-11,973431687753,KB341,257,1999,E-000994
995,448,44,6a edicion,Compra,Fisico,F-60690,101290.36,2023-02-12,Coordinacion Academica,Olaya LLC,1,2014-06-02,556221148377,EW961,89,2010,E-000995
996,449,44,1a edicion,Suscripcion,Fisico,F-59856,114038.39,2020-03-23,Sede Sur,"Arenas, Gutiérrez and Solano",1,2025-12-21,635359152434,CB538,573,2011,E-000996
997,450,23,2a edicion,Compra,Fisico,F-23070,143789.65,2025-11-02,Coordinacion Academica,Díaz-Flórez,1,1979-01-29,112512634478,QD567,196,1977,E-000997
998,451,24,1a edicion,Canje,Fisico,F-33632,50754.11,2015-01-27,Sede Sur,"Vega, Ortega and Martínez",1,2017-02-23,937866201423,XE212,879,1992,E-000998
999,451,40,3a edicion,Canje,Fisico,F-44018,169232.12,2019-09-18,Coordinacion Academica,Rodríguez-Mosquera,2,2013-10-21,774918754800,HQ504,432,2012,E-000999
1000,452,12,4a edicion,Suscripcion,Fisico,F-20256,53994.02,2020-01-02,Biblioteca Central,"Velásquez, Castañeda and Castillo",1,2008-12-01,931884049036,EK791,593,1982,E-001000
1001,453,55,4a edicion,Donacion,Fisico,F-56448,81130.68,2016-07-04,Coordinacion Academica,"Montes, Montes and Osorio",1,2023-10-17,584370783539,BK656,304,2023,E-001001
1002,453,24,4a edicion,Donacion,Fisico,F-22903,47273.54,2024-06-27,Coordinacion Academica,"Mora, Mercado and Cardona",2,2009-05-25,416742841759,OI942,127,1976,E-001002
1003,454,44,6a edicion,Canje,Fisico,F-59909,173633.44,2018-05-21,Sede Sur,Prieto-Hernández,1,1992-10-02,532878839804,WK490,260,1983,E-001003
1004,455,14,1a edicion,Canje,Fisico,F-24476,26817.03,2020-02-16,Coordinacion Academica,"Quintero, Mena and Camacho",1,2020-08-19,206425575680,RU800,385,1988,E-001004
1005,455,43,1a edicion,Canje,Fisico,F-48734,99374.18,2016-04-06,Coordinacion Academica,Ardila-Salazar,2,2014-02-02,688369072992,LZ854,511,1986,E-001005
1006,456,31,1a edicion,Canje,Fisico,F-51050,77222.77,2025-12-15,Coordinacion Academica,Mesa-Sepúlveda,1,2012-10-01,660893330824,JF594,102,2001,E-001006
1007,457,50,2a edicion,Compra,Fisico,F-46477,104311.81,2020-06-15,Sede Norte,"Hernández, Bustos and Vallejo",1,2022-07-14,900588623686,CZ332,786,2010,E-001007
1008,458,37,2a edicion,Donacion,Fisico,F-87838,33746.44,2022-03-22,Sede Norte,"Osorio, Quintero and Hernández",1,2024-12-06,521154404565,AB437,692,2023,E-001008
1009,458,5,1a edicion,Canje,Fisico,F-59429,137566.42,2022-09-09,Sede Norte,Sánchez LLC,2,2001-07-27,205566041662,LU183,636,1989,E-001009
1010,458,9,5a edicion,Donacion,Fisico,F-72890,35472.74,2017-02-27,Biblioteca Central,Orozco and Sons,3,2010-08-22,688786351147,CH216,537,2003,E-001010
1011,459,42,1a edicion,Suscripcion,Fisico,F-98754,88952.93,2021-11-15,Sede Sur,Franco Inc,1,2025-02-14,734936314369,ZK588,371,2024,E-001011
1012,459,29,5a edicion,Compra,Fisico,F-31132,168426.65,2016-07-06,Biblioteca Central,García-Rodríguez,2,2025-10-11,235249948330,KP213,365,2012,E-001012
1013,459,51,3a edicion,Suscripcion,Fisico,F-77735,136731.95,2021-03-14,Biblioteca Central,Guzmán Ltd,3,2018-03-07,572486831774,UN178,584,2009,E-001013
1014,460,21,4a edicion,Donacion,Fisico,F-63468,48019.18,2016-01-21,Sede Norte,"Daza, Carrillo and Gutiérrez",1,2025-12-04,609367563563,JQ475,440,2018,E-001014
1015,461,56,4a edicion,Compra,Fisico,F-88208,65339.57,2019-08-09,Sede Norte,"Garzón, Flórez and Beltrán",1,2019-05-31,656458341049,WP172,170,1986,E-001015
1016,461,34,6a edicion,Compra,Fisico,F-79520,176374.92,2016-11-13,Biblioteca Central,Sierra Ltd,2,2015-09-27,938007513038,HN312,738,2011,E-001016
1017,462,28,4a edicion,Canje,Fisico,F-99557,129775.21,2016-04-15,Coordinacion Academica,Maldonado-Angulo,1,2007-09-22,981420934012,XJ807,279,2006,E-001017
1018,462,52,2a edicion,Compra,Fisico,F-90467,157062.17,2018-09-11,Sede Sur,"Peña, Cano and Hernández",2,2006-05-29,141138896280,QX872,126,2001,E-001018
1019,462,39,1a edicion,Donacion,Fisico,F-98153,41951.46,2019-01-03,Sede Sur,"Pérez, Arias and Rojas",3,2024-12-01,668531570606,CQ895,420,1994,E-001019
1020,463,58,2a edicion,Compra,Fisico,F-73154,155350.88,2023-03-20,Sede Norte,Cifuentes and Sons,1,2014-11-21,794082849682,WR257,228,1996,E-001020
1021,463,7,4a edicion,Canje,Fisico,F-88669,130593.04,2017-01-24,Sede Sur,Daza and Sons,2,2010-05-05,176786144588,CE744,836,1995,E-001021
1022,464,56,4a edicion,Donacion,Fisico,F-33880,131600.29,2019-07-21,Biblioteca Central,Calderón Ltd,1,2013-02-20,865026078578,AU655,484,1991,E-001022
1023,464,39,3a edicion,Canje,Fisico,F-22801,151094.41,2023-02-10,Sede Sur,Trujillo-Martínez,2,2014-08-20,354770326182,XA196,401,1989,E-001023
1024,464,50,1a edicion,Donacion,Fisico,F-71642,113639.61,2020-11-05,Sede Sur,Delgado Group,3,2008-10-05,149915089374,IP766,681,1999,E-001024
1025,465,24,5a edicion,Suscripcion,Fisico,F-92527,60798.24,2023-03-07,Biblioteca Central,Ramírez PLC,1,2020-06-06,773232938124,OL719,260,2017,E-001025
1026,465,30,4a edicion,Donacion,Fisico,F-95308,171041.83,2025-05-19,Biblioteca Central,Lozano Group,2,2020-03-16,539884267131,MQ620,145,2019,E-001026
1027,466,40,4a edicion,Donacion,Fisico,F-69352,19749.17,2022-10-07,Sede Norte,"García, Cárdenas and Mesa",1,1997-09-05,624505803717,LP772,311,1988,E-001027
1028,467,20,2a edicion,Donacion,Fisico,F-32378,136270.92,2025-08-07,Sede Sur,Ruiz-Cano,1,1991-03-04,856318218489,LR731,617,1975,E-001028
1029,467,52,1a edicion,Suscripcion,Fisico,F-42195,45496.54,2017-08-19,Coordinacion Academica,"Ortiz, Hernández and Sánchez",2,2025-04-28,436350361907,SB114,176,2025,E-001029
1030,467,42,3a edicion,Canje,Fisico,F-32045,63927.6,2025-11-25,Sede Sur,Sánchez-López,3,2011-03-30,835106421816,YV784,111,2009,E-001030
1031,468,52,3a edicion,Compra,Fisico,F-88764,65762.31,2019-08-12,Sede Sur,"Cárdenas, Maldonado and Cortés",1,2002-12-22,202812840834,XD220,764,1992,E-001031
1032,469,22,4a edicion,Canje,Fisico,F-90306,147446.59,2018-03-13,Biblioteca Central,Martínez-Salas,1,2004-12-03,642492720556,WO459,277,2002,E-001032
1033,469,58,2a edicion,Suscripcion,Fisico,F-51932,66322.6,2022-02-19,Sede Norte,Franco and Sons,2,2015-06-17,852020163469,CO748,718,2014,E-001033
1034,469,59,2a edicion,Suscripcion,Fisico,F-97477,163799.95,2023-09-30,Biblioteca Central,"Rojas, Marín and Becerra",3,2023-08-17,804491293726,GS304,405,1978,E-001034
1035,470,12,6a edicion,Donacion,Fisico,F-93122,172873.69,2017-09-17,Coordinacion Academica,"Murillo, Díaz and Velasco",1,2019-12-29,883325717758,AK490,523,2014,E-001035
1036,470,39,2a edicion,Donacion,Fisico,F-55478,53565.06,2021-01-09,Coordinacion Academica,Pérez PLC,2,2021-06-30,723170851786,ST356,175,2012,E-001036
1037,471,35,2a edicion,Compra,Fisico,F-40211,144267.87,2018-06-05,Sede Norte,Mena and Sons,1,2024-03-23,818464030594,DX746,232,2015,E-001037
1038,471,25,4a edicion,Donacion,Fisico,F-34618,59576.22,2017-02-22,Sede Norte,Vera-Navarro,2,1993-02-06,429879058099,SC790,609,1993,E-001038
1039,471,15,2a edicion,Canje,Fisico,F-71949,76202.96,2025-07-13,Coordinacion Academica,"Suárez, Cortés and Sánchez",3,2022-07-24,381802657149,FK849,118,2009,E-001039
1040,472,52,3a edicion,Donacion,Fisico,F-42648,135030.63,2016-12-24,Coordinacion Academica,"Morales, Alfonso and Angulo",1,2025-01-05,782658322495,RG236,647,2024,E-001040
1041,472,2,4a edicion,Canje,Fisico,F-54567,150496.76,2015-03-30,Sede Sur,Cortés-Álvarez,2,2011-05-30,798187488677,ND635,716,1996,E-001041
1042,473,57,4a edicion,Compra,Fisico,F-84621,85441.8,2025-02-21,Coordinacion Academica,Vanegas-Restrepo,1,2019-02-07,457699390108,XP314,410,2013,E-001042
1043,473,54,4a edicion,Suscripcion,Fisico,F-15872,57671.35,2016-05-25,Sede Norte,Pérez Group,2,2015-02-27,138674162821,JH880,686,2013,E-001043
1044,473,18,2a edicion,Suscripcion,Fisico,F-46014,177682.59,2023-04-18,Coordinacion Academica,Jaramillo LLC,3,2019-08-19,515181440419,IS628,524,2012,E-001044
1045,473,38,5a edicion,Canje,Fisico,F-12149,82416.2,2016-03-12,Coordinacion Academica,León-Vanegas,4,2022-03-09,808047421000,FO122,523,2002,E-001045
1046,473,6,3a edicion,Suscripcion,Fisico,F-20589,19342.28,2023-07-05,Sede Norte,"Luna, Estrada and Mendoza",5,2013-02-25,678954808927,FS366,895,2012,E-001046
1047,474,7,3a edicion,Suscripcion,Fisico,F-56988,84107.17,2023-03-01,Sede Sur,Mendoza and Sons,1,2025-01-09,817259759702,BK446,158,2020,E-001047
1048,474,33,4a edicion,Compra,Fisico,F-22572,78419.31,2022-06-05,Sede Sur,Soto PLC,2,2025-04-30,719595243908,OY840,779,2009,E-001048
1049,474,19,6a edicion,Donacion,Fisico,F-90045,161452.66,2019-11-17,Sede Sur,"Vallejo, Pinzón and Rojas",3,1995-03-04,408921328220,WK431,857,1986,E-001049
1050,474,51,4a edicion,Suscripcion,Fisico,F-85577,145512.99,2017-07-28,Coordinacion Academica,Murillo PLC,4,2006-01-24,440776258834,QH146,218,1976,E-001050
1051,474,58,2a edicion,Suscripcion,Fisico,F-71817,152187.4,2021-01-08,Sede Norte,Sánchez Ltd,5,2022-12-18,464640613170,YD920,536,2020,E-001051
1052,475,22,1a edicion,Donacion,Fisico,F-52431,158763.39,2020-07-02,Coordinacion Academica,Alzate Group,1,1988-09-01,292176457011,XZ873,465,1977,E-001052
1053,476,51,1a edicion,Suscripcion,Fisico,F-77803,121726.13,2021-06-04,Sede Norte,"Alvarado, Vásquez and Pérez",1,2017-01-24,923597521017,BI516,652,1994,E-001053
1054,476,13,3a edicion,Canje,Fisico,F-12483,133814.92,2015-12-13,Biblioteca Central,"Reyes, Arrieta and Duque",2,2012-07-28,189205527964,OQ970,862,1978,E-001054
1055,476,36,5a edicion,Suscripcion,Fisico,F-53707,28869.76,2024-01-17,Sede Norte,"Mora, Jaramillo and Romero",3,2003-09-15,933230242985,GW401,738,1984,E-001055
1056,476,10,6a edicion,Suscripcion,Fisico,F-55911,101489.84,2023-07-06,Coordinacion Academica,"Camargo, Monsalve and Soto",4,2015-04-10,526130484087,LF435,504,2007,E-001056
1057,477,28,2a edicion,Canje,Fisico,F-99129,61407.72,2022-01-19,Sede Sur,Henao Group,1,2020-07-10,660076475721,BZ899,692,1987,E-001057
1058,478,15,1a edicion,Compra,Fisico,F-29731,47369.08,2019-02-27,Coordinacion Academica,Ramírez LLC,1,2023-05-16,562480478716,JH190,568,2022,E-001058
1059,478,29,2a edicion,Compra,Fisico,F-49512,61190.17,2019-01-03,Coordinacion Academica,Franco-Aguilar,2,2020-07-14,290816839865,ZS791,503,2020,E-001059
1060,479,26,4a edicion,Canje,Fisico,F-15392,99057.64,2025-02-10,Coordinacion Academica,González-Martínez,1,2009-12-28,644660768602,FG371,882,1999,E-001060
1061,479,55,3a edicion,Canje,Fisico,F-47598,122260.43,2025-07-21,Sede Sur,"Jaramillo, Chaparro and López",2,2023-05-07,653360626351,YE829,422,2006,E-001061
1062,479,23,2a edicion,Suscripcion,Fisico,F-70253,144889.9,2024-11-06,Biblioteca Central,"Escobar, Patiño and Ariza",3,2009-05-08,928766781027,SX902,325,1983,E-001062
1063,479,30,4a edicion,Suscripcion,Fisico,F-13279,58747.84,2016-09-07,Biblioteca Central,Vergara-López,4,2013-09-25,561623164293,GP578,443,2005,E-001063
1064,480,23,2a edicion,Canje,Fisico,F-19965,67319.86,2020-04-13,Sede Norte,Arango-Galvis,1,2022-12-26,953202729586,GB312,140,2013,E-001064
1065,481,42,6a edicion,Compra,Fisico,F-46406,136848.35,2023-12-06,Coordinacion Academica,"Bravo, Vallejo and Escobar",1,1980-11-25,535392004542,PC465,823,1978,E-001065
1066,481,16,6a edicion,Canje,Fisico,F-44523,71661.87,2020-11-21,Sede Sur,Pacheco Group,2,2010-05-13,824366395609,CT532,454,2007,E-001066
1067,482,56,6a edicion,Donacion,Fisico,F-66339,177335.8,2022-01-29,Biblioteca Central,Sánchez Inc,1,1994-12-26,383625978629,UE577,109,1986,E-001067
1068,483,5,1a edicion,Donacion,Fisico,F-86665,178284.0,2022-06-19,Sede Sur,"Sánchez, Rojas and González",1,2012-10-06,563102580230,VW179,160,2011,E-001068
1069,483,37,5a edicion,Suscripcion,Fisico,F-20531,29316.0,2016-02-21,Sede Sur,Peña-Gallego,2,2024-04-04,338380917346,EB866,538,2013,E-001069
1070,483,26,4a edicion,Compra,Fisico,F-50162,92613.33,2019-10-08,Biblioteca Central,Calderón Ltd,3,2025-05-22,806568191049,VC882,743,2025,E-001070
1071,483,32,6a edicion,Compra,Fisico,F-70497,135957.81,2019-08-13,Coordinacion Academica,González Group,4,2023-12-06,815847416224,DE979,880,2001,E-001071
1072,484,46,5a edicion,Compra,Fisico,F-58872,132482.44,2019-02-19,Coordinacion Academica,Gómez PLC,1,2013-04-21,746823788000,XB483,97,2010,E-001072
1073,484,40,1a edicion,Canje,Fisico,F-31505,130728.3,2022-10-04,Sede Norte,Hernández-Herrera,2,2022-05-25,898879417139,XQ284,668,2008,E-001073
1074,484,32,4a edicion,Canje,Fisico,F-51359,60909.51,2020-05-24,Sede Norte,Montenegro-Ramírez,3,2022-01-31,686791925602,TX532,258,2020,E-001074
1075,485,4,3a edicion,Compra,Fisico,F-21565,102769.13,2019-03-21,Biblioteca Central,"Rojas, Jiménez and Ramírez",1,2001-09-24,633900199040,MK414,541,1979,E-001075
1076,485,36,5a edicion,Compra,Fisico,F-69478,135983.34,2020-08-11,Sede Sur,Lozano Ltd,2,1999-07-26,384187934102,FO566,386,1990,E-001076
1077,485,1,2a edicion,Canje,Fisico,F-44400,61534.29,2015-03-10,Sede Norte,"Pardo, Arrieta and Castaño",3,1999-10-02,894209563700,DE331,881,1994,E-001077
1078,485,42,2a edicion,Canje,Fisico,F-80421,166103.15,2022-08-25,Coordinacion Academica,Díaz-López,4,2017-10-14,441078899893,AZ987,588,2007,E-001078
1079,486,6,2a edicion,Canje,Fisico,F-76254,126262.14,2015-02-05,Sede Norte,"Carrillo, Pineda and Hernández",1,1999-04-14,664166895900,KA482,280,1981,E-001079
1080,486,50,3a edicion,Compra,Fisico,F-37530,171892.93,2025-06-29,Sede Sur,"Vergara, Bejarano and Sánchez",2,2010-10-08,283127507558,JM810,201,1992,E-001080
1081,487,22,5a edicion,Compra,Fisico,F-78487,65092.11,2024-12-08,Biblioteca Central,Rodríguez PLC,1,2020-05-09,288620677421,GW667,464,2013,E-001081
1082,487,52,5a edicion,Compra,Fisico,F-70386,71951.7,2021-12-17,Sede Norte,Portilla-Romero,2,2012-03-11,689334505237,MZ310,179,1996,E-001082
1083,488,49,5a edicion,Compra,Fisico,F-15380,135836.03,2017-03-14,Biblioteca Central,Arrieta Ltd,1,2017-11-20,386985953375,UA986,474,1994,E-001083
1084,488,9,6a edicion,Donacion,Fisico,F-30576,31961.4,2021-10-27,Sede Sur,Becerra PLC,2,1998-08-16,609272454109,TL862,327,1987,E-001084
1085,489,12,1a edicion,Canje,Fisico,F-71889,164259.45,2018-04-24,Biblioteca Central,Patiño PLC,1,1987-02-12,198741926224,PA402,821,1978,E-001085
1086,489,13,2a edicion,Compra,Fisico,F-94032,73799.15,2017-03-12,Biblioteca Central,Torres Group,2,2003-12-14,172809444850,DE428,308,2000,E-001086
1087,489,4,3a edicion,Canje,Fisico,F-68953,87756.93,2015-12-27,Biblioteca Central,Ramírez-Betancur,3,1994-01-11,155378034156,RK731,838,1977,E-001087
1088,489,40,5a edicion,Canje,Fisico,F-51007,67761.5,2019-07-25,Coordinacion Academica,"Morales, Suárez and Salgado",4,2017-03-05,921358296625,GA919,392,2001,E-001088
1089,489,8,5a edicion,Donacion,Fisico,F-87465,31216.29,2019-07-24,Sede Sur,Ibarra-Campo,5,2008-08-13,268969352959,YE156,506,1995,E-001089
1090,490,2,4a edicion,Compra,Fisico,F-60127,177063.39,2019-04-08,Biblioteca Central,Hernández Group,1,1989-03-28,164498680791,BN871,799,1980,E-001090
1091,491,11,6a edicion,Canje,Fisico,F-26187,81742.14,2016-08-02,Coordinacion Academica,Morales and Sons,1,2016-06-26,653295841198,PH228,235,2015,E-001091
1092,491,41,4a edicion,Canje,Fisico,F-62705,43132.37,2023-10-09,Coordinacion Academica,"Zapata, Martínez and Carvajal",2,2018-12-09,782193957064,BO682,877,2018,E-001092
1093,491,2,5a edicion,Donacion,Fisico,F-45519,96933.94,2023-12-20,Biblioteca Central,"Camargo, García and Osorio",3,2005-07-20,103202994696,SA111,433,1999,E-001093
1094,492,52,6a edicion,Canje,Fisico,F-26974,140410.46,2021-03-07,Coordinacion Academica,Torres-Hernández,1,2012-09-12,873305238044,JQ306,241,1983,E-001094
1095,492,3,6a edicion,Suscripcion,Fisico,F-83250,71034.05,2020-07-13,Sede Norte,"Garcés, González and Ruiz",2,1985-05-14,985854565329,FV295,649,1984,E-001095
1096,493,40,3a edicion,Compra,Fisico,F-53866,45733.94,2023-01-16,Biblioteca Central,"Bedoya, Torres and Blanco",1,1988-06-29,844451760955,JB624,737,1982,E-001096
1097,493,59,6a edicion,Suscripcion,Fisico,F-59820,22246.44,2021-03-12,Biblioteca Central,Martínez Inc,2,1989-03-23,968328581407,TL951,266,1976,E-001097
1098,494,55,3a edicion,Suscripcion,Fisico,F-69133,172512.19,2019-06-23,Sede Sur,Arteaga-Ospina,1,2017-02-01,886157935128,YU693,103,2001,E-001098
1099,495,47,5a edicion,Canje,Fisico,F-61398,173884.57,2017-11-29,Sede Norte,Arias-Santos,1,2025-02-04,203230729374,JT498,417,1980,E-001099
1100,496,52,2a edicion,Donacion,Fisico,F-83251,96202.6,2020-09-14,Coordinacion Academica,Arias PLC,1,2016-05-09,479593147939,VY535,793,1997,E-001100
1101,496,5,2a edicion,Suscripcion,Fisico,F-16876,83753.93,2016-06-08,Sede Norte,Arias-Salazar,2,2019-05-01,752162204728,FH123,170,2014,E-001101
1102,497,13,5a edicion,Suscripcion,Fisico,F-46627,94529.08,2021-08-10,Sede Sur,Acosta-López,1,2025-11-13,927491631334,ZI557,161,2021,E-001102
1103,497,14,5a edicion,Compra,Fisico,F-53158,35006.78,2023-02-01,Sede Sur,Mejía-González,2,2023-02-01,746483010296,RB916,863,2023,E-001103
1104,497,36,2a edicion,Canje,Fisico,F-19623,112205.02,2023-06-14,Biblioteca Central,Bautista PLC,3,2006-01-11,603626213645,DB928,656,1995,E-001104
1105,497,24,2a edicion,Canje,Fisico,F-26796,107531.05,2021-08-07,Sede Sur,Rodríguez Ltd,4,2021-04-08,202575436790,ZN853,498,2021,E-001105
1106,497,41,1a edicion,Canje,Fisico,F-38975,35805.61,2023-03-10,Coordinacion Academica,"Torres, Cardona and Castro",5,2009-10-28,110709176226,CP927,649,2005,E-001106
1107,498,34,4a edicion,Suscripcion,Fisico,F-59807,128646.48,2016-09-03,Sede Norte,Salazar Inc,1,2024-01-10,951982182601,RA779,758,2007,E-001107
1108,499,57,2a edicion,Donacion,Fisico,F-80322,163676.57,2023-07-11,Biblioteca Central,"López, Bonilla and Morales",1,2025-02-22,338486401368,DE257,331,1986,E-001108
1109,499,3,4a edicion,Canje,Fisico,F-80146,135036.36,2022-08-23,Coordinacion Academica,"Gómez, Pinzón and Quiroz",2,2007-05-29,801838476456,WB607,594,1998,E-001109
1110,500,21,5a edicion,Donacion,Fisico,F-45232,136120.89,2021-06-11,Sede Sur,García-Palacios,1,2012-06-29,734929099442,NO586,422,2000,E-001110
1111,501,41,2a edicion,Compra,Fisico,F-52254,163041.81,2022-09-01,Sede Sur,Vargas Group,1,2005-01-12,789770460433,WH262,595,1989,E-001111
1112,502,35,6a edicion,Suscripcion,Fisico,F-21401,174549.72,2015-09-21,Sede Sur,García-Gómez,1,2012-02-28,679694881915,JL495,780,2006,E-001112
1113,502,29,3a edicion,Compra,Fisico,F-95447,34439.69,2021-12-02,Coordinacion Academica,"Posada, Rincón and Ramírez",2,2004-03-23,380995661731,MF442,309,1985,E-001113
1114,502,27,3a edicion,Canje,Fisico,F-56948,143477.21,2019-11-21,Sede Sur,Rueda Inc,3,2019-07-03,224067520196,AS726,492,1992,E-001114
1115,503,16,6a edicion,Compra,Fisico,F-84150,172643.2,2018-12-08,Sede Norte,Díaz-Contreras,1,2022-07-29,534265248299,QV903,276,2013,E-001115
1116,503,49,6a edicion,Canje,Fisico,F-72311,122614.27,2016-09-27,Sede Norte,Cardona-Narváez,2,1984-09-14,408902486503,TI248,209,1977,E-001116
1117,504,20,6a edicion,Donacion,Fisico,F-60013,82684.62,2015-07-19,Sede Sur,Gómez-González,1,2024-03-16,819131688576,AK810,130,2023,E-001117
1118,504,3,3a edicion,Compra,Fisico,F-35760,165148.24,2021-03-17,Biblioteca Central,Anaya and Sons,2,2025-05-29,468741549243,TM991,304,1980,E-001118
1119,505,51,5a edicion,Suscripcion,Fisico,F-73697,32213.93,2018-11-17,Sede Sur,Pinto Group,1,2006-10-23,397474651975,IN526,96,1990,E-001119
1120,505,38,2a edicion,Suscripcion,Fisico,F-90616,161937.61,2020-06-07,Sede Sur,Mendoza-Sánchez,2,2007-12-29,924339064522,LS944,492,1997,E-001120
1121,506,9,1a edicion,Canje,Fisico,F-37028,80189.48,2022-10-24,Sede Sur,Silva and Sons,1,2005-03-28,729745503342,WP164,189,1983,E-001121
1122,506,46,5a edicion,Canje,Fisico,F-68254,136916.17,2025-05-18,Sede Norte,Gómez LLC,2,2016-06-08,653204756667,MN473,835,2013,E-001122
1123,507,21,6a edicion,Donacion,Fisico,F-42230,157047.74,2022-07-21,Coordinacion Academica,López-Paz,1,2012-01-24,475612021560,US995,407,1980,E-001123
1124,508,25,2a edicion,Suscripcion,Fisico,F-38513,170494.85,2019-02-27,Coordinacion Academica,Tovar Inc,1,1994-03-28,806426310262,BO624,353,1980,E-001124
1125,508,1,4a edicion,Compra,Fisico,F-55009,28560.7,2023-10-06,Biblioteca Central,"Reyes, Correa and Caro",2,2010-09-27,656658470023,BA166,547,1993,E-001125
1126,509,10,5a edicion,Canje,Fisico,F-22579,145921.8,2021-10-10,Sede Norte,"Hoyos, Orozco and Ríos",1,2001-01-27,324794521866,RC788,182,1998,E-001126
1127,509,40,5a edicion,Donacion,Fisico,F-98206,140392.4,2020-10-20,Sede Sur,"Londoño, Bermúdez and Toro",2,2014-05-13,729912632152,WI587,358,2002,E-001127
1128,510,25,3a edicion,Compra,Fisico,F-12456,74671.38,2018-05-26,Sede Sur,"Rodríguez, Vargas and Bolívar",1,2017-09-21,974664258009,CK825,295,2002,E-001128
1129,510,20,2a edicion,Suscripcion,Fisico,F-71702,123445.05,2016-02-22,Sede Sur,Gómez PLC,2,2024-05-14,554664479497,TQ919,657,2015,E-001129
1130,511,1,5a edicion,Canje,Fisico,F-17047,95334.69,2025-08-13,Sede Norte,Arévalo LLC,1,2016-07-24,478440534804,UT315,448,1984,E-001130
1131,512,4,6a edicion,Compra,Fisico,F-26130,171708.19,2022-03-20,Sede Sur,Oviedo-Medina,1,2006-10-20,600201957224,TQ979,314,2004,E-001131
1132,512,40,3a edicion,Donacion,Fisico,F-19405,150076.79,2022-05-24,Sede Sur,Henao-Jaimes,2,2024-10-21,691392233562,GO595,216,2024,E-001132
1133,513,33,3a edicion,Suscripcion,Fisico,F-23613,51836.38,2018-01-12,Coordinacion Academica,"Mendoza, González and Peña",1,2019-01-03,204406448516,TR502,626,1998,E-001133
1134,514,30,2a edicion,Canje,Fisico,F-41167,157016.06,2021-01-06,Sede Sur,"Jiménez, Peña and Flórez",1,2020-03-12,512174002019,DE457,645,2016,E-001134
1135,515,48,5a edicion,Canje,Fisico,F-88355,64732.96,2020-06-21,Sede Sur,Reyes Inc,1,2025-11-21,653741397702,PP200,749,2024,E-001135
1136,516,51,5a edicion,Canje,Fisico,F-93922,34397.04,2017-03-03,Coordinacion Academica,"Ortiz, Moreno and Pérez",1,1990-12-10,362713031738,KN318,839,1977,E-001136
1137,516,51,6a edicion,Canje,Fisico,F-10246,64596.2,2020-03-19,Biblioteca Central,Rojas Ltd,2,2025-09-03,539167375349,QV926,687,2022,E-001137
1138,517,17,6a edicion,Suscripcion,Fisico,F-87315,95708.06,2024-01-29,Sede Norte,"Hurtado, Murillo and Barreto",1,2007-04-23,422011708843,TO227,649,2003,E-001138
1139,517,37,3a edicion,Compra,Fisico,F-38410,97386.76,2018-03-06,Sede Sur,Martínez LLC,2,2011-04-30,944879701285,FN512,117,1997,E-001139
1140,517,2,2a edicion,Suscripcion,Fisico,F-12529,27842.46,2018-11-26,Biblioteca Central,"Hernández, Rojas and Martínez",3,2002-09-13,933392506351,OR207,528,1982,E-001140
1141,517,25,4a edicion,Canje,Fisico,F-14383,95665.4,2019-11-07,Sede Norte,López Group,4,2022-03-14,683875718028,BF420,401,2022,E-001141
1142,517,26,6a edicion,Donacion,Fisico,F-57862,110419.64,2023-10-03,Sede Norte,"Soto, Gómez and Arenas",5,2019-02-05,704149781415,UI889,890,2018,E-001142
1143,518,26,6a edicion,Donacion,Fisico,F-35944,145446.81,2020-06-16,Sede Norte,Gaitán PLC,1,2021-12-20,974772338944,ZC464,800,2002,E-001143
1144,518,27,1a edicion,Suscripcion,Fisico,F-69566,36134.38,2020-12-27,Sede Norte,Arias Ltd,2,2021-04-30,955858522334,YT187,298,2008,E-001144
1145,518,23,1a edicion,Donacion,Fisico,F-10957,27277.76,2017-02-15,Biblioteca Central,"Molina, Mora and Chacón",3,2024-12-04,613693554863,SO977,397,1989,E-001145
1146,518,41,3a edicion,Donacion,Fisico,F-63108,155425.86,2025-05-08,Sede Norte,Burbano Inc,4,2007-02-04,625333119018,OA829,870,1985,E-001146
1147,519,50,1a edicion,Canje,Fisico,F-12929,47342.84,2023-08-11,Biblioteca Central,"Perea, Mora and Fernández",1,2020-10-23,158687262477,JV567,769,2001,E-001147
1148,519,52,3a edicion,Suscripcion,Fisico,F-83494,149270.26,2019-05-16,Biblioteca Central,"Gómez, Fonseca and García",2,2022-04-13,291184740400,RM970,430,2021,E-001148
1149,519,27,2a edicion,Suscripcion,Fisico,F-44657,131744.43,2023-12-21,Biblioteca Central,Suárez-Hernández,3,2016-01-11,674510232930,YD499,519,1986,E-001149
1150,520,52,2a edicion,Donacion,Fisico,F-31790,27467.21,2022-01-10,Sede Norte,Monroy-Loaiza,1,1988-12-08,985446449219,QQ486,164,1981,E-001150
1151,520,51,6a edicion,Donacion,Fisico,F-91093,157749.23,2019-06-04,Sede Sur,"Carmona, Jaramillo and Mendoza",2,2024-11-22,792624061021,QL744,359,1981,E-001151
1152,520,45,2a edicion,Donacion,Fisico,F-99973,150130.39,2018-02-21,Sede Sur,Montenegro-Montoya,3,2015-09-13,185575223346,BZ212,613,1999,E-001152
1153,520,6,2a edicion,Suscripcion,Fisico,F-34586,99349.55,2015-03-16,Sede Sur,Muñoz Inc,4,2011-09-27,160749668788,NP311,645,1981,E-001153
1154,521,7,6a edicion,Donacion,Fisico,F-66208,99643.52,2023-10-02,Biblioteca Central,Ortega-López,1,2022-01-20,957005137742,FG386,588,2016,E-001154
1155,521,25,6a edicion,Donacion,Fisico,F-13657,171109.57,2017-12-05,Sede Norte,Londoño-Suárez,2,2003-05-05,367139777196,MC431,353,1980,E-001155
1156,521,8,2a edicion,Suscripcion,Fisico,F-81002,49164.71,2019-05-14,Biblioteca Central,"Soto, Betancur and Palacios",3,1986-09-29,100840074436,PV620,573,1978,E-001156
1157,522,30,4a edicion,Compra,Fisico,F-85105,16743.57,2019-09-24,Coordinacion Academica,"Ortiz, Pérez and Camacho",1,2013-01-21,217834534870,RQ656,322,2000,E-001157
1158,522,25,2a edicion,Canje,Fisico,F-73331,84476.17,2020-05-31,Biblioteca Central,Restrepo Group,2,2025-04-21,558000317087,SV289,176,2024,E-001158
1159,522,3,3a edicion,Suscripcion,Fisico,F-16465,123367.16,2016-02-26,Coordinacion Academica,Vergara-Martínez,3,2009-04-21,734855962626,BS327,125,2006,E-001159
1160,522,11,4a edicion,Canje,Fisico,F-53058,146314.47,2017-11-17,Coordinacion Academica,Torres-González,4,2019-02-11,428424416048,ZC211,682,1989,E-001160
1161,523,21,6a edicion,Donacion,Fisico,F-99355,18371.47,2023-10-19,Sede Sur,"Salazar, Mosquera and Gómez",1,2001-08-29,979592486024,RU682,113,2000,E-001161
1162,523,42,1a edicion,Donacion,Fisico,F-27129,70488.36,2022-06-04,Biblioteca Central,Díaz LLC,2,2021-11-29,596481825738,VZ799,134,2011,E-001162
1163,524,36,5a edicion,Compra,Fisico,F-62049,178922.56,2016-08-05,Coordinacion Academica,"Cortés, Torres and Vanegas",1,2012-07-13,606852417683,LD383,259,1979,E-001163
1164,525,5,5a edicion,Donacion,Fisico,F-62163,135223.2,2023-10-04,Sede Sur,Murillo-Andrade,1,2007-01-23,288774981956,VV511,894,1996,E-001164
1165,526,28,5a edicion,Compra,Fisico,F-76852,90156.77,2023-11-21,Sede Sur,"Castillo, Jiménez and Gómez",1,1991-01-27,110799261717,TN244,697,1986,E-001165
1166,527,35,2a edicion,Canje,Fisico,F-99449,153467.35,2022-03-01,Biblioteca Central,"Bedoya, Palacio and Rivera",1,2025-01-11,546694902776,RH470,539,2024,E-001166
1167,528,31,3a edicion,Canje,Fisico,F-59464,109695.17,2023-08-27,Sede Sur,"Ortiz, Ávila and Rodríguez",1,1998-10-15,126294295507,OQ997,246,1995,E-001167
1168,529,59,1a edicion,Donacion,Fisico,F-42052,46250.73,2021-05-29,Sede Sur,Sánchez-Marín,1,1996-02-11,664219731896,ER750,676,1994,E-001168
1169,529,37,5a edicion,Compra,Fisico,F-54416,148324.31,2024-09-02,Coordinacion Academica,López-Sánchez,2,2025-05-29,641595231112,LS604,163,2020,E-001169
1170,529,2,2a edicion,Compra,Fisico,F-63845,97552.31,2025-03-06,Biblioteca Central,Luna Group,3,2021-09-07,730901712097,IR410,155,2006,E-001170
1171,530,1,3a edicion,Compra,Fisico,F-43209,104243.65,2017-08-07,Sede Sur,"Hernández, Sierra and Córdoba",1,2023-04-14,362889939836,ZY558,474,2019,E-001171
1172,531,36,4a edicion,Suscripcion,Fisico,F-70920,157835.45,2019-11-20,Biblioteca Central,Ortiz Group,1,2015-12-01,525242091796,RW386,309,1982,E-001172
1173,531,42,6a edicion,Suscripcion,Fisico,F-93233,125268.91,2017-08-13,Biblioteca Central,"Torres, Gómez and Mejía",2,2008-07-24,940263333389,IM583,858,1994,E-001173
1174,532,12,3a edicion,Suscripcion,Fisico,F-69138,69999.61,2023-06-20,Coordinacion Academica,Sánchez-Ojeda,1,1999-02-17,477391393710,QO219,878,1989,E-001174
1175,533,58,5a edicion,Compra,Fisico,F-49776,130650.07,2019-12-03,Sede Norte,"Escobar, Salazar and Trujillo",1,2015-04-21,228177703894,CC654,174,2009,E-001175
1176,534,55,3a edicion,Canje,Fisico,F-73392,23491.62,2021-08-31,Sede Sur,García-Molano,1,1999-11-17,739166847243,DS835,386,1999,E-001176
1177,534,54,1a edicion,Compra,Fisico,F-16714,94879.27,2021-06-17,Coordinacion Academica,"Vargas, Durán and Ospino",2,2014-04-11,436691955456,UF560,450,2005,E-001177
1178,534,48,3a edicion,Suscripcion,Fisico,F-70468,39726.58,2021-05-04,Coordinacion Academica,Forero Inc,3,2023-03-21,281040175919,HG496,779,1993,E-001178
1179,534,19,5a edicion,Canje,Fisico,F-99168,19080.3,2017-04-12,Biblioteca Central,Pinzón-Lara,4,2015-09-18,656665793807,KF364,781,2011,E-001179
1180,534,55,3a edicion,Suscripcion,Fisico,F-66868,77527.76,2021-08-14,Sede Norte,Gómez LLC,5,2022-09-14,817061359267,KR835,497,1999,E-001180
1181,535,60,4a edicion,Suscripcion,Fisico,F-91893,141642.41,2019-12-19,Coordinacion Academica,"López, Quintero and Serrano",1,2010-12-19,602040319159,AF549,690,2008,E-001181
1182,536,37,5a edicion,Suscripcion,Fisico,F-59315,51765.48,2020-04-02,Sede Norte,Fajardo-Castro,1,1995-05-28,919820530245,JP927,857,1977,E-001182
1183,536,43,1a edicion,Compra,Fisico,F-41242,178078.74,2016-05-19,Sede Norte,Muñoz PLC,2,2006-02-16,755214005521,DN529,256,2003,E-001183
1184,537,27,5a edicion,Donacion,Fisico,F-36439,42053.97,2017-02-27,Sede Norte,Bernal-Arboleda,1,2025-01-17,963511274049,WJ246,300,2025,E-001184
1185,538,18,4a edicion,Compra,Fisico,F-13608,152695.55,2025-09-04,Coordinacion Academica,Gómez-Ospina,1,2000-04-25,387652478249,MC824,312,1989,E-001185
1186,538,26,5a edicion,Canje,Fisico,F-27106,46470.32,2019-11-28,Coordinacion Academica,Tovar-Ramos,2,2018-01-10,956086276130,XC243,693,2018,E-001186
1187,539,22,2a edicion,Suscripcion,Fisico,F-16364,20446.03,2019-04-16,Sede Sur,"Hernández, Muñoz and Montoya",1,2005-09-09,680910683746,YR947,649,1983,E-001187
1188,540,50,3a edicion,Donacion,Fisico,F-25263,173704.68,2022-01-31,Biblioteca Central,"Gómez, Ríos and Gamboa",1,2019-09-28,281487816247,AM470,438,2009,E-001188
1189,541,52,1a edicion,Canje,Fisico,F-68204,82682.52,2018-05-24,Sede Norte,Roa-Sánchez,1,2007-09-30,466640585557,IC919,110,1984,E-001189
1190,541,56,4a edicion,Suscripcion,Fisico,F-62020,19523.15,2017-01-09,Biblioteca Central,Ortiz-Delgado,2,2017-07-01,891256176573,DZ704,213,2005,E-001190
1191,541,16,1a edicion,Suscripcion,Fisico,F-22193,117536.3,2023-01-16,Sede Sur,Villa PLC,3,1990-06-28,540492630381,FM524,293,1985,E-001191
1192,541,43,2a edicion,Suscripcion,Fisico,F-78745,143161.48,2016-10-15,Coordinacion Academica,"Rivera, Ortiz and Salazar",4,2024-12-07,872224730464,VR178,337,2012,E-001192
1193,541,20,5a edicion,Canje,Fisico,F-32764,110085.75,2016-04-08,Coordinacion Academica,"Cifuentes, Vargas and Bastidas",5,2021-02-19,834077399732,MW691,481,1985,E-001193
1194,542,1,2a edicion,Donacion,Fisico,F-81028,106856.8,2015-01-28,Coordinacion Academica,"Caicedo, Álvarez and Mora",1,2001-02-27,117199149656,SJ431,160,1982,E-001194
1195,543,32,3a edicion,Canje,Fisico,F-20392,39760.39,2015-03-28,Sede Norte,"Galindo, López and Herrera",1,2009-08-23,274724018183,IK848,800,1986,E-001195
1196,543,1,1a edicion,Suscripcion,Fisico,F-49001,75484.71,2018-01-17,Biblioteca Central,"Martínez, González and Hernández",2,2024-06-07,402358605983,TV642,590,2016,E-001196
1197,543,43,6a edicion,Compra,Fisico,F-45266,81955.47,2016-06-23,Coordinacion Academica,Martínez Ltd,3,2017-01-31,814336976263,YP857,98,2014,E-001197
1198,544,26,6a edicion,Suscripcion,Fisico,F-46146,43183.68,2015-07-28,Sede Norte,Vargas-Oviedo,1,2004-09-04,894000816477,WB507,136,1997,E-001198
1199,544,59,3a edicion,Canje,Fisico,F-81152,168780.73,2024-01-11,Sede Norte,González-Ortega,2,2016-12-28,113751038702,NV686,461,2005,E-001199
1200,544,10,2a edicion,Donacion,Fisico,F-80111,131690.94,2015-02-12,Coordinacion Academica,"Martínez, Roa and Montoya",3,2018-01-25,972088704365,YR190,345,2007,E-001200
1201,545,15,2a edicion,Suscripcion,Fisico,F-19892,59202.03,2022-06-11,Sede Sur,Rojas-Álvarez,1,2016-06-11,875242316830,NW202,715,2013,E-001201
1202,546,24,1a edicion,Compra,Fisico,F-66660,96897.99,2024-07-01,Coordinacion Academica,"Hernández, Molina and Muñoz",1,1983-08-01,244608582870,LT128,712,1975,E-001202
1203,546,5,5a edicion,Donacion,Fisico,F-25618,154983.65,2016-09-25,Sede Sur,Rivera Inc,2,1998-09-19,358240611802,BA332,801,1983,E-001203
1204,547,54,1a edicion,Canje,Fisico,F-94861,155414.45,2023-06-16,Coordinacion Academica,"Hoyos, Córdoba and Arévalo",1,2021-02-03,476176817660,JQ617,245,2011,E-001204
1205,548,35,6a edicion,Canje,Fisico,F-26369,27758.68,2024-06-12,Sede Norte,"Vargas, Gómez and Cáceres",1,2011-11-01,764869837818,MV761,534,1981,E-001205
1206,548,39,2a edicion,Compra,Fisico,F-53810,152030.84,2020-02-26,Sede Sur,Serna-Mena,2,2005-05-03,427205720462,RT674,558,1980,E-001206
1207,549,11,4a edicion,Donacion,Fisico,F-88812,28155.19,2025-05-19,Sede Norte,Mejía-Peña,1,2021-03-29,175991288549,KZ282,387,2012,E-001207
1208,549,51,4a edicion,Suscripcion,Fisico,F-94641,86650.14,2023-11-08,Coordinacion Academica,Muñoz-Rodríguez,2,2022-06-13,286745248722,ZJ869,344,2016,E-001208
1209,549,41,3a edicion,Donacion,Fisico,F-54906,156888.11,2021-12-25,Coordinacion Academica,Salazar-Morales,3,2002-07-31,643394503587,YO268,698,1994,E-001209
1210,550,31,1a edicion,Canje,Fisico,F-50289,51762.08,2020-10-24,Biblioteca Central,Montoya-Gómez,1,2015-03-27,275384636635,OZ728,665,1999,E-001210
1211,550,18,5a edicion,Compra,Fisico,F-48905,35684.57,2020-04-12,Coordinacion Academica,Solano-Alfonso,2,1998-04-24,155667108758,GZ741,111,1978,E-001211
1212,550,37,3a edicion,Compra,Fisico,F-18626,84126.78,2018-12-22,Coordinacion Academica,"Cifuentes, Gómez and Hernández",3,2021-04-13,624965496821,ZL525,210,2021,E-001212
1213,550,26,4a edicion,Donacion,Fisico,F-57968,58180.34,2016-09-21,Biblioteca Central,Vera-Pardo,4,2000-07-12,551919996948,ZE900,693,1993,E-001213
1214,550,39,1a edicion,Canje,Fisico,F-17687,165541.18,2022-08-12,Sede Sur,"Díaz, Guerrero and Bermúdez",5,1991-05-20,611738088303,BD347,191,1989,E-001214
1215,551,30,2a edicion,Donacion,Fisico,F-50729,165388.04,2017-11-25,Coordinacion Academica,Barrera-Agudelo,1,2015-09-28,560971361542,LH685,886,1982,E-001215
1216,551,41,1a edicion,Canje,Fisico,F-90003,146535.56,2017-06-09,Sede Sur,Rodríguez Ltd,2,1976-01-13,682444034463,NF854,359,1975,E-001216
1217,551,11,2a edicion,Donacion,Fisico,F-52341,116715.37,2022-09-04,Coordinacion Academica,González and Sons,3,2016-09-25,864124476917,JF592,886,2003,E-001217
1218,551,60,1a edicion,Canje,Fisico,F-88004,18280.05,2016-11-22,Sede Norte,Osorio-Rangel,4,2022-11-19,943665907211,WV267,839,2005,E-001218
1219,552,16,4a edicion,Canje,Fisico,F-15597,133750.98,2016-08-09,Biblioteca Central,Álvarez-Hernández,1,2025-05-16,141122805882,KT820,731,2021,E-001219
1220,553,27,1a edicion,Canje,Fisico,F-29090,89515.67,2020-06-25,Sede Norte,Giraldo Inc,1,2014-05-02,911070363075,CF822,412,1994,E-001220
1221,554,46,3a edicion,Donacion,Fisico,F-42582,35615.26,2021-12-11,Coordinacion Academica,Blanco-López,1,2017-08-04,257190180939,LQ841,802,2017,E-001221
1222,555,29,3a edicion,Canje,Fisico,F-39443,117625.51,2018-06-06,Sede Norte,Lozano-Delgado,1,2024-06-05,734297563138,MB509,681,2022,E-001222
1223,555,21,2a edicion,Donacion,Fisico,F-55450,43795.38,2020-04-04,Sede Norte,Ochoa PLC,2,2000-11-12,599652331239,AD302,334,1976,E-001223
1224,555,58,2a edicion,Donacion,Fisico,F-73098,53353.17,2018-10-26,Sede Norte,Fernández-Bejarano,3,2009-03-18,846629629603,PW313,131,2007,E-001224
1225,556,20,1a edicion,Donacion,Fisico,F-48419,140095.24,2025-06-20,Sede Sur,Arroyo-Hernández,1,2007-12-25,795877639887,CF683,631,1989,E-001225
1226,557,11,1a edicion,Donacion,Fisico,F-55461,22395.69,2025-04-09,Biblioteca Central,"Hurtado, Ibarra and Marín",1,2025-02-21,153256568514,ZA228,334,2020,E-001226
1227,557,7,1a edicion,Suscripcion,Fisico,F-21766,75330.19,2018-12-31,Sede Sur,Marín-Portilla,2,1997-08-26,157976287357,NZ923,681,1983,E-001227
1228,558,45,1a edicion,Canje,Fisico,F-29963,162734.56,2024-03-03,Sede Sur,Márquez-Henao,1,2020-06-10,477726496568,NC502,392,1992,E-001228
1229,558,38,5a edicion,Donacion,Fisico,F-58793,156215.4,2016-06-23,Sede Sur,Ariza and Sons,2,1986-01-22,659344629962,BG920,116,1979,E-001229
1230,558,34,1a edicion,Compra,Fisico,F-55253,164064.08,2018-12-01,Sede Norte,"Vargas, Galvis and Loaiza",3,2023-04-15,859046245874,KH417,705,2006,E-001230
1231,558,5,5a edicion,Suscripcion,Fisico,F-53670,129181.08,2024-08-16,Sede Sur,Herrera-Fernández,4,2025-03-09,646998197132,MY224,481,1991,E-001231
1232,558,12,5a edicion,Donacion,Fisico,F-63684,55595.18,2024-06-02,Coordinacion Academica,"Martínez, Cortés and Quiroz",5,2012-05-06,916560576501,UF520,217,2002,E-001232
1233,559,58,6a edicion,Suscripcion,Fisico,F-51411,36684.84,2024-10-19,Biblioteca Central,Castrillón-Erazo,1,2011-09-19,578709330045,FJ174,400,1979,E-001233
1234,559,10,1a edicion,Canje,Fisico,F-83711,123822.53,2020-08-13,Sede Sur,González PLC,2,2002-12-11,815832082967,WY530,689,1977,E-001234
1235,559,57,1a edicion,Canje,Fisico,F-99894,50602.36,2025-10-24,Coordinacion Academica,Mora LLC,3,2023-08-30,658059152016,LZ143,843,2003,E-001235
1236,560,3,1a edicion,Canje,Fisico,F-22589,155180.56,2023-03-21,Sede Norte,Gómez-Gil,1,1986-10-22,265785289731,NI597,605,1977,E-001236
1237,560,36,1a edicion,Donacion,Fisico,F-46837,146876.03,2025-01-17,Coordinacion Academica,Arango-Gutiérrez,2,2019-03-26,227373455509,OK495,328,2008,E-001237
1238,560,8,4a edicion,Suscripcion,Fisico,F-80209,136086.75,2015-12-29,Sede Sur,"Sánchez, Ramírez and Cuéllar",3,2021-09-24,563566972173,DE710,126,2010,E-001238
1239,561,43,5a edicion,Suscripcion,Fisico,F-62462,140192.99,2021-01-05,Sede Norte,Sánchez Ltd,1,2015-05-25,625618928876,OJ280,616,2015,E-001239
1240,561,31,2a edicion,Suscripcion,Fisico,F-10232,134460.4,2021-03-19,Biblioteca Central,"Garzón, Galvis and Rendón",2,1978-01-30,837330906578,VT985,377,1977,E-001240
1241,561,41,2a edicion,Suscripcion,Fisico,F-56098,84295.87,2015-03-14,Coordinacion Academica,"Ayala, García and Mendoza",3,2009-12-03,347028329820,YM844,821,2003,E-001241
1242,561,35,2a edicion,Compra,Fisico,F-89122,88168.36,2024-12-01,Sede Sur,Vargas LLC,4,2020-04-27,804818049860,UU361,434,2020,E-001242
1243,561,36,2a edicion,Suscripcion,Fisico,F-20411,57935.03,2020-05-23,Sede Sur,"Villamizar, Rincón and Gómez",5,2020-04-03,141078349929,RR545,468,1993,E-001243
1244,562,29,3a edicion,Compra,Fisico,F-54253,140872.14,2025-01-06,Biblioteca Central,Duque-Fonseca,1,2023-05-06,564217249869,PL411,442,2021,E-001244
1245,562,23,6a edicion,Canje,Fisico,F-37161,179490.56,2017-10-16,Biblioteca Central,"Rodríguez, Ríos and Meneses",2,2004-01-15,153703329264,CT740,751,2002,E-001245
1246,563,2,6a edicion,Compra,Fisico,F-55808,102327.24,2025-10-12,Sede Sur,Burgos-Niño,1,2015-04-15,462617741874,IK876,889,2012,E-001246
1247,563,50,4a edicion,Suscripcion,Fisico,F-41713,18040.71,2017-03-30,Biblioteca Central,"Acevedo, Gómez and León",2,1998-10-10,642791645267,ZH804,650,1988,E-001247
1248,564,54,4a edicion,Compra,Fisico,F-47115,105338.48,2022-07-20,Sede Norte,Pinzón-Mora,1,2015-08-10,255063336405,EI368,760,2012,E-001248
1249,564,24,3a edicion,Canje,Fisico,F-13116,123600.39,2018-11-02,Sede Sur,"Santos, Valencia and Torres",2,1990-06-05,654185431435,JA862,817,1978,E-001249
1250,565,59,5a edicion,Donacion,Fisico,F-75008,81241.16,2020-02-20,Sede Norte,Andrade Ltd,1,2024-02-23,660580971401,ZU589,218,2011,E-001250
1251,566,14,1a edicion,Donacion,Fisico,F-42601,101815.07,2023-08-30,Biblioteca Central,"López, García and Arboleda",1,2016-02-23,130182869964,OP694,161,1981,E-001251
1252,567,40,3a edicion,Donacion,Fisico,F-74450,129120.92,2023-01-03,Sede Sur,"Gutiérrez, Espitia and Benítez",1,2002-01-22,581493135241,LF681,659,1995,E-001252
1253,568,18,4a edicion,Suscripcion,Fisico,F-77106,117167.54,2022-10-10,Sede Norte,Muñoz-Alarcón,1,2015-02-03,208917047606,LI634,700,2001,E-001253
1254,568,10,3a edicion,Donacion,Fisico,F-52900,119253.0,2015-08-17,Biblioteca Central,Osorio-Luna,2,2006-01-12,238151632802,GR355,118,1999,E-001254
1255,568,58,3a edicion,Compra,Fisico,F-60101,137687.08,2020-01-24,Biblioteca Central,Pacheco-Ortega,3,1993-01-25,495929207396,TG180,755,1983,E-001255
1256,568,37,6a edicion,Compra,Fisico,F-23407,167299.58,2024-07-17,Sede Norte,Rueda-Cortés,4,2021-04-07,116785659087,AU444,151,1998,E-001256
1257,568,28,1a edicion,Compra,Fisico,F-38509,110553.93,2020-06-21,Sede Sur,"Bernal, Chávez and Bonilla",5,2019-01-22,403960522587,KH597,730,2001,E-001257
1258,569,25,2a edicion,Suscripcion,Fisico,F-52779,38188.29,2019-05-21,Sede Sur,"Hurtado, Sánchez and Cruz",1,2024-06-27,709151465456,QQ929,368,2012,E-001258
1259,569,10,1a edicion,Donacion,Fisico,F-44016,129523.15,2016-09-03,Sede Sur,"Muñoz, Montoya and Flórez",2,2007-08-04,699305524905,TS956,482,1994,E-001259
1260,570,56,4a edicion,Donacion,Fisico,F-20067,64533.56,2015-06-20,Sede Norte,"Osorio, Orozco and Molina",1,2000-12-01,181359659726,EY957,192,1979,E-001260
1261,571,25,6a edicion,Suscripcion,Fisico,F-86960,149008.6,2025-04-26,Sede Sur,"Carvajal, Suárez and Rengifo",1,1990-09-07,236528361459,PS718,860,1977,E-001261
1262,571,37,4a edicion,Compra,Fisico,F-21176,19043.7,2020-02-04,Biblioteca Central,"Hernández, Acosta and Castro",2,2020-01-13,653506855911,OV681,842,1990,E-001262
1263,571,7,5a edicion,Donacion,Fisico,F-51330,154754.82,2019-03-30,Sede Norte,Muñoz and Sons,3,2019-04-09,434528091481,BZ843,577,1982,E-001263
1264,571,43,2a edicion,Canje,Fisico,F-15933,51373.33,2015-11-18,Sede Sur,Prieto PLC,4,2025-10-09,315148811997,RX873,151,2001,E-001264
1265,572,55,5a edicion,Compra,Fisico,F-11272,171548.26,2018-11-01,Biblioteca Central,Blanco-Pérez,1,2024-05-04,876089456017,EG337,240,1982,E-001265
1266,572,8,4a edicion,Compra,Fisico,F-50870,89321.93,2020-08-19,Sede Sur,"Bernal, Vega and Pérez",2,2023-07-16,101778419271,HH686,842,1995,E-001266
1267,573,30,1a edicion,Canje,Fisico,F-75972,90697.26,2017-05-21,Biblioteca Central,"Mercado, Sánchez and González",1,2012-08-31,314841913274,UV207,348,1978,E-001267
1268,574,18,3a edicion,Suscripcion,Fisico,F-29984,90524.57,2022-06-02,Coordinacion Academica,"Sierra, Giraldo and Ayala",1,2014-06-26,394633225396,SG909,135,1997,E-001268
1269,574,18,1a edicion,Donacion,Fisico,F-68947,58811.57,2021-12-07,Coordinacion Academica,Delgado PLC,2,2020-04-10,761440897744,BW335,332,2004,E-001269
1270,574,46,2a edicion,Suscripcion,Fisico,F-90592,62673.54,2017-01-31,Coordinacion Academica,"Velásquez, Rojas and Sánchez",3,2015-05-23,430555594315,BD172,84,2013,E-001270
1271,575,11,4a edicion,Suscripcion,Fisico,F-40637,170150.02,2022-11-18,Biblioteca Central,Díaz and Sons,1,1996-02-09,638364198853,AA506,327,1976,E-001271
1272,575,6,1a edicion,Suscripcion,Fisico,F-53553,63728.24,2023-10-28,Biblioteca Central,Aguirre Group,2,1983-04-01,452899181692,ON331,485,1980,E-001272
1273,575,60,3a edicion,Compra,Fisico,F-46817,87734.03,2025-08-29,Coordinacion Academica,González-Chávez,3,2011-11-09,759122342046,QU407,654,1977,E-001273
1274,576,38,5a edicion,Canje,Fisico,F-43072,100266.14,2020-03-29,Biblioteca Central,"Sandoval, Velásquez and Meneses",1,2022-02-18,816822238158,PW352,495,2015,E-001274
1275,576,4,4a edicion,Suscripcion,Fisico,F-19413,88345.1,2025-08-25,Sede Norte,González-Vásquez,2,1983-04-11,631089207964,JG420,667,1981,E-001275
1276,577,52,2a edicion,Compra,Fisico,F-79180,32038.46,2025-06-12,Biblioteca Central,Flórez-López,1,2017-06-05,217863994702,BX687,800,2013,E-001276
1277,577,54,1a edicion,Compra,Fisico,F-90751,18898.3,2025-05-04,Biblioteca Central,Burbano LLC,2,2025-05-16,414683876544,KU400,168,2023,E-001277
1278,577,55,5a edicion,Suscripcion,Fisico,F-46610,52529.19,2017-08-13,Sede Sur,Bedoya Inc,3,2011-12-29,721325396134,SQ847,496,1997,E-001278
1279,577,24,2a edicion,Donacion,Fisico,F-24273,94207.41,2022-08-16,Biblioteca Central,Serna LLC,4,2022-11-03,335443851625,NZ844,319,2019,E-001279
1280,578,20,5a edicion,Donacion,Fisico,F-92117,81696.05,2018-11-26,Sede Norte,"Bedoya, Ramírez and Álvarez",1,1979-12-21,523996340763,SK834,194,1975,E-001280
1281,578,31,6a edicion,Suscripcion,Fisico,F-23600,179084.19,2017-06-05,Sede Sur,"Angulo, Gómez and Ramírez",2,2025-06-10,571429993269,YA811,238,2022,E-001281
1282,579,47,2a edicion,Donacion,Fisico,F-83420,150742.73,2024-06-26,Coordinacion Academica,Perea-Parra,1,2022-02-05,464461572986,FA777,329,2006,E-001282
1283,580,31,6a edicion,Suscripcion,Fisico,F-69406,124523.94,2017-12-04,Biblioteca Central,Figueroa-Castro,1,2022-11-01,366111702116,KX380,670,1984,E-001283
1284,580,8,4a edicion,Suscripcion,Fisico,F-14374,86019.48,2019-02-05,Sede Sur,"Rivera, Palacio and Quintero",2,2022-06-26,806776446888,WB203,569,1987,E-001284
1285,580,21,4a edicion,Donacion,Fisico,F-25916,79115.89,2018-10-20,Biblioteca Central,Mejía-Triana,3,2025-12-30,866192966147,MN930,681,1989,E-001285
1286,581,49,3a edicion,Suscripcion,Fisico,F-62513,49423.28,2021-08-24,Coordinacion Academica,López-Rodríguez,1,2003-08-23,211736046074,UM403,758,1987,E-001286
1287,581,21,3a edicion,Suscripcion,Fisico,F-40248,113884.46,2017-08-30,Sede Sur,Jiménez-García,2,2022-03-30,244574663666,CW586,792,2015,E-001287
1288,582,26,6a edicion,Donacion,Fisico,F-52225,35813.63,2024-05-08,Biblioteca Central,Ospino Inc,1,2016-06-13,127183995109,ZO736,257,1981,E-001288
1289,582,1,1a edicion,Compra,Fisico,F-97454,142168.46,2015-08-15,Biblioteca Central,"Valencia, Castillo and Figueroa",2,2001-05-28,459995466879,SI534,155,1999,E-001289
1290,582,55,5a edicion,Suscripcion,Fisico,F-83642,57557.3,2017-10-30,Biblioteca Central,"Correa, Guzmán and Rodríguez",3,2004-02-28,100992086250,YR148,768,2001,E-001290
1291,583,42,2a edicion,Canje,Fisico,F-59213,152314.33,2022-01-01,Biblioteca Central,Osorio PLC,1,2010-02-20,850606360445,GJ803,805,2007,E-001291
1292,583,31,2a edicion,Donacion,Fisico,F-38580,27140.1,2017-12-16,Sede Sur,"Hernández, Lozano and Ospina",2,2019-01-30,235416991579,TM605,772,2010,E-001292
1293,583,41,2a edicion,Suscripcion,Fisico,F-51551,134565.49,2015-10-15,Sede Norte,Giraldo Group,3,2025-04-11,946417029127,ZA643,640,2004,E-001293
1294,584,27,2a edicion,Compra,Fisico,F-62118,150621.32,2016-05-12,Coordinacion Academica,"Moreno, Mejía and Cortés",1,1983-12-10,170370490038,US753,724,1983,E-001294
1295,585,54,1a edicion,Donacion,Fisico,F-64193,58196.74,2016-04-21,Coordinacion Academica,Ortega Ltd,1,2022-07-03,364602415442,VU533,598,2020,E-001295
1296,585,59,6a edicion,Compra,Fisico,F-70613,86699.99,2015-03-03,Sede Norte,Ocampo-García,2,2001-03-19,345445964648,AL900,671,1987,E-001296
1297,586,43,2a edicion,Canje,Fisico,F-79947,39615.52,2024-12-11,Coordinacion Academica,"Osorio, Morales and Benítez",1,2022-07-23,601673840846,SO204,259,2020,E-001297
1298,586,30,5a edicion,Canje,Fisico,F-91869,108665.63,2024-06-25,Sede Norte,Rodríguez-Hurtado,2,2009-10-13,305884765272,EA420,269,1999,E-001298
1299,586,49,3a edicion,Canje,Fisico,F-99626,100838.96,2023-07-11,Sede Norte,Hernández Ltd,3,2023-04-19,794698044356,YL539,865,2014,E-001299
1300,587,33,1a edicion,Compra,Fisico,F-50515,144220.36,2017-06-30,Sede Norte,Gaitán-Barrera,1,2018-10-04,568350430442,SR363,104,2009,E-001300
1301,587,2,3a edicion,Suscripcion,Fisico,F-21163,153750.34,2018-07-23,Sede Sur,Rivera LLC,2,2024-08-28,841284864666,CR775,880,2013,E-001301
1302,587,50,6a edicion,Suscripcion,Fisico,F-31875,143699.79,2020-12-13,Coordinacion Academica,Ochoa PLC,3,2019-08-17,774005229016,LE153,255,2019,E-001302
1303,588,45,2a edicion,Compra,Fisico,F-44923,172497.4,2025-09-11,Sede Norte,Páez LLC,1,2013-03-13,286693475529,KQ219,502,2011,E-001303
1304,588,47,4a edicion,Suscripcion,Fisico,F-12947,50700.08,2017-02-18,Sede Sur,Domínguez-González,2,2025-10-04,428602449989,PO174,628,1986,E-001304
1305,588,12,5a edicion,Canje,Fisico,F-96231,117172.7,2021-05-14,Coordinacion Academica,Toro-Sandoval,3,2025-01-04,948120350523,EP332,818,2025,E-001305
1306,588,59,5a edicion,Donacion,Fisico,F-57055,176163.07,2024-07-24,Sede Sur,Flórez-Díaz,4,2025-10-04,481236934649,CD169,657,2004,E-001306
1307,589,47,4a edicion,Canje,Fisico,F-21185,27125.92,2020-05-17,Sede Norte,"Sandoval, Palacio and Caicedo",1,1995-06-07,533738606822,IC566,92,1984,E-001307
1308,589,34,4a edicion,Donacion,Fisico,F-61504,173043.89,2020-03-11,Coordinacion Academica,"Amaya, Castillo and Hernández",2,2019-11-14,212116139639,IF264,453,1988,E-001308
1309,589,47,2a edicion,Donacion,Fisico,F-14014,146419.64,2021-02-02,Biblioteca Central,Hernández Group,3,2016-07-17,535344300708,KQ355,112,2010,E-001309
1310,589,45,2a edicion,Donacion,Fisico,F-43127,179047.34,2021-04-07,Sede Norte,"García, Martínez and Toro",4,2024-11-06,613297023472,IX328,255,2022,E-001310
1311,589,57,4a edicion,Donacion,Fisico,F-32513,120051.66,2017-07-29,Coordinacion Academica,"Morales, Alarcón and López",5,1983-10-07,490762953052,RL880,377,1982,E-001311
1312,590,1,4a edicion,Donacion,Fisico,F-18395,116835.15,2024-06-22,Biblioteca Central,"Jiménez, Reyes and Palacio",1,1992-03-31,424486553842,KN241,637,1984,E-001312
1313,590,54,6a edicion,Compra,Fisico,F-99375,133217.54,2020-06-30,Coordinacion Academica,"Hernández, Meza and Hernández",2,2010-09-07,792388845754,LP505,414,2005,E-001313
1314,591,23,3a edicion,Compra,Fisico,F-12553,18022.86,2019-01-28,Biblioteca Central,Blanco Inc,1,2021-05-04,662779705576,XB217,713,2014,E-001314
1315,592,46,2a edicion,Donacion,Fisico,F-32664,49318.55,2015-07-15,Biblioteca Central,Barrera and Sons,1,2014-09-28,560462601804,WK110,542,2009,E-001315
1316,593,3,2a edicion,Donacion,Fisico,F-34956,125494.82,2022-08-28,Sede Norte,Castro-Martínez,1,2004-06-15,403395394364,FG302,547,1990,E-001316
1317,594,8,4a edicion,Donacion,Fisico,F-13949,157637.35,2016-04-03,Coordinacion Academica,Castro Group,1,2013-10-05,536838822511,FQ326,206,1988,E-001317
1318,595,40,4a edicion,Suscripcion,Fisico,F-98612,65415.54,2017-10-15,Sede Norte,Villegas PLC,1,2025-08-07,103685631940,KX360,462,2025,E-001318
1319,595,5,1a edicion,Suscripcion,Fisico,F-67133,79509.01,2021-07-04,Coordinacion Academica,Rodríguez-López,2,2003-05-03,130083171527,QU802,639,1992,E-001319
1320,596,36,1a edicion,Compra,Fisico,F-95968,30672.31,2019-07-26,Sede Sur,"Díaz, Barrios and Becerra",1,2025-06-19,736268057128,HC522,789,2025,E-001320
1321,597,19,1a edicion,Compra,Fisico,F-10795,67445.44,2015-03-16,Coordinacion Academica,Chacón Inc,1,1986-08-17,729707806296,MR822,505,1975,E-001321
1322,598,13,1a edicion,Canje,Fisico,F-53439,76458.85,2022-10-30,Sede Norte,Rodríguez-Martínez,1,2025-05-02,279084305578,ZL236,756,2021,E-001322
1323,599,21,5a edicion,Donacion,Fisico,F-94924,88433.85,2018-05-30,Sede Norte,"Bedoya, Gallego and Martínez",1,2011-01-29,912912812044,DS158,796,2010,E-001323
1324,599,32,4a edicion,Donacion,Fisico,F-98652,47748.75,2019-01-31,Biblioteca Central,Bastidas-León,2,2023-06-07,219278063492,OZ189,198,2020,E-001324
1325,599,53,3a edicion,Canje,Fisico,F-99892,86841.32,2017-01-13,Coordinacion Academica,Bejarano Ltd,3,2003-02-20,875006754057,CK656,645,1996,E-001325
1326,600,15,1a edicion,Suscripcion,Fisico,F-79667,111947.58,2025-11-14,Sede Norte,Osorio Ltd,1,2001-10-23,379258224062,BX467,626,2000,E-001326
1327,600,46,5a edicion,Suscripcion,Fisico,F-81246,86241.46,2023-12-18,Sede Sur,Torres-Ayala,2,2007-02-27,293837226947,ZO723,305,2007,E-001327
1328,601,45,3a edicion,Canje,Fisico,F-33730,22457.27,2023-04-05,Sede Sur,Fonseca and Sons,1,2022-09-07,549096945480,GB553,408,2019,E-001328
1329,601,39,5a edicion,Compra,Fisico,F-99210,46080.54,2020-01-14,Sede Norte,Restrepo Group,2,2025-03-31,877467770561,SK412,856,2003,E-001329
1330,602,29,3a edicion,Canje,Fisico,F-23641,29480.92,2019-05-13,Biblioteca Central,"Rodríguez, Yepes and Muñoz",1,2007-05-29,725130309268,WU969,445,2001,E-001330
1331,603,59,1a edicion,Compra,Fisico,F-96415,168180.47,2016-11-18,Sede Norte,Monsalve PLC,1,2021-06-04,950902967918,ZJ310,286,2011,E-001331
1332,603,39,4a edicion,Compra,Fisico,F-77373,47299.99,2020-02-22,Coordinacion Academica,"Amaya, Bermúdez and Torres",2,2022-05-27,923262589954,UE172,213,1999,E-001332
1333,603,41,5a edicion,Donacion,Fisico,F-74991,61325.94,2025-02-13,Biblioteca Central,"Guzmán, Peña and Cortés",3,2022-09-11,227734361397,GN865,332,2017,E-001333
1334,603,37,5a edicion,Suscripcion,Fisico,F-87908,35896.56,2016-03-06,Sede Sur,Hernández-Muñoz,4,2025-09-11,532485733428,PY149,881,2021,E-001334
1335,603,34,6a edicion,Suscripcion,Fisico,F-80910,160518.15,2022-08-03,Sede Sur,Peña Ltd,5,1998-06-24,663265778707,CT474,831,1989,E-001335
1336,604,33,4a edicion,Compra,Fisico,F-43843,143030.48,2025-11-13,Coordinacion Academica,"Molina, Hernández and Ortega",1,2023-10-16,866204666716,ZJ348,132,2010,E-001336
1337,604,42,1a edicion,Suscripcion,Fisico,F-75069,111918.61,2021-11-25,Sede Sur,"García, Pabón and Bonilla",2,2020-02-05,404005661272,CB420,553,2020,E-001337
1338,605,17,3a edicion,Canje,Fisico,F-15664,89563.41,2021-07-09,Sede Norte,Quintero-Sánchez,1,2023-05-25,571346106429,YR238,474,2016,E-001338
1339,605,60,3a edicion,Canje,Fisico,F-40442,64123.51,2020-01-26,Sede Sur,"León, Torres and Díaz",2,2023-08-25,727037369892,OJ211,785,2015,E-001339
1340,605,60,6a edicion,Canje,Fisico,F-54680,110656.95,2025-04-24,Sede Norte,Manrique Ltd,3,2001-05-22,773970140325,LO628,417,2000,E-001340
1341,606,56,5a edicion,Compra,Fisico,F-89425,131167.06,2021-06-02,Coordinacion Academica,Silva-Rangel,1,2022-12-20,655613609270,HK975,401,2015,E-001341
1342,606,49,2a edicion,Suscripcion,Fisico,F-64609,124888.87,2023-12-11,Biblioteca Central,Salazar Inc,2,2025-10-04,625611297400,MI638,396,2003,E-001342
1343,606,44,1a edicion,Suscripcion,Fisico,F-37592,24370.22,2019-12-19,Biblioteca Central,"Mejía, Sarmiento and Cardona",3,2001-10-02,855082611000,SR960,557,1988,E-001343
1344,606,25,1a edicion,Donacion,Fisico,F-96191,19214.2,2022-01-09,Biblioteca Central,Cerón LLC,4,2025-06-21,660458569752,JR647,303,2004,E-001344
1345,606,11,2a edicion,Donacion,Fisico,F-75673,68055.23,2015-02-25,Sede Norte,"Ramírez, Suárez and Díaz",5,2025-03-11,310041896623,ZH518,675,1999,E-001345
1346,607,36,3a edicion,Compra,Fisico,F-34548,51994.37,2023-07-31,Sede Norte,Cáceres-Bautista,1,2001-10-29,983403376216,UJ502,402,1996,E-001346
1347,607,30,2a edicion,Canje,Fisico,F-97945,132304.31,2024-01-27,Biblioteca Central,Ceballos-Montoya,2,1994-02-11,784122763999,KK561,239,1987,E-001347
1348,608,13,2a edicion,Donacion,Fisico,F-45106,94541.78,2015-11-03,Sede Sur,Marín Group,1,2019-08-08,969403948469,IW727,417,2019,E-001348
1349,609,46,3a edicion,Canje,Fisico,F-55177,129652.02,2015-06-21,Sede Norte,Medina Group,1,2017-06-13,143107503779,TK520,196,2012,E-001349
1350,609,5,2a edicion,Suscripcion,Fisico,F-44795,169607.94,2023-11-22,Sede Sur,García-Salamanca,2,2010-08-23,403068357736,FG918,561,2005,E-001350
1351,609,50,2a edicion,Compra,Fisico,F-83887,56131.45,2022-06-07,Biblioteca Central,"Díaz, Luna and Hurtado",3,2004-12-26,799893061003,RK251,569,2000,E-001351
1352,609,54,4a edicion,Canje,Fisico,F-67357,136265.58,2016-02-28,Sede Norte,González-Rincón,4,2018-02-28,696907788247,WJ764,322,2018,E-001352
1353,610,24,4a edicion,Canje,Fisico,F-64951,106980.45,2018-12-15,Sede Norte,"Gómez, Cerón and López",1,2015-04-19,107177735065,HD362,459,2015,E-001353
1354,610,52,3a edicion,Canje,Fisico,F-26524,174971.67,2017-05-19,Sede Sur,Orjuela Group,2,2012-07-11,106136236545,YQ611,590,1998,E-001354
1355,610,35,5a edicion,Canje,Fisico,F-40420,121617.39,2020-06-22,Coordinacion Academica,López-Rengifo,3,2023-03-25,732183478365,AE840,695,2006,E-001355
1356,611,3,1a edicion,Donacion,Fisico,F-42007,81050.72,2019-03-25,Sede Norte,Cifuentes-Rueda,1,2022-08-11,722465877770,OV117,268,2018,E-001356
1357,612,4,5a edicion,Suscripcion,Fisico,F-54192,126628.21,2019-06-29,Biblioteca Central,Martínez-Narváez,1,1992-09-18,948075272461,FU720,118,1986,E-001357
1358,612,2,6a edicion,Compra,Fisico,F-98895,32789.36,2015-06-08,Biblioteca Central,Parra PLC,2,2022-09-26,740840071734,LH968,293,2002,E-001358
1359,612,40,1a edicion,Suscripcion,Fisico,F-88529,93477.84,2016-11-01,Biblioteca Central,Figueroa-Montenegro,3,2004-11-16,299210859118,WC845,155,1991,E-001359
1360,612,13,6a edicion,Donacion,Fisico,F-40305,112047.42,2022-02-14,Biblioteca Central,"Díaz, Rodríguez and García",4,2024-07-23,756016021844,EF261,671,2010,E-001360
1361,613,40,2a edicion,Compra,Fisico,F-54194,52014.67,2020-05-21,Biblioteca Central,Galeano-Serna,1,2025-11-29,289664104008,SL527,123,2025,E-001361
1362,613,57,2a edicion,Donacion,Fisico,F-70725,88337.79,2018-02-19,Sede Norte,Rodríguez Group,2,1989-04-19,956648535887,YZ155,403,1978,E-001362
1363,613,36,3a edicion,Suscripcion,Fisico,F-80972,103348.89,2019-12-28,Sede Norte,"Villegas, García and González",3,2020-10-31,705120794719,GX248,143,1993,E-001363
1364,613,10,2a edicion,Compra,Fisico,F-31942,84529.09,2021-06-21,Biblioteca Central,Fajardo LLC,4,2008-09-05,421699650856,ZU364,505,2000,E-001364
1365,614,38,3a edicion,Donacion,Fisico,F-45487,96026.48,2015-02-23,Coordinacion Academica,"Pacheco, Muñoz and Acevedo",1,2020-07-29,863724528584,TK941,99,1998,E-001365
1366,614,57,3a edicion,Suscripcion,Fisico,F-92264,57416.49,2024-02-27,Sede Sur,Mendoza Inc,2,2020-10-13,495896702396,PD572,302,2016,E-001366
1367,614,45,3a edicion,Suscripcion,Fisico,F-81756,164513.13,2017-12-04,Biblioteca Central,Rueda-Meza,3,2023-11-23,101896308983,OT929,793,2003,E-001367
1368,615,21,4a edicion,Suscripcion,Fisico,F-16928,179011.23,2015-12-20,Sede Norte,"Martínez, Romero and Villamizar",1,2010-09-08,778196303539,VL626,592,1992,E-001368
1369,615,59,2a edicion,Canje,Fisico,F-62282,101204.69,2023-12-03,Sede Norte,"Gómez, Moreno and Espinosa",2,2023-03-07,974080173995,CB250,490,2013,E-001369
1370,615,46,6a edicion,Suscripcion,Fisico,F-25666,87195.23,2015-01-06,Sede Sur,Riascos LLC,3,2018-10-19,183720472946,VT760,608,2018,E-001370
1371,616,25,6a edicion,Suscripcion,Fisico,F-77542,16744.79,2017-04-04,Biblioteca Central,Manrique Ltd,1,2007-01-11,808513675588,AG511,467,1977,E-001371
1372,616,56,5a edicion,Canje,Fisico,F-18402,38816.96,2021-07-14,Sede Norte,"Burbano, González and Castro",2,2015-03-04,236999007049,EB278,859,1994,E-001372
1373,616,9,5a edicion,Canje,Fisico,F-58900,125921.47,2018-01-11,Biblioteca Central,Osorio PLC,3,2024-06-21,541687800621,TW910,98,2023,E-001373
1374,616,40,5a edicion,Canje,Fisico,F-12584,101179.41,2015-01-12,Biblioteca Central,Martínez-Ríos,4,1987-09-05,102024136941,UT808,606,1980,E-001374
1375,617,32,1a edicion,Canje,Fisico,F-15165,94123.84,2022-04-11,Biblioteca Central,Pedraza Ltd,1,2022-06-28,615631500253,KT946,372,2018,E-001375
1376,617,15,2a edicion,Suscripcion,Fisico,F-85888,76543.37,2019-12-19,Coordinacion Academica,"Galindo, Olaya and Mosquera",2,2003-07-27,870744816442,YY255,743,1978,E-001376
1377,617,6,6a edicion,Compra,Fisico,F-18830,30112.48,2025-05-22,Biblioteca Central,Chávez Ltd,3,2011-06-30,843249423423,SK580,132,1993,E-001377
1378,618,48,3a edicion,Compra,Fisico,F-33148,16950.41,2015-07-16,Sede Norte,Gómez Group,1,2018-06-15,831639155844,CB395,658,2006,E-001378
1379,618,44,6a edicion,Donacion,Fisico,F-99479,116932.65,2015-05-15,Biblioteca Central,Parra Group,2,2008-09-01,291875865499,SS734,561,2005,E-001379
1380,618,31,3a edicion,Suscripcion,Fisico,F-95714,124495.84,2025-07-05,Sede Sur,Franco Group,3,2025-01-19,351856898158,SN988,693,1998,E-001380
1381,619,48,3a edicion,Canje,Fisico,F-55422,39972.41,2022-06-09,Sede Sur,"Martínez, Vásquez and Becerra",1,2023-02-15,815837685463,PI269,137,2013,E-001381
1382,619,26,3a edicion,Compra,Fisico,F-37680,87733.4,2015-06-11,Sede Sur,Castaño and Sons,2,1996-09-28,362798973723,PQ569,879,1993,E-001382
1383,620,56,4a edicion,Suscripcion,Fisico,F-85160,142288.65,2022-09-13,Coordinacion Academica,Vélez-Hernández,1,2024-08-23,685744721402,GV217,841,2024,E-001383
1384,620,50,1a edicion,Canje,Fisico,F-75064,141525.59,2024-01-24,Coordinacion Academica,Jaramillo LLC,2,2022-03-24,758423548663,JS773,127,2018,E-001384
1385,620,20,5a edicion,Suscripcion,Fisico,F-76733,28008.73,2018-01-22,Biblioteca Central,"Corredor, Rivera and Torres",3,2021-05-15,162343632394,AM316,896,1998,E-001385
1386,620,26,2a edicion,Canje,Fisico,F-15915,126183.67,2019-12-25,Sede Sur,Cruz-Uribe,4,2018-07-30,461917709723,FK127,658,1996,E-001386
1387,620,14,2a edicion,Canje,Fisico,F-41914,67360.76,2025-12-03,Coordinacion Academica,Rodríguez-Pérez,5,2023-10-18,751703895666,LA211,179,2014,E-001387
1388,621,59,6a edicion,Canje,Fisico,F-19282,173756.38,2017-10-22,Coordinacion Academica,Rincón Group,1,1985-02-02,566765999129,KI623,704,1980,E-001388
1389,621,47,3a edicion,Donacion,Fisico,F-20010,55055.87,2024-04-09,Coordinacion Academica,Maldonado and Sons,2,2024-12-27,650261694251,JD781,294,2010,E-001389
1390,621,47,6a edicion,Donacion,Fisico,F-46044,129374.7,2024-07-19,Biblioteca Central,Montoya-Díaz,3,2018-09-23,936992851759,BU140,239,1978,E-001390
1391,621,55,4a edicion,Canje,Fisico,F-55372,116672.94,2025-08-20,Coordinacion Academica,Durán PLC,4,2013-06-15,109166558461,WY442,419,1984,E-001391
1392,622,37,5a edicion,Suscripcion,Fisico,F-23366,133513.17,2016-07-31,Biblioteca Central,Torres and Sons,1,2021-11-26,936890978375,JK923,368,1985,E-001392
1393,623,39,6a edicion,Canje,Fisico,F-49983,78788.41,2018-04-22,Sede Norte,García Ltd,1,2020-11-12,373090661995,ZB566,186,2018,E-001393
1394,623,36,3a edicion,Suscripcion,Fisico,F-20564,58271.33,2015-11-18,Coordinacion Academica,"Gómez, Lara and Salazar",2,2021-03-04,646247519362,VB444,628,2005,E-001394
1395,624,52,2a edicion,Donacion,Fisico,F-68459,157604.96,2024-05-29,Coordinacion Academica,Vargas-Henao,1,2007-06-09,669097971551,RR764,713,1992,E-001395
1396,625,30,4a edicion,Canje,Fisico,F-46540,69349.25,2017-11-22,Coordinacion Academica,Palacios-Vargas,1,2020-10-08,425380244224,ED170,321,2009,E-001396
1397,625,8,5a edicion,Donacion,Fisico,F-86184,178535.56,2017-05-22,Coordinacion Academica,Flórez Group,2,1992-03-10,103938223972,HZ807,416,1992,E-001397
1398,626,45,4a edicion,Canje,Fisico,F-18388,177998.75,2021-07-09,Sede Norte,Garzón Inc,1,2010-03-01,513395618247,JV355,608,2002,E-001398
1399,626,8,2a edicion,Canje,Fisico,F-47531,144958.29,2020-05-14,Sede Norte,Yepes-Salgado,2,2013-08-11,892086167985,OK907,765,2013,E-001399
1400,626,8,1a edicion,Canje,Fisico,F-82664,147547.38,2016-07-11,Sede Norte,"Velásquez, Riascos and Cardona",3,2015-04-07,168273908589,SF930,556,1997,E-001400
1401,626,22,5a edicion,Canje,Fisico,F-13965,157954.18,2025-11-08,Sede Norte,Pérez Ltd,4,2013-07-31,512755540239,SY135,214,1976,E-001401
1402,626,29,6a edicion,Canje,Fisico,F-42515,23721.49,2024-05-21,Coordinacion Academica,Álvarez-Medina,5,2021-06-18,842858496769,HH280,746,2020,E-001402
1403,627,35,4a edicion,Donacion,Fisico,F-49092,90333.76,2024-10-21,Sede Sur,Sandoval-Nieto,1,2007-07-07,307955314872,ZA982,144,2006,E-001403
1404,627,41,1a edicion,Donacion,Fisico,F-11879,96104.55,2024-07-03,Sede Norte,"Hernández, Arias and Guzmán",2,1992-09-01,694802590662,CI876,897,1981,E-001404
1405,627,27,1a edicion,Canje,Fisico,F-49165,72208.28,2024-08-30,Sede Sur,Castrillón-Naranjo,3,2013-06-12,540292556978,WT485,317,1978,E-001405
1406,628,6,5a edicion,Compra,Fisico,F-92375,155994.88,2022-08-19,Sede Norte,Rodríguez Group,1,2008-04-19,251778082076,DC177,255,1995,E-001406
1407,628,46,5a edicion,Suscripcion,Fisico,F-86546,21848.1,2025-05-18,Sede Sur,Sepúlveda-Torres,2,2022-11-14,398987502961,YR499,683,2017,E-001407
1408,629,49,3a edicion,Donacion,Fisico,F-75732,161942.62,2022-10-08,Sede Sur,Díaz Group,1,2024-10-18,460931886066,WF257,125,2013,E-001408
1409,629,43,2a edicion,Donacion,Fisico,F-80830,106655.49,2025-02-22,Coordinacion Academica,Jaimes PLC,2,1993-07-22,967974969591,XV851,852,1990,E-001409
1410,629,48,2a edicion,Compra,Fisico,F-66700,170866.46,2020-11-12,Coordinacion Academica,Martínez PLC,3,1994-05-28,426332314186,ZD229,886,1985,E-001410
1411,629,35,4a edicion,Donacion,Fisico,F-80985,130899.87,2023-09-21,Sede Sur,"Córdoba, Reyes and Rodríguez",4,2024-07-22,616195594860,LS247,621,2003,E-001411
1412,630,47,2a edicion,Donacion,Fisico,F-76298,179000.33,2020-06-01,Coordinacion Academica,Mejía Inc,1,2000-04-21,347222776312,QN951,355,1999,E-001412
1413,630,48,1a edicion,Suscripcion,Fisico,F-97272,103595.76,2024-03-28,Sede Norte,Lozano LLC,2,2006-08-03,801221957835,RR748,435,2003,E-001413
1414,631,31,2a edicion,Canje,Fisico,F-32738,46824.84,2022-04-17,Sede Norte,Ariza LLC,1,2025-01-24,984156720769,SX971,543,2023,E-001414
1415,631,46,1a edicion,Compra,Fisico,F-53331,50139.31,2020-12-13,Sede Sur,Barrios-Correa,2,2020-06-14,742981166603,WW581,303,2006,E-001415
1416,631,50,4a edicion,Donacion,Fisico,F-93365,125417.01,2016-06-02,Sede Norte,Flórez PLC,3,1989-04-16,480322578973,BW935,538,1978,E-001416
1417,632,46,2a edicion,Canje,Fisico,F-29974,69626.12,2018-10-15,Sede Sur,Espinosa LLC,1,2004-01-03,554872434926,HP633,698,1976,E-001417
1418,632,45,6a edicion,Donacion,Fisico,F-68965,162241.56,2020-02-20,Biblioteca Central,"Cabrera, Bermúdez and Andrade",2,2025-06-06,212928312509,CR206,505,2021,E-001418
1419,632,35,1a edicion,Canje,Fisico,F-65224,120209.25,2024-09-09,Sede Sur,León-Sánchez,3,2017-07-07,605281098829,SP338,620,2005,E-001419
1420,632,25,5a edicion,Compra,Fisico,F-46508,99958.38,2025-05-26,Sede Sur,Arenas LLC,4,2015-05-26,837644002528,KJ541,591,2000,E-001420
1421,633,46,2a edicion,Compra,Fisico,F-31369,61764.87,2021-10-02,Sede Sur,Navarro PLC,1,1996-05-28,685628451375,EF576,786,1988,E-001421
1422,633,1,6a edicion,Suscripcion,Fisico,F-41346,126769.38,2017-12-08,Sede Sur,"Gallego, Pérez and Martínez",2,2004-04-20,845575504638,RG962,365,2003,E-001422
1423,633,18,1a edicion,Suscripcion,Fisico,F-13149,119969.71,2021-09-01,Sede Sur,"Jiménez, Hernández and Carmona",3,2003-12-02,165310685678,HE187,211,1985,E-001423
1424,634,56,2a edicion,Compra,Fisico,F-25378,54818.44,2025-08-08,Coordinacion Academica,"Garcés, Martínez and López",1,1998-03-22,515577628797,IP247,637,1978,E-001424
1425,634,23,4a edicion,Compra,Fisico,F-81842,142885.01,2015-11-07,Biblioteca Central,Hoyos-Ariza,2,2000-02-12,841057256943,XQ117,199,1989,E-001425
1426,634,14,4a edicion,Canje,Fisico,F-52739,81610.53,2015-03-28,Sede Norte,"González, Salazar and Posada",3,2007-10-20,819990656376,LS560,582,1998,E-001426
1427,634,50,4a edicion,Compra,Fisico,F-59934,75359.36,2019-11-03,Sede Sur,"Blanco, Bermúdez and Sandoval",4,2007-12-12,866491373949,XU695,763,1985,E-001427
1428,635,22,5a edicion,Canje,Fisico,F-84716,76190.84,2019-02-15,Biblioteca Central,"Rodríguez, Gómez and Rojas",1,2019-03-11,477489109345,BI431,744,1997,E-001428
1429,635,41,4a edicion,Donacion,Fisico,F-92777,28691.51,2016-04-14,Sede Sur,"Vélez, Torres and Hernández",2,2020-11-16,501639340125,WO996,373,1990,E-001429
1430,635,40,3a edicion,Donacion,Fisico,F-51018,36611.94,2024-07-26,Sede Sur,Mosquera-Granados,3,1999-02-13,989674180892,WD163,544,1979,E-001430
1431,635,34,6a edicion,Donacion,Fisico,F-61689,122268.37,2016-01-30,Biblioteca Central,Arias and Sons,4,2025-09-04,794110774507,BY826,269,2017,E-001431
1432,636,19,6a edicion,Canje,Fisico,F-29521,24906.97,2017-04-17,Biblioteca Central,Mora Group,1,2020-01-17,988154105235,KB780,218,1998,E-001432
1433,637,30,2a edicion,Compra,Fisico,F-81686,38346.93,2025-08-31,Biblioteca Central,Muñoz-Ramírez,1,2010-10-03,498267085293,VB799,327,1999,E-001433
1434,637,60,1a edicion,Donacion,Fisico,F-47291,159878.8,2018-03-16,Biblioteca Central,Forero-Hurtado,2,2018-06-15,871963611799,OO277,676,1986,E-001434
1435,638,15,3a edicion,Compra,Fisico,F-42835,29891.94,2023-12-10,Biblioteca Central,Mosquera-Pabón,1,2025-03-22,709124033068,DT139,450,2024,E-001435
1436,639,23,4a edicion,Canje,Fisico,F-84472,25086.55,2015-04-21,Sede Sur,"Torres, Solano and Duque",1,2018-11-06,767774870335,UF358,170,2017,E-001436
1437,639,59,6a edicion,Donacion,Fisico,F-52587,64910.31,2015-02-03,Biblioteca Central,"López, Carrillo and Guerra",2,2018-11-28,197041966246,XC900,196,1983,E-001437
1438,639,20,6a edicion,Donacion,Fisico,F-75842,132158.64,2020-04-21,Biblioteca Central,Jiménez-Leal,3,2023-11-18,332796369761,BF715,865,1988,E-001438
1439,640,58,4a edicion,Suscripcion,Fisico,F-64527,29385.4,2020-07-14,Sede Norte,"Zambrano, Contreras and González",1,2009-11-21,998895226355,ZA231,198,2002,E-001439
1440,640,10,1a edicion,Donacion,Fisico,F-21313,160670.44,2022-12-08,Sede Norte,Vargas-Paz,2,2024-04-29,192352537710,RI329,120,2024,E-001440
1441,640,38,3a edicion,Compra,Fisico,F-91011,101731.01,2021-10-03,Biblioteca Central,Beltrán Group,3,2006-01-06,699388705064,FE760,620,1980,E-001441
1442,641,44,4a edicion,Canje,Fisico,F-30680,46062.22,2024-03-31,Biblioteca Central,"García, Salas and Rico",1,2020-07-08,734264021536,NP989,684,2012,E-001442
1443,641,10,1a edicion,Donacion,Fisico,F-52065,79771.59,2021-04-19,Sede Norte,Sierra LLC,2,2023-01-14,585735461643,MR255,319,1977,E-001443
1444,641,57,6a edicion,Suscripcion,Fisico,F-17056,178630.7,2025-12-02,Biblioteca Central,Tamayo-Guerrero,3,2025-06-01,632194910876,MO187,91,2023,E-001444
1445,642,36,5a edicion,Compra,Fisico,F-25093,161496.33,2023-11-23,Coordinacion Academica,Flórez Ltd,1,2018-12-26,139902660838,ME428,110,1988,E-001445
1446,642,47,2a edicion,Donacion,Fisico,F-42638,59951.09,2023-12-17,Sede Sur,Jaramillo Group,2,1992-09-23,506271409266,LL540,108,1982,E-001446
1447,642,17,5a edicion,Suscripcion,Fisico,F-55212,24575.18,2023-01-09,Coordinacion Academica,Suárez LLC,3,2007-09-20,479906100648,YY869,800,2006,E-001447
1448,642,46,6a edicion,Suscripcion,Fisico,F-39634,27414.86,2019-03-26,Sede Norte,Suárez-Gómez,4,2000-01-24,530002126604,NM126,280,1984,E-001448
1449,643,47,1a edicion,Compra,Fisico,F-98059,137818.28,2023-08-17,Biblioteca Central,Duque PLC,1,2021-08-25,947463435864,YG806,853,2016,E-001449
1450,643,13,5a edicion,Suscripcion,Fisico,F-17920,85046.72,2024-10-02,Coordinacion Academica,"Torres, Guerrero and Rodríguez",2,2004-05-22,112982440234,UT453,688,2003,E-001450
1451,643,26,5a edicion,Suscripcion,Fisico,F-99970,114758.35,2024-08-28,Sede Norte,Pérez-Díaz,3,2019-04-21,946051927830,FM353,303,2013,E-001451
1452,644,32,1a edicion,Canje,Fisico,F-11166,143922.9,2021-07-03,Coordinacion Academica,Mejía Inc,1,1980-08-17,400929895962,CJ771,129,1978,E-001452
1453,644,13,2a edicion,Donacion,Fisico,F-49091,50556.27,2015-05-06,Coordinacion Academica,Muñoz Group,2,2019-06-10,956994223846,VE602,380,2010,E-001453
1454,644,35,6a edicion,Donacion,Fisico,F-95339,43231.42,2020-04-01,Sede Sur,"Herrera, Hoyos and Vélez",3,2024-03-19,905734914109,IV105,671,1993,E-001454
1455,645,55,3a edicion,Donacion,Fisico,F-58999,105817.59,2018-10-15,Sede Sur,López PLC,1,2007-07-14,445126695807,QU991,195,1984,E-001455
1456,645,50,1a edicion,Suscripcion,Fisico,F-38150,166690.75,2020-10-28,Sede Norte,Lozano Group,2,2015-10-27,927976431570,TV340,518,1988,E-001456
1457,646,36,6a edicion,Suscripcion,Fisico,F-61954,159875.68,2024-06-07,Sede Norte,"López, Trujillo and Parra",1,2014-08-17,685148580459,UH117,113,2010,E-001457
1458,646,16,4a edicion,Canje,Fisico,F-57722,100615.5,2019-08-20,Coordinacion Academica,"Álvarez, Fonseca and García",2,2022-03-03,980032725948,TS380,609,1991,E-001458
1459,647,18,1a edicion,Suscripcion,Fisico,F-74368,141509.45,2016-06-17,Biblioteca Central,"Rivera, Torres and Velásquez",1,2020-12-18,350827484816,ZH208,548,2005,E-001459
1460,647,57,2a edicion,Suscripcion,Fisico,F-62381,21157.2,2017-12-01,Sede Sur,Pinzón LLC,2,2011-06-26,432917456115,OF104,605,1996,E-001460
1461,648,17,1a edicion,Canje,Fisico,F-33365,104768.27,2022-12-04,Sede Sur,Soto-Morales,1,2023-07-06,334983412903,HH819,468,2022,E-001461
1462,649,35,4a edicion,Compra,Fisico,F-50228,78807.23,2015-05-08,Sede Norte,Muñoz and Sons,1,2016-02-24,516085482222,BZ177,171,1979,E-001462
1463,649,11,4a edicion,Compra,Fisico,F-54786,71064.55,2022-01-26,Sede Sur,"Moreno, García and Palacio",2,2021-08-17,290087540370,VQ859,487,2008,E-001463
1464,649,25,5a edicion,Canje,Fisico,F-75513,89592.71,2017-12-29,Biblioteca Central,Parra-Arias,3,2012-07-14,418679721156,XI998,898,2007,E-001464
1465,649,41,6a edicion,Canje,Fisico,F-54297,154853.93,2018-12-21,Coordinacion Academica,Alvarado-Patiño,4,2021-01-21,567240598458,MW129,89,2018,E-001465
1466,650,6,5a edicion,Suscripcion,Fisico,F-28044,40110.98,2023-09-12,Sede Norte,"Gil, Sierra and Rosero",1,1982-09-26,344626138203,MS635,465,1975,E-001466
1467,651,18,6a edicion,Donacion,Fisico,F-22974,122519.45,2023-02-24,Coordinacion Academica,"Lara, Bautista and Ortiz",1,2025-05-06,331081788398,YU499,896,2005,E-001467
1468,651,35,3a edicion,Compra,Fisico,F-52577,153225.8,2022-01-28,Coordinacion Academica,Erazo-Mosquera,2,2013-03-13,743343123151,HN298,344,2008,E-001468
1469,651,27,6a edicion,Canje,Fisico,F-81250,33727.82,2017-02-13,Coordinacion Academica,Ospina-Arroyo,3,1983-08-18,863660338666,IM909,345,1976,E-001469
1470,652,16,3a edicion,Canje,Fisico,F-45652,46155.21,2023-05-12,Coordinacion Academica,Granados-Hurtado,1,2023-02-09,610297743219,QM134,95,2023,E-001470
1471,652,12,4a edicion,Canje,Fisico,F-96607,110106.27,2024-10-29,Biblioteca Central,Osorio LLC,2,2023-09-17,990367683881,EC285,688,2019,E-001471
1472,652,19,5a edicion,Suscripcion,Fisico,F-85507,69335.01,2016-07-20,Biblioteca Central,Herrera LLC,3,2008-06-11,915962059870,AR869,793,1997,E-001472
1473,652,45,6a edicion,Canje,Fisico,F-27095,93317.36,2016-11-21,Biblioteca Central,"Gamboa, Córdoba and Velandia",4,2023-11-25,117039119258,TJ214,504,2005,E-001473
1474,653,42,4a edicion,Donacion,Fisico,F-50112,91057.95,2022-06-05,Sede Sur,"López, Herrera and Ochoa",1,2022-05-17,927627818424,TE426,679,2022,E-001474
1475,653,21,6a edicion,Compra,Fisico,F-37899,105882.46,2024-03-26,Sede Norte,Mesa-Arias,2,1996-07-04,406757570560,MM849,606,1986,E-001475
1476,653,46,1a edicion,Compra,Fisico,F-21861,88417.74,2020-03-20,Biblioteca Central,Meza-Díaz,3,2023-11-29,847863112905,HA829,717,2013,E-001476
1477,653,42,3a edicion,Suscripcion,Fisico,F-19816,136715.05,2017-09-07,Biblioteca Central,Polo-Castro,4,2021-07-17,400031103339,HL994,876,1993,E-001477
1478,653,36,3a edicion,Compra,Fisico,F-47803,43665.49,2022-11-30,Sede Norte,"Fernández, González and Díaz",5,2017-10-07,883030001474,DJ459,872,2011,E-001478
1479,654,41,2a edicion,Suscripcion,Fisico,F-98408,103254.4,2020-04-16,Sede Sur,Bolívar LLC,1,2013-07-13,546072920812,UR774,583,2009,E-001479
1480,655,43,2a edicion,Compra,Fisico,F-64336,161067.95,2019-03-30,Sede Sur,"Ramírez, Alzate and Sánchez",1,2012-10-18,600953018298,ND828,563,2010,E-001480
1481,655,22,5a edicion,Donacion,Fisico,F-18486,152905.65,2024-09-14,Coordinacion Academica,Castaño-Rivas,2,1988-06-05,142776954695,GW791,614,1981,E-001481
1482,656,60,6a edicion,Compra,Fisico,F-85609,34935.5,2019-09-03,Biblioteca Central,Cárdenas Group,1,1995-04-10,426744218004,HV510,343,1992,E-001482
1483,656,46,6a edicion,Compra,Fisico,F-86352,156282.68,2017-09-14,Biblioteca Central,Torres-Salamanca,2,2008-02-16,734616845068,VA568,451,1991,E-001483
1484,656,47,3a edicion,Suscripcion,Fisico,F-97885,100169.75,2021-02-16,Sede Sur,Lozano Ltd,3,2001-09-26,881555491732,XD289,326,1994,E-001484
1485,657,31,3a edicion,Suscripcion,Fisico,F-10620,24323.51,2021-04-14,Biblioteca Central,Ballesteros-Pinto,1,2024-10-02,261630455643,FE448,328,2021,E-001485
1486,657,60,1a edicion,Donacion,Fisico,F-95170,134967.17,2021-03-22,Biblioteca Central,García Ltd,2,2000-12-30,929630591056,RO269,495,1986,E-001486
1487,658,40,4a edicion,Suscripcion,Fisico,F-12559,39486.42,2019-10-29,Sede Sur,Alarcón PLC,1,2013-05-09,894184827335,IK963,288,2012,E-001487
1488,658,54,5a edicion,Canje,Fisico,F-18280,82628.09,2019-07-07,Sede Norte,Rojas Ltd,2,2014-10-28,220152102751,IX886,814,2010,E-001488
1489,659,44,6a edicion,Suscripcion,Fisico,F-87821,154058.82,2015-03-28,Coordinacion Academica,Mejía PLC,1,1991-12-13,989258561079,ZO351,579,1975,E-001489
1490,660,41,5a edicion,Suscripcion,Fisico,F-66969,138990.92,2025-07-14,Sede Norte,Ortiz-Duarte,1,2025-05-06,139360031103,VP610,899,1978,E-001490
1491,660,3,5a edicion,Donacion,Fisico,F-76139,59767.78,2016-09-25,Coordinacion Academica,González and Sons,2,2025-12-28,892385851799,UF411,633,2025,E-001491
1492,661,40,4a edicion,Canje,Fisico,F-72229,146743.15,2022-07-20,Sede Sur,"Saavedra, Buitrago and Aguirre",1,2008-11-23,477149986457,NZ504,404,2001,E-001492
1493,661,28,4a edicion,Suscripcion,Fisico,F-98733,60569.15,2023-09-03,Sede Norte,Pulido-Fonseca,2,2008-12-22,213825846562,HO557,680,2003,E-001493
1494,662,23,1a edicion,Compra,Fisico,F-50282,70084.31,2016-06-26,Sede Norte,Cárdenas-Escobar,1,2017-12-14,302125499412,MV547,263,2005,E-001494
1495,663,14,2a edicion,Suscripcion,Fisico,F-43513,71976.69,2025-09-08,Sede Sur,Parra-Ramírez,1,1991-08-14,589422032199,AD328,327,1989,E-001495
1496,663,30,3a edicion,Compra,Fisico,F-59951,52471.55,2015-12-21,Coordinacion Academica,Vallejo-Jaimes,2,1977-12-17,475873807159,BY250,742,1975,E-001496
1497,664,48,4a edicion,Canje,Fisico,F-26402,71528.67,2021-04-04,Sede Norte,"Bermúdez, Aguilar and Aguilar",1,2012-12-18,935294635828,RC748,668,2004,E-001497
1498,665,47,3a edicion,Donacion,Fisico,F-63502,114079.06,2017-05-05,Sede Norte,Chaparro LLC,1,1981-07-19,641750007772,KU544,316,1976,E-001498
1499,665,9,2a edicion,Canje,Fisico,F-62461,41291.24,2025-08-12,Sede Norte,"Navarro, Gómez and Rodríguez",2,1999-07-26,252322531564,EP905,304,1988,E-001499
1500,666,22,5a edicion,Donacion,Fisico,F-14632,53457.81,2017-07-28,Coordinacion Academica,"Díaz, Hernández and Álvarez",1,1994-05-10,945355014461,KO850,795,1986,E-001500
1501,666,1,5a edicion,Canje,Fisico,F-95849,49256.69,2025-06-29,Biblioteca Central,"Sanabria, Ramírez and Salazar",2,2020-08-05,916921737524,TJ556,91,2020,E-001501
1502,667,57,2a edicion,Compra,Fisico,F-92148,103672.02,2024-02-03,Sede Norte,Bolaños Ltd,1,1997-06-18,407233506891,ZD475,488,1987,E-001502
1503,668,24,6a edicion,Suscripcion,Fisico,F-92042,167116.89,2018-01-08,Coordinacion Academica,Castellanos PLC,1,1991-06-22,581977452631,ZU203,686,1980,E-001503
1504,668,46,6a edicion,Canje,Fisico,F-98805,33755.85,2025-08-25,Coordinacion Academica,"García, Chacón and Gamboa",2,2025-12-18,824008507587,GD494,633,2008,E-001504
1505,669,25,3a edicion,Canje,Fisico,F-56732,65681.93,2023-03-01,Sede Norte,Rivera LLC,1,2023-01-15,504138637459,LW601,761,2016,E-001505
1506,670,30,5a edicion,Donacion,Fisico,F-47927,19969.38,2017-04-24,Sede Norte,Delgado Group,1,2025-04-24,316682398070,FX763,696,2025,E-001506
1507,670,34,3a edicion,Donacion,Fisico,F-27404,101818.55,2021-03-27,Sede Norte,Carvajal and Sons,2,2025-06-07,983198431268,SX685,118,2002,E-001507
1508,670,30,5a edicion,Suscripcion,Fisico,F-98097,100450.47,2017-06-10,Sede Norte,"Ordóñez, Páez and Herrera",3,2016-01-23,860554108674,XL481,103,1989,E-001508
1509,671,49,5a edicion,Suscripcion,Fisico,F-57553,143597.27,2022-08-21,Biblioteca Central,"Romero, Santos and Navarro",1,2014-07-26,461326006997,GH111,485,1981,E-001509
1510,672,34,4a edicion,Compra,Fisico,F-94702,90527.54,2018-05-04,Coordinacion Academica,Pérez Ltd,1,2025-08-22,617189443919,WY195,384,2022,E-001510
1511,672,44,5a edicion,Suscripcion,Fisico,F-28654,107319.79,2019-01-07,Biblioteca Central,Torres-Garzón,2,2023-12-10,906983885671,QT100,316,2011,E-001511
1512,673,10,4a edicion,Suscripcion,Fisico,F-30015,32021.96,2018-12-14,Coordinacion Academica,"Pérez, Gutiérrez and Márquez",1,1999-12-04,588239017111,WW402,290,1986,E-001512
1513,673,15,5a edicion,Canje,Fisico,F-54147,166297.38,2018-03-29,Biblioteca Central,Ocampo and Sons,2,2020-04-19,710748913348,EH676,436,2011,E-001513
1514,674,27,3a edicion,Suscripcion,Fisico,F-95579,75720.19,2015-11-02,Coordinacion Academica,Osorio-Palacios,1,2023-08-09,662890716404,BP602,302,2022,E-001514
1515,675,55,1a edicion,Compra,Fisico,F-29198,136489.72,2025-08-06,Coordinacion Academica,López-Martínez,1,2017-02-12,327375631501,OB489,767,1984,E-001515
1516,676,23,6a edicion,Suscripcion,Fisico,F-70450,48806.48,2022-11-25,Sede Norte,"Díaz, Calderón and Mesa",1,2019-11-19,326472396519,DY391,597,2018,E-001516
1517,676,37,2a edicion,Compra,Fisico,F-97494,79587.1,2023-12-09,Biblioteca Central,"Arévalo, Salcedo and Ramírez",2,2015-01-07,235636185222,BD134,697,2003,E-001517
1518,677,28,4a edicion,Compra,Fisico,F-67981,49299.0,2024-08-18,Sede Norte,Rincón and Sons,1,2021-08-25,441077742561,MD411,853,2010,E-001518
1519,678,57,5a edicion,Donacion,Fisico,F-71476,99826.18,2021-11-20,Sede Sur,Franco-Cantillo,1,2025-07-25,199984232253,RH595,521,2024,E-001519
1520,678,51,5a edicion,Compra,Fisico,F-35929,96782.06,2025-04-20,Coordinacion Academica,"Buitrago, Barrera and Díaz",2,2025-01-30,950135991111,CP824,752,2025,E-001520
1521,679,36,1a edicion,Compra,Fisico,F-55884,138952.48,2024-02-19,Sede Norte,"Alzate, Méndez and Caballero",1,2025-08-25,399426962612,YI528,525,2015,E-001521
1522,679,17,4a edicion,Donacion,Fisico,F-40645,104027.71,2023-08-13,Biblioteca Central,"Estrada, Patiño and Acosta",2,2017-09-24,949304873225,KO905,808,2011,E-001522
1523,679,33,5a edicion,Compra,Fisico,F-53483,79183.53,2018-11-13,Biblioteca Central,Hernández-Rojas,3,2000-11-12,308534087463,GW553,635,1995,E-001523
1524,680,29,1a edicion,Donacion,Fisico,F-45840,55509.41,2017-12-17,Sede Sur,Hernández and Sons,1,2014-02-27,765906315542,WQ939,492,1994,E-001524
1525,680,40,2a edicion,Compra,Fisico,F-30675,138239.56,2015-08-25,Sede Norte,Acevedo PLC,2,2014-02-25,148274331399,JI623,664,2007,E-001525
1526,680,54,6a edicion,Suscripcion,Fisico,F-61548,147365.49,2025-09-05,Sede Norte,Herrera Ltd,3,2022-08-20,427372248562,XS893,317,2016,E-001526
1527,681,39,3a edicion,Donacion,Fisico,F-34466,150340.88,2022-09-10,Sede Sur,Becerra Ltd,1,2017-02-05,136029947646,VU942,320,2008,E-001527
1528,681,5,1a edicion,Compra,Fisico,F-53269,158183.93,2019-09-15,Sede Sur,Díaz LLC,2,2017-02-18,569791085461,MB100,386,2007,E-001528
1529,682,31,4a edicion,Canje,Fisico,F-46202,90826.72,2023-03-29,Biblioteca Central,Díaz-Campo,1,1997-01-05,914570927825,KG183,516,1978,E-001529
1530,682,12,1a edicion,Canje,Fisico,F-41161,134959.05,2024-02-25,Coordinacion Academica,Hoyos-Galeano,2,1996-09-16,446598502933,HU459,644,1980,E-001530
1531,683,46,6a edicion,Compra,Fisico,F-83797,163985.24,2015-07-01,Biblioteca Central,"Acosta, Vera and Martínez",1,2025-08-21,234444063838,UD421,613,2020,E-001531
1532,683,14,2a edicion,Canje,Fisico,F-81278,83637.34,2023-01-08,Coordinacion Academica,"Martínez, Medina and Alzate",2,2017-12-21,207379634706,ID934,308,2013,E-001532
1533,683,21,6a edicion,Compra,Fisico,F-31934,111709.96,2023-10-23,Coordinacion Academica,Rodríguez Ltd,3,2014-01-14,968412420713,KH631,91,2007,E-001533
1534,684,12,3a edicion,Canje,Fisico,F-22409,173912.9,2016-01-15,Sede Sur,"Quiroga, Perdomo and Arango",1,1982-02-25,162530156477,KE494,845,1976,E-001534
1535,685,39,5a edicion,Compra,Fisico,F-62582,118202.93,2023-02-13,Sede Sur,Campo Inc,1,2006-06-26,470897233668,HY223,669,1980,E-001535
1536,685,54,5a edicion,Suscripcion,Fisico,F-67412,28444.85,2019-11-09,Coordinacion Academica,Pérez-Durán,2,2000-12-21,628610843422,QZ107,629,1981,E-001536
1537,685,40,2a edicion,Donacion,Fisico,F-31356,138950.24,2025-08-17,Sede Sur,Vergara-Torres,3,2002-12-02,636945097210,XP818,183,1975,E-001537
1538,685,6,2a edicion,Donacion,Fisico,F-28415,27247.25,2017-03-08,Sede Sur,"Morales, Martínez and Ariza",4,2022-06-24,489023051577,ZP267,218,2013,E-001538
1539,686,3,6a edicion,Compra,Fisico,F-72652,159009.05,2015-10-27,Coordinacion Academica,Morales LLC,1,2024-09-28,497267409707,SC634,649,2024,E-001539
1540,687,29,3a edicion,Compra,Fisico,F-62353,32525.77,2022-09-29,Sede Norte,Cuesta Ltd,1,2016-02-18,559153974493,CL907,838,1984,E-001540
1541,688,59,1a edicion,Suscripcion,Fisico,F-58575,170626.77,2019-10-25,Sede Sur,Osorio Ltd,1,1997-08-05,840840569449,IC195,252,1977,E-001541
1542,689,4,6a edicion,Compra,Fisico,F-20730,163370.87,2022-06-25,Sede Norte,Ospina Ltd,1,2019-09-06,838148024287,KK827,740,2010,E-001542
1543,690,55,5a edicion,Donacion,Fisico,F-17770,45048.09,2019-01-02,Coordinacion Academica,Ortiz-Jaramillo,1,2024-11-22,892768538809,VC238,140,2018,E-001543
1544,690,15,1a edicion,Canje,Fisico,F-54675,114005.43,2021-03-23,Biblioteca Central,"Camargo, Vega and Rojas",2,2008-10-04,125107599133,KO696,800,2002,E-001544
1545,690,37,4a edicion,Compra,Fisico,F-57095,20088.85,2016-10-30,Biblioteca Central,"Zapata, Cifuentes and Martínez",3,2003-11-01,254898434460,ZA872,130,1999,E-001545
1546,691,1,5a edicion,Compra,Fisico,F-45924,143035.72,2025-07-23,Biblioteca Central,Rodríguez and Sons,1,2025-08-05,380260242247,NF865,895,2025,E-001546
1547,691,57,5a edicion,Compra,Fisico,F-90109,97427.92,2016-02-23,Sede Sur,"Rodríguez, Trujillo and Arango",2,2002-11-28,980632110247,DE893,645,2001,E-001547
1548,691,28,5a edicion,Canje,Fisico,F-46764,108396.46,2018-12-14,Biblioteca Central,"Durán, Sánchez and García",3,2002-04-03,545904479407,GS111,684,1990,E-001548
1549,692,54,5a edicion,Compra,Fisico,F-27262,129231.29,2020-02-14,Sede Sur,Espinosa Group,1,2023-11-12,535254048571,TM542,688,2022,E-001549
1550,692,44,5a edicion,Canje,Fisico,F-95702,21702.56,2017-11-22,Sede Norte,Contreras-Jaimes,2,2014-12-11,187076938390,MB412,226,2010,E-001550
1551,692,43,1a edicion,Canje,Fisico,F-57066,89959.65,2024-08-21,Coordinacion Academica,"Pedraza, Ortega and García",3,2023-12-10,576344948924,NP283,403,2017,E-001551
1552,693,35,3a edicion,Suscripcion,Fisico,F-61188,114795.25,2024-11-05,Sede Sur,Moreno-Bautista,1,2025-01-12,148083237338,YF198,480,2018,E-001552
1553,693,9,5a edicion,Suscripcion,Fisico,F-71526,178222.7,2022-07-16,Coordinacion Academica,Mendoza Group,2,2015-03-23,670758792389,VY427,676,1993,E-001553
1554,693,51,6a edicion,Suscripcion,Fisico,F-89790,148095.28,2025-09-26,Coordinacion Academica,Cruz LLC,3,1987-02-02,229213242209,WS876,479,1975,E-001554
1555,694,26,4a edicion,Compra,Fisico,F-50428,113466.08,2016-06-06,Sede Sur,"Lozano, Ortega and Vásquez",1,2025-07-07,755190353128,LH746,884,2024,E-001555
1556,694,31,6a edicion,Compra,Fisico,F-61882,75980.33,2016-10-06,Coordinacion Academica,"Rubio, Ibarra and Duque",2,2022-08-19,640075007085,WW941,780,2018,E-001556
1557,695,58,3a edicion,Suscripcion,Fisico,F-37037,29311.6,2025-07-08,Sede Norte,Ramírez-Agudelo,1,1987-10-28,260298012352,UY380,263,1985,E-001557
1558,696,22,6a edicion,Suscripcion,Fisico,F-10090,100964.82,2023-05-11,Sede Sur,Valencia-Díaz,1,2002-10-16,527779616368,QV999,144,1996,E-001558
1559,696,7,3a edicion,Compra,Fisico,F-29686,16362.02,2019-01-14,Sede Norte,"Serna, Henao and Díaz",2,2011-01-24,316167670895,DE885,169,2003,E-001559
1560,696,8,5a edicion,Canje,Fisico,F-64225,17748.61,2021-11-14,Sede Norte,Sánchez PLC,3,2019-04-02,827087089306,CL252,328,1987,E-001560
1561,696,47,6a edicion,Compra,Fisico,F-89237,29057.57,2016-08-24,Sede Sur,Guevara Group,4,1989-09-09,387403823362,ZM862,311,1984,E-001561
1562,696,51,3a edicion,Compra,Fisico,F-14059,148228.51,2021-01-13,Coordinacion Academica,Chacón-Londoño,5,2021-08-12,342717164799,OZ371,791,2021,E-001562
1563,697,54,6a edicion,Suscripcion,Fisico,F-87560,140739.75,2016-09-11,Sede Sur,Acosta-Amaya,1,2017-07-18,929122530419,AE252,178,1987,E-001563
1564,697,60,5a edicion,Donacion,Fisico,F-22154,50806.77,2021-12-25,Biblioteca Central,Bolaños-Restrepo,2,2001-02-27,218121256815,JJ768,95,1982,E-001564
1565,697,10,3a edicion,Donacion,Fisico,F-55063,178907.62,2020-10-28,Coordinacion Academica,"Soto, Mejía and Castillo",3,2011-05-08,339705424894,SO795,420,1977,E-001565
1566,697,31,4a edicion,Canje,Fisico,F-26711,83806.9,2023-08-09,Sede Sur,"Cardona, Álvarez and Ibarra",4,2020-08-09,673387877750,NG645,227,1998,E-001566
1567,698,53,6a edicion,Donacion,Fisico,F-50739,63745.56,2017-01-30,Sede Norte,Naranjo-Osorio,1,2025-10-08,454933497061,BI307,414,2023,E-001567
1568,699,34,6a edicion,Donacion,Fisico,F-13308,69634.59,2017-10-19,Sede Sur,Gómez-Parra,1,2025-10-03,500876826091,LK335,647,2004,E-001568
1569,700,31,2a edicion,Compra,Fisico,F-67852,80457.17,2019-11-18,Coordinacion Academica,"Torres, Ramírez and Fernández",1,2008-11-29,516247106385,MI825,125,1986,E-001569
1570,700,35,5a edicion,Suscripcion,Fisico,F-52067,131616.93,2024-04-13,Coordinacion Academica,"Osorio, Díaz and Restrepo",2,2011-11-19,894908382853,CD781,212,2009,E-001570
1571,700,21,2a edicion,Compra,Fisico,F-38199,133269.15,2019-05-17,Sede Sur,"Ospina, Mosquera and Jaramillo",3,2020-05-27,308753351740,MH205,460,1978,E-001571
1572,701,26,2a edicion,Compra,Fisico,F-95831,20686.99,2024-06-08,Sede Sur,Rojas-Vélez,1,2021-07-12,194234021012,SO363,889,2020,E-001572
1573,701,1,6a edicion,Compra,Fisico,F-60815,28467.22,2025-05-04,Sede Sur,"Rodríguez, Morales and González",2,2000-11-11,256145563286,QF705,887,1991,E-001573
1574,701,60,3a edicion,Canje,Fisico,F-70471,66461.6,2025-06-12,Sede Norte,Peña-Rojas,3,2021-07-26,173931563645,JH709,894,2013,E-001574
1575,702,52,1a edicion,Canje,Fisico,F-39764,150083.49,2024-12-12,Sede Sur,Márquez PLC,1,2007-03-04,739028817969,JQ561,248,2005,E-001575
1576,702,54,5a edicion,Suscripcion,Fisico,F-22089,19149.84,2015-07-07,Sede Norte,"Gaitán, Villa and Castellanos",2,2023-09-11,799185557734,TM409,311,2014,E-001576
1577,703,24,6a edicion,Canje,Fisico,F-64179,118438.32,2023-03-25,Biblioteca Central,Caballero-Peña,1,2024-02-18,664685818656,NH513,134,2013,E-001577
1578,704,24,5a edicion,Donacion,Fisico,F-89561,57095.95,2020-02-13,Coordinacion Academica,Cardozo-Gallego,1,1988-03-09,663583849919,JX230,582,1983,E-001578
1579,704,56,1a edicion,Donacion,Fisico,F-25404,41429.39,2017-02-01,Sede Norte,Álvarez LLC,2,2019-03-03,765165638327,ZC429,350,1993,E-001579
1580,704,60,4a edicion,Compra,Fisico,F-69043,49112.02,2016-04-26,Sede Sur,Ávila-Medina,3,2010-12-02,911226458862,TS998,617,2010,E-001580
1581,704,26,5a edicion,Suscripcion,Fisico,F-70271,92813.78,2024-08-17,Coordinacion Academica,Gallego and Sons,4,2023-10-11,105393784523,WI570,98,1988,E-001581
1582,705,56,3a edicion,Suscripcion,Fisico,F-10489,125914.69,2020-01-15,Coordinacion Academica,Escobar-Gutiérrez,1,2017-06-10,890112298563,SI242,245,1999,E-001582
1583,706,8,2a edicion,Donacion,Fisico,F-86156,151783.93,2017-05-20,Coordinacion Academica,Ortiz-Silva,1,2013-06-20,282695818288,VV592,648,2010,E-001583
1584,706,49,4a edicion,Donacion,Fisico,F-44265,131871.96,2017-06-01,Sede Norte,"Londoño, Sánchez and Gómez",2,2025-05-14,891559742537,KQ897,448,2025,E-001584
1585,706,54,4a edicion,Donacion,Fisico,F-14808,163522.1,2019-07-01,Coordinacion Academica,Hernández-Vanegas,3,2022-07-29,698173685171,XG460,317,2016,E-001585
1586,706,13,3a edicion,Canje,Fisico,F-54571,100973.44,2023-02-25,Sede Sur,"Camacho, Lozano and Fuentes",4,1997-04-21,718473856746,QS193,195,1981,E-001586
1587,707,56,4a edicion,Canje,Fisico,F-30187,174533.8,2017-01-12,Biblioteca Central,López-Sánchez,1,2020-06-20,922008630932,AY340,558,2017,E-001587
1588,707,6,4a edicion,Compra,Fisico,F-83283,132203.02,2025-07-08,Sede Norte,"Marín, Martínez and Pérez",2,2025-04-20,515706811938,PY358,720,2010,E-001588
1589,707,6,6a edicion,Suscripcion,Fisico,F-54308,110598.39,2025-05-19,Sede Sur,Acosta LLC,3,2010-02-15,709113411897,QL925,720,2008,E-001589
1590,707,37,3a edicion,Donacion,Fisico,F-91613,55712.75,2021-06-08,Sede Norte,Gutiérrez Ltd,4,2024-03-04,215626515731,ZN313,861,2020,E-001590
1591,707,59,6a edicion,Suscripcion,Fisico,F-85523,96929.88,2020-06-25,Coordinacion Academica,Quintero-Meneses,5,2009-09-05,570132342841,EY632,584,2001,E-001591
1592,708,14,3a edicion,Suscripcion,Fisico,F-37344,152519.11,2018-06-18,Biblioteca Central,Gómez Inc,1,2023-06-24,381258193718,BJ709,154,1998,E-001592
1593,708,15,5a edicion,Compra,Fisico,F-95505,104829.31,2018-05-04,Sede Norte,Ospina-Miranda,2,2019-10-05,965145368578,MC603,213,2012,E-001593
1594,709,44,4a edicion,Suscripcion,Fisico,F-57621,157871.28,2015-05-16,Biblioteca Central,Vanegas and Sons,1,2013-04-17,186221450752,SB329,704,2013,E-001594
1595,710,1,3a edicion,Canje,Fisico,F-36058,83095.19,2017-10-25,Coordinacion Academica,Hernández Ltd,1,2017-07-31,274455019973,LD876,156,1994,E-001595
1596,711,1,1a edicion,Compra,Fisico,F-78757,171875.56,2016-02-03,Coordinacion Academica,Patiño and Sons,1,2025-07-16,875070954814,XO720,98,2012,E-001596
1597,712,52,6a edicion,Compra,Fisico,F-73072,51988.34,2022-06-02,Biblioteca Central,Andrade-Leal,1,2025-12-31,599854394184,QW727,666,2015,E-001597
1598,713,25,4a edicion,Donacion,Fisico,F-86550,126471.44,2016-04-29,Biblioteca Central,"Giraldo, Valencia and Quintero",1,2019-08-05,301008607629,VP879,278,2017,E-001598
1599,713,28,3a edicion,Donacion,Fisico,F-32734,24427.25,2020-09-15,Coordinacion Academica,Cortés Group,2,2008-01-24,720913173428,ZC549,242,2004,E-001599
1600,714,31,1a edicion,Canje,Fisico,F-99394,88248.68,2017-03-11,Sede Norte,"León, Barbosa and Muñoz",1,2025-10-31,613200886266,LR107,201,1998,E-001600
1601,714,22,3a edicion,Compra,Fisico,F-98595,97357.69,2022-01-05,Sede Norte,Díaz-Vélez,2,2012-07-24,554622492951,MM104,680,1982,E-001601
1602,714,22,4a edicion,Suscripcion,Fisico,F-14578,168103.05,2020-11-15,Sede Sur,García and Sons,3,2024-10-14,764317839954,RR585,285,2002,E-001602
1603,714,25,4a edicion,Canje,Fisico,F-35499,178821.8,2019-08-10,Sede Sur,Martínez-Ramírez,4,2019-06-22,157965669871,FG272,471,1997,E-001603
1604,715,54,4a edicion,Suscripcion,Fisico,F-87925,79961.84,2024-10-11,Sede Sur,Sánchez-Sandoval,1,2014-11-15,468230532462,EB630,535,2006,E-001604
1605,716,40,3a edicion,Canje,Fisico,F-20263,72563.63,2024-06-10,Sede Norte,Ramírez Group,1,2016-04-09,810042774796,JF136,814,1999,E-001605
1606,716,17,1a edicion,Canje,Fisico,F-68023,96700.57,2021-09-25,Biblioteca Central,Parra-Hoyos,2,2016-06-15,896970515922,AJ379,775,2015,E-001606
1607,716,40,4a edicion,Canje,Fisico,F-94106,117917.67,2018-09-25,Biblioteca Central,Vergara Ltd,3,2024-12-09,582054344828,SN924,437,2022,E-001607
1608,717,34,1a edicion,Canje,Fisico,F-79742,50625.51,2023-03-07,Sede Sur,"Villamizar, Gil and Navarro",1,2020-03-31,546354101963,ZR694,273,1977,E-001608
1609,718,16,4a edicion,Suscripcion,Fisico,F-78794,22078.4,2025-04-21,Sede Sur,Gómez Ltd,1,2015-09-18,958183524704,KW129,566,2013,E-001609
1610,719,52,3a edicion,Compra,Fisico,F-10171,134082.27,2019-05-02,Sede Norte,"Triana, Jaramillo and Castro",1,1990-06-26,989817056107,YS823,343,1988,E-001610
1611,720,3,6a edicion,Donacion,Fisico,F-57312,100226.67,2024-09-30,Coordinacion Academica,Sánchez Ltd,1,1999-08-21,738368031777,CU542,290,1995,E-001611
1612,720,60,4a edicion,Suscripcion,Fisico,F-94897,85461.8,2022-10-04,Coordinacion Academica,"Cardozo, Mendoza and Gutiérrez",2,2000-01-26,576156262170,OI863,118,1987,E-001612
1613,720,55,2a edicion,Suscripcion,Fisico,F-84760,117189.64,2017-12-19,Biblioteca Central,Chacón LLC,3,1999-10-19,754276739271,GK250,881,1990,E-001613
1614,721,53,1a edicion,Compra,Fisico,F-12771,44541.48,2020-06-26,Coordinacion Academica,Sánchez PLC,1,2024-08-03,628473910048,ZZ923,626,2023,E-001614
1615,722,8,4a edicion,Canje,Fisico,F-44389,112663.35,2020-03-05,Coordinacion Academica,Erazo-Pérez,1,2020-05-10,798214714875,RT580,287,2013,E-001615
1616,723,28,1a edicion,Canje,Fisico,F-38175,161758.67,2020-01-06,Sede Sur,Salazar-Quintero,1,1990-12-22,874252000535,OY584,620,1990,E-001616
1617,723,55,3a edicion,Compra,Fisico,F-97645,139971.2,2022-03-11,Sede Norte,Ariza-Gallego,2,2016-09-19,136120221325,YF290,858,2012,E-001617
1618,724,56,5a edicion,Suscripcion,Fisico,F-66716,139775.86,2015-09-05,Coordinacion Academica,Ramírez PLC,1,2023-04-07,796150617884,ET966,796,2021,E-001618
1619,724,8,2a edicion,Donacion,Fisico,F-62314,167202.69,2024-09-03,Sede Norte,Rodríguez Inc,2,2024-04-04,222707152713,EK230,272,2009,E-001619
1620,725,39,6a edicion,Canje,Fisico,F-23428,130480.65,2025-10-31,Sede Norte,Córdoba-González,1,2007-04-29,646527976221,GA521,592,1991,E-001620
1621,725,22,6a edicion,Compra,Fisico,F-85861,25912.8,2015-07-03,Coordinacion Academica,Rodríguez and Sons,2,2003-05-28,808003979494,IN472,201,2003,E-001621
1622,726,3,4a edicion,Compra,Fisico,F-79168,48822.51,2021-01-12,Sede Sur,Mendoza-Ardila,1,2013-12-28,681716243766,DV848,355,2002,E-001622
1623,726,52,1a edicion,Donacion,Fisico,F-77835,153835.13,2018-12-09,Coordinacion Academica,Páez-Morales,2,2011-05-27,573361517188,AO986,416,2007,E-001623
1624,726,45,6a edicion,Compra,Fisico,F-44382,117331.53,2020-05-16,Sede Norte,Sánchez-Acosta,3,2020-03-12,162337467775,TL729,90,2017,E-001624
1625,726,56,4a edicion,Donacion,Fisico,F-61112,147592.12,2017-11-15,Sede Norte,Vargas-Zambrano,4,1992-04-12,568506659501,FI604,842,1987,E-001625
1626,727,33,3a edicion,Canje,Fisico,F-15458,105886.27,2022-05-23,Sede Sur,"Arias, Martínez and Ibarra",1,2025-07-02,920323787744,FH701,300,2022,E-001626
1627,727,12,6a edicion,Compra,Fisico,F-92094,161431.68,2019-11-20,Biblioteca Central,"Murillo, Solano and Ayala",2,1993-12-07,885312185688,FH944,430,1976,E-001627
1628,728,8,6a edicion,Canje,Fisico,F-37095,152511.83,2022-04-12,Biblioteca Central,Rojas Ltd,1,2015-03-20,245594808247,ZE721,692,2014,E-001628
1629,729,13,2a edicion,Compra,Fisico,F-31644,165191.99,2019-01-07,Coordinacion Academica,Hernández LLC,1,2017-02-03,389277318351,OC103,330,2000,E-001629
1630,729,39,6a edicion,Compra,Fisico,F-46068,147840.55,2024-06-09,Biblioteca Central,"Montes, Bautista and Alarcón",2,2015-06-28,301022983175,AC799,554,1976,E-001630
1631,729,2,1a edicion,Donacion,Fisico,F-89856,73951.63,2016-01-18,Sede Sur,Becerra-Yepes,3,1995-04-30,121493644830,VZ399,211,1988,E-001631
1632,730,9,6a edicion,Compra,Fisico,F-60398,168991.26,2016-06-01,Biblioteca Central,Jiménez LLC,1,2022-12-18,681113183066,BO995,207,2017,E-001632
1633,731,59,1a edicion,Canje,Fisico,F-79558,62501.02,2020-01-11,Sede Norte,"Peña, Serrano and Durán",1,1998-04-23,670866526722,RO467,534,1977,E-001633
1634,731,39,4a edicion,Donacion,Fisico,F-78869,170293.4,2016-09-07,Sede Sur,"Guevara, López and Alarcón",2,2025-09-21,889548251967,UU437,733,2023,E-001634
1635,731,16,5a edicion,Compra,Fisico,F-21094,103404.38,2020-06-13,Sede Norte,"Zapata, Luna and Peña",3,2021-09-03,846721136585,TZ292,863,2018,E-001635
1636,732,60,3a edicion,Donacion,Fisico,F-56535,158232.11,2016-02-08,Sede Sur,"Rubio, Díaz and Ortiz",1,2002-08-02,500988181930,ML762,558,1983,E-001636
1637,732,50,5a edicion,Compra,Fisico,F-54361,112638.52,2017-09-25,Biblioteca Central,"Ríos, Montoya and Cáceres",2,2022-09-12,666664499897,EZ226,668,2018,E-001637
1638,733,54,5a edicion,Canje,Fisico,F-44314,137387.31,2020-02-01,Coordinacion Academica,"Correa, Sánchez and Mora",1,2025-10-12,839178105582,CF918,426,2021,E-001638
1639,733,33,5a edicion,Canje,Fisico,F-25090,160987.91,2024-06-24,Sede Sur,Ruiz Inc,2,2001-05-23,133230566626,ZS622,665,1975,E-001639
1640,734,27,6a edicion,Canje,Fisico,F-41106,166379.26,2015-04-20,Coordinacion Academica,"Herrera, Medina and Lozano",1,2003-12-04,754608735837,WI469,434,1991,E-001640
1641,735,24,3a edicion,Compra,Fisico,F-76556,139844.33,2016-07-03,Sede Norte,"Vanegas, Sánchez and Vargas",1,2017-09-20,582954627183,HU894,417,2013,E-001641
1642,735,50,4a edicion,Suscripcion,Fisico,F-45587,76397.14,2024-10-19,Sede Norte,Cardona Inc,2,2014-01-20,410826513930,ZF825,200,1994,E-001642
1643,735,33,4a edicion,Donacion,Fisico,F-86912,149018.6,2017-10-14,Coordinacion Academica,Hernández Inc,3,1992-09-22,617956456348,BD730,119,1983,E-001643
1644,736,56,3a edicion,Canje,Fisico,F-47251,105324.16,2018-06-25,Coordinacion Academica,"Cruz, Molina and Moreno",1,2003-07-28,219797854074,LW546,516,1978,E-001644
1645,737,22,4a edicion,Suscripcion,Fisico,F-30190,69432.2,2021-07-28,Sede Norte,"Guerrero, Prada and Ávila",1,2024-04-27,951128326129,VC561,521,2018,E-001645
1646,738,25,3a edicion,Compra,Fisico,F-30059,95985.15,2022-08-15,Coordinacion Academica,Ordóñez-Alvarado,1,2014-06-20,496843385152,PJ302,144,2014,E-001646
1647,738,8,6a edicion,Donacion,Fisico,F-23529,96912.01,2025-06-01,Biblioteca Central,"Gómez, Méndez and Torres",2,2009-07-02,469607199522,EL389,453,1993,E-001647
1648,739,19,3a edicion,Canje,Fisico,F-54067,161475.48,2019-01-29,Coordinacion Academica,Fernández PLC,1,2025-06-14,305305536119,TI225,514,1990,E-001648
1649,740,14,3a edicion,Suscripcion,Fisico,F-64344,83435.6,2015-08-10,Sede Sur,"Mosquera, Carvajal and Galvis",1,2019-05-30,107553247992,YD408,841,2017,E-001649
1650,740,2,5a edicion,Suscripcion,Fisico,F-16660,63461.01,2015-11-22,Coordinacion Academica,López-Díaz,2,2014-01-20,504108294996,PM437,776,2012,E-001650
1651,740,21,2a edicion,Compra,Fisico,F-85901,90370.62,2017-08-06,Sede Norte,"Muñoz, Torres and Cárdenas",3,2017-07-17,711564555281,FA492,127,2005,E-001651
1652,740,44,2a edicion,Compra,Fisico,F-99125,84338.6,2020-11-14,Sede Sur,Zuluaga-Sánchez,4,2025-09-22,845804878004,DM125,170,2024,E-001652
1653,740,24,5a edicion,Donacion,Fisico,F-20260,30317.71,2019-02-22,Sede Norte,Rivera LLC,5,2010-01-24,147988578199,VZ265,495,1977,E-001653
1654,741,44,6a edicion,Donacion,Fisico,F-38460,170171.12,2019-11-11,Sede Norte,Vega-Jaimes,1,1994-01-13,746391608371,GG143,269,1977,E-001654
1655,742,57,2a edicion,Suscripcion,Fisico,F-32224,170700.1,2025-09-04,Biblioteca Central,"Galvis, Aguirre and Ayala",1,2024-07-03,686519006006,GJ729,296,2017,E-001655
1656,742,19,4a edicion,Compra,Fisico,F-69350,86325.69,2017-10-14,Sede Sur,Suárez-Monsalve,2,2014-08-31,249483694289,AJ856,88,2008,E-001656
1657,742,20,5a edicion,Compra,Fisico,F-48528,45747.41,2023-08-04,Coordinacion Academica,"Sepúlveda, Sierra and Carvajal",3,2014-03-21,419695739521,KA592,364,2009,E-001657
1658,742,53,4a edicion,Canje,Fisico,F-13930,57513.43,2022-04-09,Sede Norte,Restrepo-Cifuentes,4,2016-08-26,854911351579,AL883,250,1984,E-001658
1659,743,27,2a edicion,Suscripcion,Fisico,F-95354,68998.19,2016-01-16,Coordinacion Academica,"Carrillo, Castañeda and Duque",1,2022-09-27,434383551558,CT379,704,2013,E-001659
1660,743,20,4a edicion,Suscripcion,Fisico,F-21575,65482.64,2025-08-26,Sede Sur,Díaz-Carrillo,2,2014-10-14,995002560402,PI724,302,2011,E-001660
1661,743,40,6a edicion,Canje,Fisico,F-22039,148711.65,2018-09-14,Coordinacion Academica,"Narváez, Díaz and Osorio",3,2025-10-19,441034900376,VG769,227,2025,E-001661
1662,744,10,6a edicion,Suscripcion,Fisico,F-11456,154736.94,2025-07-12,Coordinacion Academica,Erazo PLC,1,1992-06-16,942965796478,XK703,477,1992,E-001662
1663,745,5,1a edicion,Donacion,Fisico,F-85568,143947.88,2016-08-20,Sede Norte,Moreno-Díaz,1,2022-10-29,948964663517,PP765,725,2017,E-001663
1664,745,18,4a edicion,Suscripcion,Fisico,F-34345,164047.13,2017-07-16,Coordinacion Academica,Rosero-Pérez,2,2017-07-12,350000549050,LS597,803,2016,E-001664
1665,746,25,6a edicion,Compra,Fisico,F-77460,83256.17,2025-04-25,Sede Sur,Rodríguez Inc,1,1994-05-22,675479913598,ML434,587,1992,E-001665
1666,746,4,3a edicion,Canje,Fisico,F-86561,78531.96,2023-12-22,Sede Sur,"García, Montes and Hernández",2,2012-06-26,953305975533,UL560,758,2007,E-001666
1667,747,24,4a edicion,Suscripcion,Fisico,F-98735,15351.28,2024-12-10,Sede Sur,"Bonilla, Sánchez and Vega",1,2025-11-14,174463240239,DC970,832,2017,E-001667
1668,747,26,6a edicion,Suscripcion,Fisico,F-65620,58087.81,2017-11-12,Sede Sur,Salgado-Pedraza,2,2024-02-11,281351521071,YN578,117,1983,E-001668
1669,748,28,3a edicion,Donacion,Fisico,F-43186,44299.31,2015-09-09,Sede Sur,Gómez PLC,1,2003-11-29,195137500772,KK801,602,1981,E-001669
1670,748,17,4a edicion,Compra,Fisico,F-27994,23367.01,2018-08-27,Biblioteca Central,"Bermúdez, Castillo and Mejía",2,2021-11-16,734072774352,OV194,665,2002,E-001670
1671,749,52,3a edicion,Suscripcion,Fisico,F-92227,31711.48,2017-07-05,Sede Sur,"Guerra, Jaimes and Pérez",1,1997-12-22,450243116045,TX150,636,1997,E-001671
1672,749,13,2a edicion,Donacion,Fisico,F-83748,97616.2,2025-06-02,Coordinacion Academica,Vergara-Posada,2,2003-08-09,567717827319,BN520,807,1980,E-001672
1673,749,55,4a edicion,Compra,Fisico,F-26889,49189.2,2021-02-22,Biblioteca Central,García-Vergara,3,1996-05-08,538093380815,TQ141,841,1988,E-001673
1674,749,5,6a edicion,Suscripcion,Fisico,F-15001,74999.01,2016-06-03,Biblioteca Central,Jaimes PLC,4,2020-10-22,394328717965,KD457,550,2007,E-001674
1675,749,54,3a edicion,Suscripcion,Fisico,F-91020,113768.67,2018-09-29,Sede Norte,Ramírez Inc,5,2024-09-23,119211738933,HU820,264,2016,E-001675
1676,750,7,1a edicion,Canje,Fisico,F-51488,164088.37,2020-08-25,Sede Norte,"Ochoa, Gómez and Ortiz",1,2023-08-18,439494604234,RH988,86,2014,E-001676
1677,750,31,6a edicion,Canje,Fisico,F-38944,21624.5,2015-11-11,Biblioteca Central,"Ordóñez, Martínez and Bedoya",2,2020-06-05,927190680321,FE256,223,2015,E-001677
1678,751,30,3a edicion,Canje,Fisico,F-70280,33188.13,2020-01-05,Sede Norte,Quiroga and Sons,1,2023-03-08,147910349812,ZC390,331,2010,E-001678
1679,752,19,2a edicion,Compra,Fisico,F-64233,85122.54,2018-12-10,Coordinacion Academica,Zambrano-Molina,1,2002-11-22,150920675956,DW279,306,1983,E-001679
1680,753,23,3a edicion,Compra,Fisico,F-29076,56340.21,2018-08-27,Sede Sur,Montoya-Polo,1,2017-02-15,264662054381,RN531,547,1980,E-001680
1681,754,26,6a edicion,Suscripcion,Fisico,F-17529,38755.61,2023-02-13,Sede Sur,"Sierra, Castillo and Santos",1,1999-09-16,104779158792,DY107,444,1978,E-001681
1682,754,60,4a edicion,Suscripcion,Fisico,F-65871,110542.8,2018-07-31,Coordinacion Academica,"González, Valencia and Velásquez",2,2025-11-04,185714372479,BM891,152,2022,E-001682
1683,754,45,5a edicion,Compra,Fisico,F-69459,158467.58,2021-09-18,Sede Norte,Villamil-Zambrano,3,1989-09-25,301048247731,VA346,453,1986,E-001683
1684,754,37,2a edicion,Donacion,Fisico,F-92528,157731.43,2018-01-21,Sede Sur,Rosero and Sons,4,2025-04-07,743102959465,SQ817,407,2025,E-001684
1685,755,31,1a edicion,Suscripcion,Fisico,F-48902,46077.0,2024-08-26,Biblioteca Central,Marín-Silva,1,2015-11-04,682853964554,HK332,112,2001,E-001685
1686,755,12,4a edicion,Canje,Fisico,F-79248,144380.02,2022-01-16,Sede Sur,"Valencia, Daza and Giraldo",2,1996-03-04,223433990996,MJ687,105,1984,E-001686
1687,755,3,3a edicion,Compra,Fisico,F-18492,68293.98,2018-06-02,Biblioteca Central,Zambrano-Guevara,3,2016-04-30,446943411751,DT200,131,1984,E-001687
1688,755,13,3a edicion,Suscripcion,Fisico,F-42481,52004.62,2019-09-03,Sede Norte,Vanegas-Rojas,4,2017-12-19,360979190735,VF106,403,2013,E-001688
1689,755,50,3a edicion,Canje,Fisico,F-71009,130591.94,2015-08-05,Biblioteca Central,León Ltd,5,2020-11-23,230059376561,NZ515,869,2005,E-001689
1690,756,60,4a edicion,Compra,Fisico,F-94772,39209.2,2023-10-26,Coordinacion Academica,Díaz and Sons,1,2009-03-23,924490513344,FA376,531,1989,E-001690
1691,756,53,2a edicion,Canje,Fisico,F-91579,42986.8,2025-01-28,Sede Norte,Barrios-Gómez,2,1987-12-27,335633108847,FT742,658,1978,E-001691
1692,756,6,4a edicion,Canje,Fisico,F-79361,32892.72,2019-03-31,Coordinacion Academica,Contreras-Rosero,3,2024-08-21,140265214232,DJ463,698,2022,E-001692
1693,756,48,2a edicion,Donacion,Fisico,F-19068,176870.23,2022-09-09,Sede Sur,"Reyes, Palacios and Cuéllar",4,2025-04-13,498234130217,YW945,683,1981,E-001693
1694,756,39,5a edicion,Donacion,Fisico,F-95257,27149.95,2021-08-08,Sede Norte,López PLC,5,2013-12-13,415146630817,OE759,591,1980,E-001694
1695,757,47,3a edicion,Compra,Fisico,F-55925,131194.21,2023-12-27,Sede Sur,Fernández-Hurtado,1,2018-10-13,490284165165,TI947,232,2013,E-001695
1696,758,13,3a edicion,Suscripcion,Fisico,F-97024,97081.39,2025-07-19,Coordinacion Academica,"Barrios, López and Pérez",1,2021-08-11,507442091115,WG106,670,1996,E-001696
1697,758,12,1a edicion,Suscripcion,Fisico,F-94938,67855.76,2016-08-25,Sede Norte,Galvis Inc,2,2008-07-31,222192535863,BH694,757,1991,E-001697
1698,758,2,2a edicion,Suscripcion,Fisico,F-18500,35011.37,2019-11-22,Biblioteca Central,Salazar-Rodríguez,3,2003-06-04,232025163693,WX127,700,1985,E-001698
1699,758,28,1a edicion,Compra,Fisico,F-46482,154312.3,2015-01-15,Biblioteca Central,Toro Inc,4,2025-04-23,613908644621,AL150,130,2025,E-001699
1700,758,32,6a edicion,Suscripcion,Fisico,F-32031,102017.97,2018-11-12,Coordinacion Academica,Zambrano PLC,5,1993-02-05,961122749095,KG150,166,1987,E-001700
1701,759,9,6a edicion,Suscripcion,Fisico,F-26966,160355.31,2016-02-16,Biblioteca Central,"Medina, Arboleda and Rodríguez",1,2022-05-30,467491008961,UB537,743,2012,E-001701
1702,760,59,4a edicion,Canje,Fisico,F-13692,174083.18,2020-01-16,Sede Norte,Montes-Ortiz,1,2025-05-13,450622833104,QH708,450,2022,E-001702
1703,760,44,1a edicion,Donacion,Fisico,F-14839,73426.69,2024-02-25,Biblioteca Central,"Blanco, Rubio and Cortés",2,2024-04-02,327508430807,FN477,490,1999,E-001703
1704,760,54,5a edicion,Suscripcion,Fisico,F-79552,144101.9,2021-11-02,Sede Norte,"Pérez, Patiño and Castañeda",3,2022-09-19,148755205300,BB149,587,1990,E-001704
1705,761,48,3a edicion,Suscripcion,Fisico,F-71981,46207.56,2021-01-26,Biblioteca Central,Castillo-Benavides,1,2022-12-12,244100433699,FO848,195,2002,E-001705
1706,761,32,3a edicion,Suscripcion,Fisico,F-75421,89435.93,2017-09-04,Sede Sur,Saavedra-Andrade,2,2022-04-22,832819996319,FR794,421,2006,E-001706
1707,762,35,2a edicion,Canje,Fisico,F-89221,110483.67,2020-04-07,Biblioteca Central,Nieto PLC,1,2003-09-12,483014204462,TM248,871,1994,E-001707
1708,762,40,2a edicion,Compra,Fisico,F-59802,162189.7,2019-10-11,Biblioteca Central,"Angulo, Olaya and Rojas",2,1984-03-14,517250505864,PN929,582,1977,E-001708
1709,762,6,5a edicion,Suscripcion,Fisico,F-85392,46209.6,2019-02-22,Sede Norte,"García, Quintero and González",3,2007-11-24,141567740711,UR317,722,1982,E-001709
1710,763,36,2a edicion,Compra,Fisico,F-94068,79896.95,2016-06-27,Coordinacion Academica,Díaz-Cárdenas,1,2025-09-06,355009006199,HN341,417,2023,E-001710
1711,764,45,2a edicion,Compra,Fisico,F-88410,126463.57,2023-09-12,Coordinacion Academica,"Suárez, Castaño and Rodríguez",1,2004-12-31,625075132717,CG616,206,1986,E-001711
1712,764,36,2a edicion,Suscripcion,Fisico,F-97091,112223.57,2018-04-04,Sede Sur,Vergara and Sons,2,1990-05-11,594446172097,GH336,664,1982,E-001712
1713,764,9,2a edicion,Donacion,Fisico,F-67736,121390.2,2020-09-22,Coordinacion Academica,"León, López and Ríos",3,2020-11-30,112595858380,QX912,330,1985,E-001713
1714,765,47,4a edicion,Canje,Fisico,F-94983,24154.35,2018-08-26,Coordinacion Academica,Romero and Sons,1,2022-10-03,828824696546,OX606,822,1992,E-001714
1715,765,55,5a edicion,Compra,Fisico,F-49407,48633.6,2025-04-04,Sede Norte,"Padilla, Martínez and Acosta",2,2022-07-08,433587177827,WY316,389,2005,E-001715
1716,766,16,5a edicion,Compra,Fisico,F-53309,96667.36,2015-05-10,Sede Norte,"Ibarra, Rodríguez and Cantillo",1,2003-09-09,273771916896,PP151,713,1988,E-001716
1717,766,3,6a edicion,Donacion,Fisico,F-87532,130801.86,2019-03-09,Coordinacion Academica,López-Gómez,2,2015-02-16,489311521218,YU527,270,1992,E-001717
1718,767,13,5a edicion,Compra,Fisico,F-80233,77298.63,2024-04-09,Coordinacion Academica,"Arias, Murillo and Rodríguez",1,1999-11-03,108488919567,RQ925,613,1991,E-001718
1719,767,21,1a edicion,Suscripcion,Fisico,F-45687,52591.83,2025-05-07,Sede Sur,Zuluaga LLC,2,2016-01-28,981610853441,HY208,141,2009,E-001719
1720,767,2,3a edicion,Donacion,Fisico,F-87726,93200.64,2021-12-23,Sede Norte,Beltrán Group,3,2025-02-04,406440795706,TO961,678,2025,E-001720
1721,767,59,1a edicion,Compra,Fisico,F-19306,98313.44,2024-11-02,Coordinacion Academica,González-Prada,4,1989-02-22,786928759576,WD756,196,1984,E-001721
1722,768,55,6a edicion,Donacion,Fisico,F-68759,175236.55,2018-08-07,Sede Norte,Manrique-Guerrero,1,2018-03-18,437278066768,RU915,594,1984,E-001722
1723,769,6,3a edicion,Suscripcion,Fisico,F-34727,64428.75,2019-02-22,Coordinacion Academica,Ríos LLC,1,1988-01-15,804603174459,LV194,501,1979,E-001723
1724,769,11,4a edicion,Donacion,Fisico,F-53820,164917.59,2018-03-08,Coordinacion Academica,Díaz-Gil,2,2023-10-28,280341994797,WX103,262,1993,E-001724
1725,769,15,3a edicion,Canje,Fisico,F-91655,132017.21,2016-11-25,Sede Norte,Narváez Group,3,2019-04-04,373433128695,LW683,371,1982,E-001725
1726,769,54,1a edicion,Suscripcion,Fisico,F-97347,63692.13,2018-02-05,Coordinacion Academica,Lozano-Cabrera,4,2018-12-23,984555734187,TL739,428,1975,E-001726
1727,770,44,1a edicion,Compra,Fisico,F-16648,146357.54,2017-10-20,Biblioteca Central,"Salcedo, Hernández and Cardona",1,2012-03-08,585552372171,JT691,872,1991,E-001727
1728,770,26,2a edicion,Canje,Fisico,F-19772,57860.16,2023-07-21,Biblioteca Central,"Vega, Naranjo and Pérez",2,2001-11-11,296452717869,KH100,254,1997,E-001728
1729,770,41,1a edicion,Suscripcion,Fisico,F-62344,26116.88,2020-10-08,Biblioteca Central,"Ortiz, Mejía and Acevedo",3,1998-01-21,769608792082,YO445,526,1985,E-001729
1730,771,18,1a edicion,Donacion,Fisico,F-98357,47514.71,2019-05-25,Sede Sur,"Jiménez, Hernández and Prieto",1,2010-02-14,983607140433,AO112,223,1980,E-001730
1731,772,22,4a edicion,Canje,Fisico,F-25279,87475.39,2021-11-14,Biblioteca Central,Pineda-Sánchez,1,2014-07-06,510886562165,TN844,564,2013,E-001731
1732,772,37,1a edicion,Canje,Fisico,F-49848,112787.04,2016-11-28,Biblioteca Central,Fernández-Bolívar,2,2013-10-28,743448119963,CY983,198,2010,E-001732
1733,773,11,5a edicion,Canje,Fisico,F-24798,62881.87,2018-03-10,Biblioteca Central,Córdoba-Medina,1,2006-05-27,193420175765,AR321,605,1981,E-001733
1734,773,58,5a edicion,Donacion,Fisico,F-25859,61944.11,2016-11-20,Coordinacion Academica,Cortés PLC,2,2015-10-19,268884330758,OJ105,203,1998,E-001734
1735,774,7,4a edicion,Canje,Fisico,F-29942,23520.79,2025-02-12,Sede Sur,"Duarte, Muñoz and Romero",1,2020-05-05,438021832753,TS546,713,2020,E-001735
1736,774,34,4a edicion,Suscripcion,Fisico,F-91820,64053.68,2015-10-31,Sede Norte,Parra-García,2,2018-07-08,303853540804,QG918,694,2007,E-001736
1737,774,43,4a edicion,Suscripcion,Fisico,F-52853,171654.92,2025-09-02,Biblioteca Central,"Meneses, Sanabria and González",3,1993-02-03,559188443599,OH419,359,1982,E-001737
1738,775,59,3a edicion,Donacion,Fisico,F-24900,107358.16,2015-04-15,Biblioteca Central,Villa-Delgado,1,2013-10-10,306580943097,UK163,609,2011,E-001738
1739,775,14,1a edicion,Canje,Fisico,F-79942,141637.92,2024-12-13,Sede Norte,Castillo PLC,2,2001-03-01,298813261856,RZ656,336,1995,E-001739
1740,775,47,2a edicion,Donacion,Fisico,F-43003,80098.44,2025-07-28,Coordinacion Academica,"González, Flórez and Castaño",3,2020-02-20,791840518029,RA348,879,2020,E-001740
1741,776,16,3a edicion,Donacion,Fisico,F-80372,84945.46,2023-12-21,Biblioteca Central,Gutiérrez-Rodríguez,1,1997-01-17,593120410452,TF585,474,1983,E-001741
1742,777,40,6a edicion,Donacion,Fisico,F-93162,169053.14,2022-05-30,Coordinacion Academica,"Bedoya, Arévalo and Pardo",1,2024-05-17,875841997764,KF536,805,2024,E-001742
1743,778,4,5a edicion,Suscripcion,Fisico,F-27575,27381.4,2020-01-13,Sede Sur,Perea Inc,1,2011-10-14,972644918850,FM399,784,2005,E-001743
1744,778,16,2a edicion,Compra,Fisico,F-19573,18080.56,2022-07-20,Coordinacion Academica,Salamanca Inc,2,1979-11-02,409858873152,MM917,553,1978,E-001744
1745,779,18,2a edicion,Suscripcion,Fisico,F-47924,161084.85,2019-11-25,Sede Norte,Cortés-Pabón,1,1998-06-17,295822710876,AR597,524,1983,E-001745
1746,779,38,5a edicion,Canje,Fisico,F-34285,51222.52,2022-05-17,Biblioteca Central,Ortiz LLC,2,2024-04-24,709047570543,LQ273,894,2023,E-001746
1747,779,13,4a edicion,Donacion,Fisico,F-92124,42457.99,2024-05-09,Coordinacion Academica,Fuentes Inc,3,2019-12-07,815323713538,RR536,608,2007,E-001747
1748,780,18,2a edicion,Donacion,Fisico,F-69848,142590.04,2017-08-04,Biblioteca Central,"Cortés, Pulido and Cifuentes",1,2022-03-23,776547820028,KP716,456,2022,E-001748
1749,781,47,4a edicion,Donacion,Fisico,F-20600,122382.11,2018-07-29,Sede Norte,Soto-Ríos,1,1986-03-27,878731092193,HT578,817,1979,E-001749
1750,781,1,4a edicion,Compra,Fisico,F-72847,76867.78,2023-02-10,Sede Sur,"Daza, Muñoz and Ordóñez",2,2009-01-21,411670067303,DR774,671,1978,E-001750
1751,782,13,3a edicion,Suscripcion,Fisico,F-76134,83664.52,2025-09-29,Coordinacion Academica,Guerrero-Leal,1,2025-07-24,942351516452,AE172,323,2025,E-001751
1752,782,52,3a edicion,Canje,Fisico,F-90070,143888.49,2017-11-19,Sede Sur,Mesa-Ceballos,2,2009-04-05,494019647068,BA384,846,2009,E-001752
1753,783,22,3a edicion,Compra,Fisico,F-34763,131817.04,2023-04-30,Sede Sur,Gómez LLC,1,2024-02-20,175644397201,XM459,381,1998,E-001753
1754,784,43,6a edicion,Canje,Fisico,F-23041,19275.1,2019-08-10,Coordinacion Academica,"Castillo, Vega and Polo",1,2010-05-04,474987678100,TL209,768,2001,E-001754
1755,785,26,3a edicion,Compra,Fisico,F-13989,56548.46,2020-07-05,Sede Norte,"Ramírez, Vallejo and Quiroga",1,2012-04-16,255230265060,MJ342,347,2002,E-001755
1756,786,54,5a edicion,Suscripcion,Fisico,F-36046,160780.75,2024-04-06,Sede Norte,Velásquez PLC,1,2024-06-17,796714473541,GO945,638,2019,E-001756
1757,787,29,1a edicion,Donacion,Fisico,F-50266,126333.01,2023-04-27,Sede Sur,"Vergara, Triana and Jiménez",1,2009-10-18,254091941591,OS940,202,2008,E-001757
1758,788,48,3a edicion,Suscripcion,Fisico,F-75279,162039.38,2017-06-09,Biblioteca Central,Mora Group,1,2004-10-17,435384029799,XA720,290,1985,E-001758
1759,789,35,5a edicion,Suscripcion,Fisico,F-41553,23883.3,2019-11-05,Sede Sur,"González, Ortega and Peña",1,1982-06-14,839848557478,UZ950,106,1981,E-001759
1760,790,33,1a edicion,Donacion,Fisico,F-64720,64143.65,2025-09-03,Sede Sur,Gómez Ltd,1,2011-02-22,201856280519,YG793,118,2009,E-001760
1761,791,33,2a edicion,Canje,Fisico,F-43138,18916.39,2015-12-24,Coordinacion Academica,Arias-Pacheco,1,1986-01-14,246224485929,BH630,348,1983,E-001761
1762,791,28,6a edicion,Suscripcion,Fisico,F-68407,120852.36,2022-02-03,Sede Norte,Villegas-Suárez,2,2004-10-23,934012712912,IE165,368,2002,E-001762
1763,791,37,4a edicion,Compra,Fisico,F-97128,36179.27,2015-03-26,Sede Sur,"Hurtado, Gómez and Ramos",3,2024-08-09,805180835883,VK418,760,2011,E-001763
1764,791,14,6a edicion,Donacion,Fisico,F-50034,36402.03,2015-06-27,Coordinacion Academica,Velásquez-Oviedo,4,2011-09-27,170270918739,LF991,126,2006,E-001764
1765,792,1,1a edicion,Compra,Fisico,F-48311,33236.64,2016-05-14,Sede Norte,Ballesteros-Rivera,1,2010-09-22,500876047441,ZY441,843,1993,E-001765
1766,792,20,2a edicion,Compra,Fisico,F-71912,140373.47,2016-08-24,Sede Norte,González LLC,2,2016-10-23,356319418804,TT711,445,2004,E-001766
1767,792,9,6a edicion,Compra,Fisico,F-59515,146160.3,2015-11-11,Coordinacion Academica,Bohórquez-Hernández,3,2022-10-29,708662640367,NY969,544,2002,E-001767
1768,793,29,3a edicion,Compra,Fisico,F-75549,94263.19,2022-05-12,Biblioteca Central,Díaz and Sons,1,2021-07-01,968136554156,DT318,701,2005,E-001768
1769,793,35,5a edicion,Donacion,Fisico,F-69830,121131.8,2023-12-21,Sede Norte,Quintero and Sons,2,2010-11-20,405121862947,UU618,567,2009,E-001769
1770,794,8,5a edicion,Canje,Fisico,F-54771,136978.54,2019-08-06,Biblioteca Central,"Jiménez, Alzate and Muñoz",1,2008-03-15,910224966428,JP909,547,1992,E-001770
1771,795,8,5a edicion,Compra,Fisico,F-85856,123457.9,2023-09-26,Sede Sur,Suárez-Gutiérrez,1,2001-08-02,846155710446,ZK141,333,1989,E-001771
1772,795,51,1a edicion,Canje,Fisico,F-51811,99149.8,2021-12-13,Sede Norte,Hurtado-Carvajal,2,2022-02-08,726666534817,KF208,865,2015,E-001772
1773,795,21,2a edicion,Suscripcion,Fisico,F-28377,20439.75,2025-02-05,Sede Sur,Miranda and Sons,3,2023-04-20,438560412324,RH715,275,2009,E-001773
1774,796,29,1a edicion,Canje,Fisico,F-14075,170620.63,2017-07-22,Sede Sur,Rodríguez-Serrano,1,2016-02-05,563201227699,EJ567,88,2012,E-001774
1775,796,48,4a edicion,Compra,Fisico,F-35849,90675.01,2022-05-13,Sede Sur,Padilla-Torres,2,1985-06-12,160928025518,FW803,434,1983,E-001775
1776,796,47,3a edicion,Donacion,Fisico,F-51891,59051.71,2025-07-04,Biblioteca Central,"Martínez, Mena and Medina",3,2012-08-15,935157144854,VF628,805,1997,E-001776
1777,797,30,6a edicion,Donacion,Fisico,F-27750,175867.5,2023-12-17,Biblioteca Central,Granados Inc,1,2021-06-16,911883180977,WY139,546,2001,E-001777
1778,797,44,6a edicion,Compra,Fisico,F-12839,141889.7,2021-12-08,Sede Sur,Moreno-Patiño,2,2024-05-23,935347473662,EU169,207,2024,E-001778
1779,798,7,6a edicion,Suscripcion,Fisico,F-97643,96143.91,2022-10-08,Biblioteca Central,Zapata-Osorio,1,2011-01-22,204279609772,IR123,790,1993,E-001779
1780,798,28,4a edicion,Suscripcion,Fisico,F-78395,84042.36,2025-08-31,Sede Sur,"Vásquez, Vargas and Romero",2,2018-10-05,239300408111,KW888,379,1994,E-001780
1781,798,4,6a edicion,Canje,Fisico,F-81907,83380.63,2015-12-03,Biblioteca Central,"Ruiz, Valencia and Díaz",3,2016-04-27,120638195740,VJ220,594,1994,E-001781
1782,799,15,2a edicion,Donacion,Fisico,F-70718,143132.09,2022-10-09,Sede Sur,Carrillo LLC,1,2024-01-15,424955565490,EW329,884,2024,E-001782
1783,799,30,2a edicion,Donacion,Fisico,F-59310,123802.16,2023-08-31,Coordinacion Academica,López-González,2,2023-03-01,758231084327,QK930,775,2023,E-001783
1784,800,50,1a edicion,Canje,Fisico,F-77295,177131.02,2024-01-02,Coordinacion Academica,Arias-García,1,2016-08-31,784799509121,CB709,838,1988,E-001784
1785,801,10,3a edicion,Suscripcion,Fisico,F-31082,61798.92,2015-04-02,Sede Sur,Alarcón-Contreras,1,2024-11-10,683493096113,UB224,187,2012,E-001785
1786,801,4,1a edicion,Suscripcion,Fisico,F-42120,37423.4,2015-12-09,Sede Sur,Álvarez-López,2,2020-02-24,494803387474,OO805,468,2018,E-001786
1787,802,11,4a edicion,Canje,Fisico,F-20574,163093.55,2020-04-28,Biblioteca Central,Ortiz-Moreno,1,1992-03-10,366380631775,LU377,327,1981,E-001787
1788,802,18,2a edicion,Donacion,Fisico,F-59982,148000.78,2020-04-05,Sede Sur,Mosquera and Sons,2,2025-07-31,975368099294,JO900,785,2023,E-001788
1789,802,25,2a edicion,Canje,Fisico,F-95118,125839.39,2017-04-21,Biblioteca Central,"Ariza, Márquez and Jiménez",3,2005-06-02,384913343390,ZO211,732,1996,E-001789
1790,803,41,2a edicion,Compra,Fisico,F-11517,95652.04,2017-10-12,Coordinacion Academica,Mosquera LLC,1,2012-08-09,742740203292,WZ308,134,2012,E-001790
1791,804,12,1a edicion,Canje,Fisico,F-31489,121710.28,2019-10-03,Coordinacion Academica,"Cruz, Muñoz and Sanabria",1,2003-10-08,370352006455,TG866,852,1998,E-001791
1792,804,36,3a edicion,Donacion,Fisico,F-65629,34786.65,2024-05-02,Coordinacion Academica,Quintero Group,2,2006-12-24,446541237639,QR784,862,1998,E-001792
1793,804,18,6a edicion,Donacion,Fisico,F-21176,103099.84,2024-07-17,Sede Sur,Torres Inc,3,2020-12-23,328984392820,QG549,861,2014,E-001793
1794,805,10,4a edicion,Donacion,Fisico,F-94037,118102.9,2015-09-03,Biblioteca Central,García-Mesa,1,2019-01-05,738283855183,WG936,752,1995,E-001794
1795,805,12,2a edicion,Donacion,Fisico,F-55526,106601.48,2021-08-26,Sede Norte,Luna PLC,2,1995-05-30,485797486595,TF623,137,1994,E-001795
1796,805,43,6a edicion,Canje,Fisico,F-32465,98817.26,2015-05-04,Sede Sur,Rubio-Molina,3,2021-04-24,644627043223,QR423,126,2019,E-001796
1797,806,6,5a edicion,Suscripcion,Fisico,F-57279,57775.76,2023-11-10,Sede Sur,Guerra PLC,1,2025-09-13,245651226803,CL466,265,2020,E-001797
1798,806,45,4a edicion,Suscripcion,Fisico,F-73232,56763.48,2023-09-25,Sede Sur,Acosta Group,2,2023-07-27,527630539487,GA370,893,1992,E-001798
1799,806,3,3a edicion,Suscripcion,Fisico,F-16929,23053.46,2015-02-05,Coordinacion Academica,Niño-Mejía,3,2017-07-02,686556382341,KV994,603,2012,E-001799
1800,806,20,5a edicion,Suscripcion,Fisico,F-98027,90483.29,2024-01-16,Sede Sur,Álvarez Inc,4,2000-07-02,331079234181,OW608,553,1983,E-001800
1801,807,23,6a edicion,Canje,Fisico,F-59786,18415.12,2016-02-17,Sede Norte,Parra-Roa,1,2025-10-15,121995744787,GK966,340,2025,E-001801
1802,807,11,3a edicion,Canje,Fisico,F-35967,114503.62,2015-06-28,Biblioteca Central,"Torres, Guerra and Páez",2,2017-12-19,579986930947,BD161,667,1976,E-001802
1803,808,10,6a edicion,Canje,Fisico,F-14073,87659.44,2016-08-10,Coordinacion Academica,"Ospina, González and Salazar",1,2018-12-29,250118552311,PG469,764,2014,E-001803
1804,808,46,4a edicion,Canje,Fisico,F-26302,128130.21,2023-09-05,Biblioteca Central,Castro-Flórez,2,2025-02-23,242668534106,CX480,140,2025,E-001804
1805,808,15,6a edicion,Canje,Fisico,F-98340,119712.53,2020-09-13,Sede Sur,Marín-Rivera,3,2025-04-03,396128268300,FS258,550,2016,E-001805
1806,809,44,2a edicion,Suscripcion,Fisico,F-75454,112602.51,2017-12-19,Coordinacion Academica,Fernández-Martínez,1,2003-12-20,390880563009,JH444,897,1997,E-001806
1807,809,45,6a edicion,Canje,Fisico,F-91681,73416.46,2020-02-13,Biblioteca Central,Aguilar and Sons,2,2021-02-12,590370592682,ST842,277,1994,E-001807
1808,810,56,3a edicion,Donacion,Fisico,F-23955,102298.8,2016-06-27,Sede Norte,"Muñoz, Rivera and Alzate",1,2021-12-01,851326253362,IK386,104,2006,E-001808
1809,810,39,2a edicion,Suscripcion,Fisico,F-26953,93506.51,2016-02-24,Coordinacion Academica,León PLC,2,1994-07-27,399856153738,SZ827,111,1985,E-001809
1810,810,18,1a edicion,Canje,Fisico,F-61044,70498.81,2019-02-10,Biblioteca Central,Barrios Inc,3,2025-11-13,276440558861,BR665,466,2024,E-001810
1811,811,2,3a edicion,Compra,Fisico,F-27204,102763.0,2021-10-06,Sede Norte,"Cortés, Acosta and Escobar",1,1991-01-05,624148622081,RH893,745,1980,E-001811
1812,812,38,3a edicion,Donacion,Fisico,F-27672,87988.31,2025-06-11,Coordinacion Academica,"Blanco, Pérez and Rueda",1,2018-10-18,630387092549,RT913,359,2015,E-001812
1813,813,21,6a edicion,Canje,Fisico,F-40046,150286.73,2024-11-14,Coordinacion Academica,Vergara-Gutiérrez,1,2018-09-18,903990073537,JF906,216,2014,E-001813
1814,814,39,4a edicion,Donacion,Fisico,F-55182,34749.46,2015-02-18,Sede Norte,"Jiménez, Castro and Cuesta",1,2012-11-04,101629319198,YQ601,531,2008,E-001814
1815,814,5,3a edicion,Donacion,Fisico,F-92135,56477.87,2022-10-25,Coordinacion Academica,Beltrán-Rico,2,2023-12-05,832589354044,VT906,471,2023,E-001815
1816,814,14,4a edicion,Compra,Fisico,F-56723,93606.44,2016-04-01,Biblioteca Central,"Cruz, Arias and Pérez",3,2025-06-25,299097917710,LY104,653,2025,E-001816
1817,815,36,4a edicion,Donacion,Fisico,F-97197,148633.49,2019-01-20,Biblioteca Central,Valencia-Blanco,1,1989-12-09,784945533991,LY314,318,1987,E-001817
1818,815,55,2a edicion,Compra,Fisico,F-90255,93595.15,2017-02-28,Sede Sur,"Hernández, Delgado and González",2,2014-01-28,194237344136,SB859,398,2004,E-001818
1819,816,44,6a edicion,Suscripcion,Fisico,F-58905,115078.64,2024-04-20,Biblioteca Central,Sánchez Group,1,1992-05-06,265465699860,XS521,637,1978,E-001819
1820,816,1,5a edicion,Compra,Fisico,F-29758,43515.55,2021-04-15,Coordinacion Academica,Ariza-León,2,2020-03-16,236378845501,VU634,678,2020,E-001820
1821,817,12,2a edicion,Canje,Fisico,F-64201,142450.25,2016-06-22,Sede Norte,Fonseca LLC,1,2007-07-29,182505054798,QR932,415,1992,E-001821
1822,817,47,4a edicion,Canje,Fisico,F-70325,74528.44,2023-11-09,Biblioteca Central,Henao Group,2,2025-07-29,281237744718,CO301,94,2014,E-001822
1823,817,35,1a edicion,Suscripcion,Fisico,F-89299,61696.55,2015-10-02,Coordinacion Academica,Carmona PLC,3,2021-10-17,114328956715,QJ273,894,2010,E-001823
1824,818,15,1a edicion,Compra,Fisico,F-77270,118170.12,2019-09-30,Coordinacion Academica,Velandia-Arrieta,1,2024-06-21,485042211500,ZI628,797,1982,E-001824
1825,818,21,3a edicion,Canje,Fisico,F-87031,70898.62,2023-06-12,Biblioteca Central,Salazar and Sons,2,2025-09-06,466376433273,QM144,383,2025,E-001825
1826,818,12,2a edicion,Suscripcion,Fisico,F-91530,63059.17,2019-05-31,Sede Norte,"López, Díaz and Rojas",3,2023-10-26,295186133235,AG613,519,2014,E-001826
1827,819,19,6a edicion,Donacion,Fisico,F-50431,145882.93,2025-04-21,Sede Norte,"Mora, Espinosa and Miranda",1,1992-03-14,708387705178,DY376,863,1981,E-001827
1828,819,59,1a edicion,Canje,Fisico,F-29167,32497.51,2024-10-31,Coordinacion Academica,Escobar PLC,2,2020-08-19,826969558947,PR298,382,2017,E-001828
1829,819,55,5a edicion,Canje,Fisico,F-65803,144378.42,2025-05-02,Coordinacion Academica,Castro LLC,3,2017-07-07,381101883573,SA134,532,2013,E-001829
1830,819,36,6a edicion,Suscripcion,Fisico,F-76944,136403.01,2024-09-12,Sede Sur,Daza PLC,4,2025-03-23,445886165028,VX557,357,2010,E-001830
1831,819,49,1a edicion,Compra,Fisico,F-94623,148822.64,2019-11-24,Coordinacion Academica,"Méndez, Pérez and López",5,2015-09-10,265962288340,OS539,376,2014,E-001831
1832,820,40,2a edicion,Suscripcion,Fisico,F-90104,162306.65,2017-06-06,Coordinacion Academica,Arias and Sons,1,2017-01-14,157864847110,RN174,243,2007,E-001832
1833,820,14,1a edicion,Suscripcion,Fisico,F-44861,73801.73,2022-07-07,Sede Norte,Orozco-Torres,2,2017-10-16,585058567799,ZL659,94,1992,E-001833
1834,820,1,3a edicion,Compra,Fisico,F-92348,112214.79,2019-05-13,Sede Sur,Méndez Ltd,3,2011-10-03,980761522498,KX621,537,1992,E-001834
1835,820,51,5a edicion,Donacion,Fisico,F-87265,38027.69,2015-07-25,Sede Norte,"Montoya, Rodríguez and Camargo",4,2015-09-02,898642938409,XA262,560,1998,E-001835
1836,821,8,2a edicion,Canje,Fisico,F-73408,178387.1,2015-10-24,Sede Norte,"Ruiz, Hernández and Medina",1,2018-04-06,374244978967,XX104,107,1996,E-001836
1837,821,30,6a edicion,Canje,Fisico,F-25091,75622.68,2016-08-04,Sede Sur,González and Sons,2,2017-08-28,474442244056,ZS894,477,2010,E-001837
1838,821,1,5a edicion,Compra,Fisico,F-74370,148847.61,2017-05-21,Coordinacion Academica,Rodríguez PLC,3,1999-11-20,768526105484,ES147,794,1999,E-001838
1839,821,13,3a edicion,Compra,Fisico,F-93476,81934.28,2022-05-03,Sede Norte,Álvarez-Jaimes,4,1989-05-20,744782007683,KL627,410,1988,E-001839
1840,821,40,6a edicion,Suscripcion,Fisico,F-67827,149700.57,2015-04-24,Coordinacion Academica,Vargas Group,5,2013-12-22,150686060710,BS536,125,2002,E-001840
1841,822,7,3a edicion,Donacion,Fisico,F-68345,20178.82,2015-07-28,Sede Sur,Barrios LLC,1,2008-12-04,751689370704,RZ181,827,1992,E-001841
1842,823,58,3a edicion,Donacion,Fisico,F-83376,87217.68,2022-05-28,Coordinacion Academica,Ordóñez Ltd,1,2012-12-05,650779569071,DB819,549,2006,E-001842
1843,823,56,1a edicion,Canje,Fisico,F-74198,146998.47,2024-05-02,Biblioteca Central,Valencia-Cuéllar,2,2010-05-13,459656495513,JG361,463,2002,E-001843
1844,823,28,1a edicion,Donacion,Fisico,F-80675,134531.47,2018-06-13,Biblioteca Central,"Cruz, Castillo and Espitia",3,2016-10-20,285860645790,WZ600,598,2007,E-001844
1845,823,41,1a edicion,Canje,Fisico,F-89214,98013.68,2020-04-09,Sede Norte,"Zapata, Rivera and Castillo",4,2008-06-28,329429700656,OC825,344,1998,E-001845
1846,824,41,2a edicion,Donacion,Fisico,F-38678,110079.9,2021-07-25,Sede Norte,Barrios PLC,1,1989-09-08,444124260095,XT676,884,1986,E-001846
1847,824,30,6a edicion,Compra,Fisico,F-28168,124199.83,2015-01-28,Sede Sur,Jaramillo-Rojas,2,1977-04-13,399438138912,HZ623,344,1976,E-001847
1848,824,27,4a edicion,Suscripcion,Fisico,F-57628,151957.88,2022-06-24,Sede Sur,"Martínez, Rodríguez and Quintero",3,2024-12-25,903633319260,KY575,745,2024,E-001848
1849,825,19,3a edicion,Suscripcion,Fisico,F-87214,153241.12,2021-06-20,Biblioteca Central,López-Barrera,1,1999-04-26,211205048770,JO511,782,1999,E-001849
1850,825,24,4a edicion,Suscripcion,Fisico,F-97472,171108.21,2023-06-07,Coordinacion Academica,"Vargas, Bernal and Estrada",2,2023-09-28,512025719114,MH936,565,2022,E-001850
1851,825,25,4a edicion,Canje,Fisico,F-61648,22733.37,2018-12-16,Sede Norte,"Reyes, Díaz and Romero",3,2023-06-06,649791980313,DD787,835,2021,E-001851
1852,826,38,4a edicion,Canje,Fisico,F-52028,167884.64,2015-10-17,Coordinacion Academica,Gutiérrez-Medina,1,2017-07-26,165986832913,VT394,666,2016,E-001852
1853,826,32,5a edicion,Donacion,Fisico,F-83179,97711.08,2016-08-11,Coordinacion Academica,Durán PLC,2,2025-08-25,427966248893,HP858,362,2014,E-001853
1854,826,1,4a edicion,Compra,Fisico,F-82615,74699.54,2015-06-16,Coordinacion Academica,Díaz-Gómez,3,1991-06-22,769544217773,FR274,689,1984,E-001854
1855,826,51,6a edicion,Donacion,Fisico,F-78968,86246.1,2022-09-09,Sede Sur,"Salazar, Castañeda and Rivera",4,2019-06-27,164573549332,AK489,899,2009,E-001855
1856,827,56,4a edicion,Donacion,Fisico,F-14905,55549.4,2023-12-22,Biblioteca Central,Jiménez PLC,1,2012-08-11,371686502001,CM156,278,1994,E-001856
1857,827,37,2a edicion,Donacion,Fisico,F-20352,32901.55,2016-04-03,Sede Sur,Muñoz-Ayala,2,1997-01-14,124346382512,VN510,442,1980,E-001857
1858,828,22,5a edicion,Suscripcion,Fisico,F-58697,37015.91,2018-03-31,Sede Sur,Gómez Inc,1,2016-04-03,723429448229,TW502,186,2009,E-001858
1859,829,27,5a edicion,Suscripcion,Fisico,F-55408,90045.75,2025-09-11,Sede Norte,Bustos-Valencia,1,2000-08-25,178672553406,GK563,665,1992,E-001859
1860,830,33,4a edicion,Compra,Fisico,F-41658,69149.45,2025-11-12,Coordinacion Academica,"Bohórquez, Acevedo and Suárez",1,2016-03-01,567959194140,IB732,522,1987,E-001860
1861,830,14,5a edicion,Canje,Fisico,F-80411,87164.91,2017-10-22,Biblioteca Central,Corredor-Gómez,2,2019-06-23,819252297033,VR646,224,1990,E-001861
1862,830,25,1a edicion,Compra,Fisico,F-90573,138745.4,2016-03-30,Coordinacion Academica,"Rodríguez, Rincón and Rojas",3,2025-08-13,388316469135,IE981,514,1995,E-001862
1863,830,41,4a edicion,Suscripcion,Fisico,F-32035,112665.34,2019-05-31,Sede Sur,Guerrero-Salazar,4,2019-11-17,573036480269,QD637,450,2013,E-001863
1864,831,30,2a edicion,Suscripcion,Fisico,F-84001,134936.16,2021-10-19,Biblioteca Central,Acevedo-Buitrago,1,2019-03-26,993741702521,OD998,84,2006,E-001864
1865,831,60,4a edicion,Compra,Fisico,F-17618,127146.43,2021-12-15,Sede Sur,"Tovar, Torres and Ruiz",2,2012-05-19,893950739148,GA858,772,1983,E-001865
1866,831,1,2a edicion,Suscripcion,Fisico,F-23219,165992.65,2016-05-23,Sede Sur,"Peña, Bautista and Guerrero",3,2020-07-13,184340022547,MI685,122,1983,E-001866
1867,832,11,3a edicion,Canje,Fisico,F-33969,39833.22,2016-01-20,Coordinacion Academica,"Tovar, Alarcón and Estrada",1,2014-03-03,565302075385,UW517,302,1997,E-001867
1868,832,16,5a edicion,Donacion,Fisico,F-56243,21017.48,2016-09-29,Sede Sur,Jaramillo and Sons,2,2023-11-18,903968960611,QR234,472,2015,E-001868
1869,833,35,1a edicion,Canje,Fisico,F-40804,23852.95,2020-07-18,Sede Sur,Rico-Palacios,1,2020-03-20,756507771481,YI874,619,1990,E-001869
1870,834,58,2a edicion,Compra,Fisico,F-47104,102321.23,2017-02-15,Sede Sur,Gallego-Romero,1,2003-07-21,632787558884,WH386,457,1979,E-001870
1871,834,48,2a edicion,Donacion,Fisico,F-17092,156069.83,2022-03-05,Coordinacion Academica,Montoya-Santos,2,1994-01-19,250428839376,EP371,356,1975,E-001871
1872,834,60,2a edicion,Compra,Fisico,F-91229,16984.07,2020-06-06,Biblioteca Central,Cárdenas and Sons,3,2002-02-13,712759868671,AU278,321,1975,E-001872
1873,835,60,2a edicion,Suscripcion,Fisico,F-92522,121106.44,2020-06-28,Coordinacion Academica,Arévalo-Olaya,1,2021-09-16,475185145844,DZ363,531,2019,E-001873
1874,835,29,2a edicion,Suscripcion,Fisico,F-72366,171257.24,2018-10-14,Sede Sur,Uribe LLC,2,2002-11-28,711216729920,YX209,375,2000,E-001874
1875,835,7,2a edicion,Suscripcion,Fisico,F-66097,32449.21,2024-12-29,Sede Norte,Ramírez and Sons,3,2025-01-10,338714702052,SQ917,870,2004,E-001875
1876,836,18,2a edicion,Suscripcion,Fisico,F-16685,152324.35,2025-10-14,Biblioteca Central,"Galeano, Palacios and Rojas",1,2010-03-28,165909476189,PO757,180,1983,E-001876
1877,836,54,2a edicion,Donacion,Fisico,F-16624,87049.57,2020-04-19,Sede Sur,"Cano, Burgos and Torres",2,1999-06-04,299734217944,HG394,537,1988,E-001877
1878,837,57,5a edicion,Compra,Fisico,F-89039,157703.26,2024-09-11,Biblioteca Central,Gutiérrez-Ortega,1,2019-08-14,594870629937,AI214,785,1988,E-001878
1879,837,10,4a edicion,Canje,Fisico,F-41774,108614.28,2023-10-31,Sede Sur,Moreno Inc,2,2015-06-18,608159305747,TA783,169,2013,E-001879
1880,838,51,6a edicion,Compra,Fisico,F-98256,45850.56,2016-12-27,Biblioteca Central,"Barreto, Valderrama and Romero",1,1989-10-12,532529827596,QU976,749,1986,E-001880
1881,838,21,5a edicion,Compra,Fisico,F-10505,133328.33,2024-05-09,Sede Sur,Tamayo-Díaz,2,2024-10-10,530311011403,EM357,300,2021,E-001881
1882,838,19,3a edicion,Donacion,Fisico,F-83849,148380.04,2019-09-10,Biblioteca Central,Romero and Sons,3,2011-12-24,259999912412,BI260,786,2000,E-001882
1883,838,41,1a edicion,Suscripcion,Fisico,F-29693,42249.75,2024-12-21,Coordinacion Academica,Hoyos and Sons,4,2023-01-16,887688298152,HC612,324,2023,E-001883
1884,839,4,6a edicion,Suscripcion,Fisico,F-51891,125327.95,2016-03-11,Biblioteca Central,"Gómez, Arango and Cardona",1,2015-05-29,307096018545,EA653,848,2004,E-001884
1885,840,3,5a edicion,Compra,Fisico,F-97241,84794.28,2022-02-10,Sede Norte,Uribe-Martínez,1,1978-04-13,664110051961,BW848,514,1977,E-001885
1886,840,60,4a edicion,Canje,Fisico,F-62754,75996.56,2019-08-20,Biblioteca Central,"Zapata, Vega and Rueda",2,2021-05-03,282447780668,DS666,753,2016,E-001886
1887,841,2,2a edicion,Canje,Fisico,F-65201,120224.19,2017-06-21,Sede Norte,Pérez LLC,1,2018-09-03,416589503469,YH939,467,2004,E-001887
1888,842,27,5a edicion,Canje,Fisico,F-53802,63953.24,2019-08-10,Sede Norte,"Franco, Martínez and Ramos",1,2025-12-10,230278800273,TJ576,400,2025,E-001888
1889,842,21,1a edicion,Canje,Fisico,F-75496,80320.75,2022-07-26,Coordinacion Academica,Pedraza and Sons,2,2010-07-30,874635900903,EY936,659,2006,E-001889
1890,843,21,4a edicion,Compra,Fisico,F-93960,167055.4,2025-04-19,Sede Norte,Ríos-Restrepo,1,2021-02-27,343547576961,SX558,841,2012,E-001890
1891,843,12,5a edicion,Suscripcion,Fisico,F-45657,100113.12,2022-02-23,Sede Norte,"Velásquez, Sánchez and Giraldo",2,2001-11-19,108969075871,IS677,243,1995,E-001891
1892,844,6,6a edicion,Canje,Fisico,F-56285,94192.93,2021-08-04,Sede Sur,Ramírez-Díaz,1,1997-08-17,893878229076,CP302,544,1983,E-001892
1893,845,26,4a edicion,Compra,Fisico,F-19186,61982.13,2025-06-29,Coordinacion Academica,Alzate-Díaz,1,2010-09-28,333246294799,AI158,269,1989,E-001893
1894,845,3,5a edicion,Compra,Fisico,F-73791,40617.17,2021-08-15,Sede Norte,"Jaimes, Rojas and Guerrero",2,2024-08-01,117703252836,DR734,877,2014,E-001894
1895,846,10,3a edicion,Donacion,Fisico,F-30031,42422.27,2022-02-26,Sede Sur,"Martínez, Ramírez and Flórez",1,2023-06-29,194630745255,ND833,769,2015,E-001895
1896,847,26,2a edicion,Canje,Fisico,F-70406,147868.04,2022-08-04,Sede Sur,"Flórez, Martínez and Rodríguez",1,2019-06-21,762275953550,RM155,638,1994,E-001896
1897,847,60,2a edicion,Canje,Fisico,F-62805,90554.71,2021-12-29,Biblioteca Central,Vélez-Pérez,2,2016-01-29,585232477014,EY617,239,2004,E-001897
1898,847,26,4a edicion,Suscripcion,Fisico,F-89634,65920.27,2021-04-20,Sede Norte,Gómez LLC,3,2007-08-12,847345242292,YZ678,728,1994,E-001898
1899,848,33,2a edicion,Canje,Fisico,F-12149,102347.29,2018-10-05,Sede Norte,Giraldo Group,1,2017-02-28,964723795450,XE748,517,2008,E-001899
1900,849,12,4a edicion,Suscripcion,Fisico,F-29181,49768.0,2025-03-29,Sede Norte,Jaramillo and Sons,1,2022-10-13,591032420090,NR852,242,2005,E-001900
1901,850,20,6a edicion,Suscripcion,Fisico,F-89395,132414.74,2020-04-23,Biblioteca Central,"Gómez, Herrera and Acosta",1,2025-08-08,850449566441,KA376,558,2015,E-001901
1902,850,50,6a edicion,Donacion,Fisico,F-93628,56481.92,2024-11-04,Coordinacion Academica,López and Sons,2,1994-08-19,535579208949,EK207,127,1986,E-001902
1903,851,47,6a edicion,Suscripcion,Fisico,F-81676,22952.55,2019-03-31,Coordinacion Academica,"Paz, Rodríguez and Restrepo",1,2020-11-22,650480831738,TO933,642,1994,E-001903
1904,851,45,5a edicion,Suscripcion,Fisico,F-32204,59853.46,2017-10-23,Sede Sur,Díaz Inc,2,2022-04-28,121000215967,UO872,331,1999,E-001904
1905,852,44,5a edicion,Canje,Fisico,F-78175,172917.6,2021-12-21,Sede Sur,Pérez Inc,1,2025-11-29,977964707331,GR188,315,2025,E-001905
1906,852,18,1a edicion,Donacion,Fisico,F-95953,53830.33,2016-02-20,Sede Norte,Ospina-Villamizar,2,2020-05-12,132403189715,PC224,484,2017,E-001906
1907,852,18,4a edicion,Suscripcion,Fisico,F-18928,147742.66,2022-03-28,Sede Norte,"Giraldo, Sánchez and González",3,2016-04-10,763545968015,ZI903,333,2012,E-001907
1908,853,6,6a edicion,Donacion,Fisico,F-13644,27668.51,2017-05-30,Biblioteca Central,Polo-Blanco,1,2014-01-20,939671149568,IX475,264,2014,E-001908
1909,853,41,2a edicion,Donacion,Fisico,F-23029,75029.05,2017-06-04,Biblioteca Central,Mercado-Molano,2,1976-07-12,314439903061,DS348,484,1976,E-001909
1910,854,44,1a edicion,Canje,Fisico,F-87810,106296.68,2015-11-22,Sede Norte,Vásquez Inc,1,2020-06-07,149327845939,PA287,330,2018,E-001910
1911,854,39,4a edicion,Suscripcion,Fisico,F-14582,152567.74,2017-01-19,Sede Sur,Muñoz-Vargas,2,2006-08-22,119775726804,BE968,330,1982,E-001911
1912,855,32,6a edicion,Canje,Fisico,F-85405,130085.5,2015-02-26,Biblioteca Central,Ochoa LLC,1,2025-04-12,107297820526,ZE806,187,2024,E-001912
1913,856,48,1a edicion,Suscripcion,Fisico,F-54925,154077.71,2024-11-28,Sede Norte,Mosquera Inc,1,2023-06-07,932454120654,UM278,381,2015,E-001913
1914,856,16,3a edicion,Donacion,Fisico,F-73040,33765.87,2025-03-29,Biblioteca Central,Sánchez and Sons,2,2017-10-03,410580321486,GS836,584,1994,E-001914
1915,856,40,1a edicion,Compra,Fisico,F-92097,24666.09,2023-01-09,Coordinacion Academica,Tovar-Sánchez,3,2013-07-12,246075251447,XV594,224,1994,E-001915
1916,857,55,3a edicion,Compra,Fisico,F-91689,54173.55,2023-03-21,Biblioteca Central,"Rodríguez, Ortiz and Villamizar",1,1987-06-28,322166160875,OZ389,722,1986,E-001916
1917,857,12,2a edicion,Donacion,Fisico,F-59864,124900.83,2015-02-21,Biblioteca Central,Nieto-Rivera,2,2021-04-12,334978471633,AG282,351,2020,E-001917
1918,858,9,6a edicion,Canje,Fisico,F-69096,78422.77,2019-01-18,Sede Norte,"Díaz, Bedoya and Romero",1,2014-03-28,195193765976,DH325,194,2009,E-001918
1919,858,30,5a edicion,Canje,Fisico,F-48028,42328.01,2025-09-14,Sede Norte,Correa Inc,2,2020-03-05,642824938765,UO795,107,1981,E-001919
1920,858,26,4a edicion,Compra,Fisico,F-66755,177890.65,2020-04-02,Coordinacion Academica,"Figueroa, Pinzón and Rodríguez",3,1988-06-27,249193655668,VE712,87,1981,E-001920
1921,859,13,5a edicion,Suscripcion,Fisico,F-32188,86331.19,2017-08-15,Biblioteca Central,Erazo-Niño,1,2010-11-19,285416452969,LS141,709,1981,E-001921
1922,860,44,3a edicion,Donacion,Fisico,F-13035,61680.69,2022-07-22,Biblioteca Central,"Romero, Flórez and Hernández",1,2023-05-12,969133937129,DS302,159,1980,E-001922
1923,860,18,1a edicion,Compra,Fisico,F-54920,19532.33,2018-08-13,Sede Sur,"González, Pedraza and Montoya",2,2024-09-15,679831875549,CF365,593,2013,E-001923
1924,861,27,4a edicion,Suscripcion,Fisico,F-40498,143975.4,2020-08-27,Sede Sur,Ríos-Parra,1,2016-07-13,595794548858,YW724,583,2010,E-001924
1925,862,42,6a edicion,Donacion,Fisico,F-95250,89168.5,2018-01-21,Sede Sur,Ardila-Arenas,1,2025-02-28,146517836730,NI447,602,1975,E-001925
1926,863,6,4a edicion,Donacion,Fisico,F-31888,90002.8,2021-09-02,Coordinacion Academica,Cortés-Mercado,1,1995-05-08,253438068708,QV661,271,1995,E-001926
1927,864,45,5a edicion,Donacion,Fisico,F-11426,74566.08,2016-01-04,Sede Norte,Hernández-Restrepo,1,2019-12-26,380002994892,BA128,517,1982,E-001927
1928,864,25,5a edicion,Compra,Fisico,F-90996,113428.76,2019-01-30,Biblioteca Central,"Silva, Álvarez and Muñoz",2,2025-02-13,431480293746,QX142,490,1987,E-001928
1929,865,41,6a edicion,Canje,Fisico,F-20176,133637.51,2020-03-02,Biblioteca Central,Mendoza Ltd,1,2021-01-30,532367027773,RC378,633,1979,E-001929
1930,866,59,5a edicion,Suscripcion,Fisico,F-92674,123465.03,2016-10-31,Sede Sur,"González, Gómez and Jiménez",1,2022-07-17,163692040981,SE558,835,2003,E-001930
1931,866,2,3a edicion,Canje,Fisico,F-99750,28241.24,2017-10-06,Biblioteca Central,Mendoza Inc,2,2023-10-11,166905064576,BM227,182,2017,E-001931
1932,867,45,4a edicion,Suscripcion,Fisico,F-62706,91679.15,2019-09-01,Biblioteca Central,"Daza, Cabrera and Saavedra",1,2007-01-15,243187028460,YG374,658,1992,E-001932
1933,867,7,4a edicion,Compra,Fisico,F-30090,145374.43,2020-01-17,Coordinacion Academica,Calderón-Ariza,2,2001-04-19,462093332330,EG176,574,2000,E-001933
1934,867,52,1a edicion,Donacion,Fisico,F-97225,48929.89,2015-01-18,Sede Sur,Gonzáles-Castro,3,2021-01-03,435995304358,IQ562,596,2004,E-001934
1935,867,30,6a edicion,Donacion,Fisico,F-34850,135207.17,2015-08-31,Sede Sur,Ortiz-Garcés,4,2004-10-03,746977170233,BQ759,786,1985,E-001935
1936,867,18,5a edicion,Suscripcion,Fisico,F-57285,131944.34,2020-08-05,Sede Norte,González PLC,5,2009-11-14,606713670697,QN275,714,1986,E-001936
1937,868,41,6a edicion,Canje,Fisico,F-71944,162138.61,2022-01-12,Biblioteca Central,Castro-Díaz,1,1996-08-22,869500982602,WA361,110,1987,E-001937
1938,868,37,5a edicion,Suscripcion,Fisico,F-65533,47248.95,2021-10-19,Sede Sur,Martínez and Sons,2,2019-06-12,524195841293,GX393,626,2014,E-001938
1939,869,30,2a edicion,Donacion,Fisico,F-61498,146350.62,2018-11-21,Sede Norte,"Rincón, Rico and Sánchez",1,2013-05-20,365042915946,AL717,159,1983,E-001939
1940,870,43,4a edicion,Suscripcion,Fisico,F-30384,93097.99,2018-09-27,Sede Norte,Rodríguez-Rojas,1,2019-05-04,361264732804,GA977,399,2010,E-001940
1941,870,41,2a edicion,Compra,Fisico,F-63872,84980.92,2017-10-03,Sede Sur,Rodríguez PLC,2,2010-01-10,167772627306,QM219,348,1975,E-001941
1942,871,24,4a edicion,Donacion,Fisico,F-55006,44213.69,2024-10-18,Coordinacion Academica,Alzate Ltd,1,1987-02-14,538996254413,WM275,898,1983,E-001942
1943,871,27,2a edicion,Donacion,Fisico,F-57767,90796.06,2018-03-06,Sede Sur,Moreno-González,2,2020-06-25,500575899477,AA471,898,2008,E-001943
1944,871,48,6a edicion,Canje,Fisico,F-45506,158758.36,2025-06-22,Sede Norte,"Guzmán, Solano and Jaramillo",3,2021-04-25,181965382325,CD207,558,2020,E-001944
1945,872,19,5a edicion,Canje,Fisico,F-94088,62655.12,2023-08-01,Biblioteca Central,González-Vera,1,2016-12-10,708303847958,AS644,815,2011,E-001945
1946,873,20,4a edicion,Donacion,Fisico,F-24373,163373.18,2015-11-02,Sede Norte,Flórez Ltd,1,2023-08-13,222939317584,UE225,497,2015,E-001946
1947,874,40,2a edicion,Canje,Fisico,F-60776,62565.11,2021-07-30,Coordinacion Academica,Hernández Group,1,2020-05-23,375623210233,GO551,825,2006,E-001947
1948,875,59,5a edicion,Suscripcion,Fisico,F-94560,109036.72,2016-04-29,Sede Sur,"Serrano, Sandoval and Garcés",1,2017-03-28,164433529322,SX575,403,1988,E-001948
1949,876,42,1a edicion,Donacion,Fisico,F-72928,160768.15,2016-12-27,Sede Norte,Mena-Garzón,1,2007-07-14,469576423942,MA576,651,1991,E-001949
1950,876,21,6a edicion,Donacion,Fisico,F-13370,134495.99,2016-01-11,Sede Norte,"Rosero, Quintero and Ríos",2,1996-09-01,543459642759,CR407,324,1985,E-001950
1951,876,35,6a edicion,Suscripcion,Fisico,F-50440,48922.04,2015-07-14,Biblioteca Central,Ramos-Muñoz,3,2024-09-06,396013080974,HB747,505,2022,E-001951
1952,877,8,6a edicion,Compra,Fisico,F-87979,118398.17,2017-09-19,Coordinacion Academica,Rodríguez PLC,1,2018-06-18,443224300000,SQ721,184,2001,E-001952
1953,878,55,1a edicion,Suscripcion,Fisico,F-92421,21100.72,2018-10-17,Biblioteca Central,Duque-Vargas,1,2019-11-03,183428625776,DD969,871,1984,E-001953
1954,878,6,3a edicion,Compra,Fisico,F-24087,163564.66,2018-07-28,Biblioteca Central,"Palacio, Cantillo and García",2,2011-08-21,899460029063,DQ295,163,1992,E-001954
1955,878,1,3a edicion,Compra,Fisico,F-72992,42234.48,2025-05-30,Coordinacion Academica,Ruiz Ltd,3,2002-12-24,801053921005,TR236,195,2001,E-001955
1956,878,36,4a edicion,Compra,Fisico,F-90884,105419.33,2016-07-31,Sede Sur,"Arias, Muñoz and Sierra",4,1988-09-11,780589508612,YS504,861,1986,E-001956
1957,879,33,3a edicion,Donacion,Fisico,F-18081,121809.67,2018-03-17,Biblioteca Central,Sánchez-Rodríguez,1,2023-02-26,247187182548,UI363,481,2013,E-001957
1958,879,15,4a edicion,Donacion,Fisico,F-79895,166363.79,2015-10-05,Sede Sur,"Rodríguez, Morales and Valencia",2,2017-09-04,506212918345,HI273,611,1975,E-001958
1959,880,46,5a edicion,Canje,Fisico,F-52423,123850.19,2022-10-28,Coordinacion Academica,Peña-Marín,1,2021-11-13,870902725058,MS883,703,1995,E-001959
1960,880,38,2a edicion,Compra,Fisico,F-51207,97320.56,2021-06-12,Coordinacion Academica,"Hurtado, Gutiérrez and Naranjo",2,2010-10-28,806955132033,IM647,293,2007,E-001960
1961,880,28,1a edicion,Suscripcion,Fisico,F-92016,31451.33,2019-02-20,Sede Norte,Marín-Becerra,3,2018-11-24,398952247445,DB847,768,1999,E-001961
1962,881,50,3a edicion,Donacion,Fisico,F-17297,175914.72,2018-10-28,Coordinacion Academica,"Hernández, Rangel and Camargo",1,1995-03-14,128956989957,ZE995,216,1995,E-001962
1963,881,50,5a edicion,Suscripcion,Fisico,F-92932,174031.99,2019-10-09,Biblioteca Central,"Fuentes, Chávez and Pacheco",2,2015-12-22,782275288936,EE529,296,2008,E-001963
1964,882,59,4a edicion,Compra,Fisico,F-52815,154467.98,2023-12-10,Sede Norte,"Torres, Cardona and Caballero",1,2023-04-01,160503515980,JA190,592,2018,E-001964
1965,882,25,2a edicion,Donacion,Fisico,F-50737,153345.96,2018-03-16,Biblioteca Central,Salamanca Group,2,1998-10-24,123735694245,EB997,883,1993,E-001965
1966,883,38,3a edicion,Compra,Fisico,F-55749,177140.15,2021-10-20,Sede Norte,"Romero, Murcia and Zapata",1,2007-06-27,543763109116,WK482,326,1992,E-001966
1967,884,16,4a edicion,Suscripcion,Fisico,F-87425,69590.56,2024-03-24,Coordinacion Academica,Correa LLC,1,2020-09-30,951960542645,UG892,410,1992,E-001967
1968,885,57,3a edicion,Canje,Fisico,F-30278,69492.57,2016-11-29,Sede Norte,Álvarez-Angarita,1,2010-10-18,464828126362,HL937,842,1989,E-001968
1969,885,27,4a edicion,Compra,Fisico,F-96464,96142.69,2018-08-22,Sede Norte,Rodríguez-Jiménez,2,2016-07-07,275458434051,FT972,571,2010,E-001969
1970,886,12,5a edicion,Canje,Fisico,F-99869,140529.58,2019-10-20,Sede Sur,Ángel PLC,1,2025-03-07,279861935659,ER314,885,2015,E-001970
1971,886,32,3a edicion,Compra,Fisico,F-17893,150288.89,2022-06-15,Sede Sur,"Quintero, Caicedo and Pacheco",2,2022-11-30,139810932128,CU548,80,2014,E-001971
1972,887,6,3a edicion,Compra,Fisico,F-47076,38677.86,2021-04-30,Sede Sur,Serna LLC,1,2025-01-27,341893260522,LS957,791,1991,E-001972
1973,888,44,5a edicion,Suscripcion,Fisico,F-42460,70062.05,2021-11-24,Sede Sur,Gutiérrez Group,1,1997-02-04,179101403130,DB419,213,1979,E-001973
1974,888,48,2a edicion,Compra,Fisico,F-17805,99335.14,2016-07-30,Biblioteca Central,Restrepo and Sons,2,2023-06-09,969292242750,HB351,289,2021,E-001974
1975,889,5,5a edicion,Suscripcion,Fisico,F-75015,46161.15,2016-08-12,Sede Norte,Osorio-Rodríguez,1,2004-06-02,519406592975,CE457,697,2001,E-001975
1976,890,14,6a edicion,Compra,Fisico,F-23423,132463.23,2021-11-15,Biblioteca Central,"Vargas, Sánchez and García",1,2016-07-24,192260034118,CX923,473,1987,E-001976
1977,890,13,6a edicion,Donacion,Fisico,F-76139,149508.32,2018-04-10,Sede Sur,"Fajardo, Ramírez and Rentería",2,2000-01-01,680193547926,SX765,388,1978,E-001977
1978,890,42,4a edicion,Compra,Fisico,F-33689,126702.29,2022-01-26,Sede Norte,"Osorio, Romero and Hernández",3,2008-10-28,340892525739,UI582,646,1990,E-001978
1979,890,47,2a edicion,Compra,Fisico,F-86067,54648.74,2019-08-29,Coordinacion Academica,"Forero, Rodríguez and Galvis",4,2010-01-31,647235507890,NY568,881,2009,E-001979
1980,891,22,4a edicion,Suscripcion,Fisico,F-56803,72518.0,2018-09-17,Biblioteca Central,Torres-Aguilar,1,2008-08-30,375771377480,XY616,193,1990,E-001980
1981,891,52,6a edicion,Canje,Fisico,F-56953,142300.46,2023-02-04,Biblioteca Central,Álvarez-Bonilla,2,2021-06-03,250540845306,JU490,719,2014,E-001981
1982,892,14,2a edicion,Compra,Fisico,F-91037,135711.28,2016-07-08,Sede Norte,Santos Group,1,2011-08-31,373551395497,NH293,748,1995,E-001982
1983,893,24,6a edicion,Compra,Fisico,F-95829,100803.55,2018-10-09,Biblioteca Central,"Suárez, Luna and Rodríguez",1,1998-06-17,123469892023,TC246,465,1980,E-001983
1984,893,28,2a edicion,Suscripcion,Fisico,F-60529,87602.7,2023-01-17,Biblioteca Central,Moreno-Morales,2,1991-10-12,792863377735,XX226,844,1991,E-001984
1985,893,53,5a edicion,Suscripcion,Fisico,F-30602,32714.8,2025-07-01,Coordinacion Academica,"Riascos, Alfonso and Álvarez",3,2007-09-18,417652275254,EI675,330,1994,E-001985
1986,893,43,2a edicion,Suscripcion,Fisico,F-85877,89845.93,2015-08-12,Sede Norte,Romero Group,4,2023-06-07,411742179475,CP154,527,2022,E-001986
1987,894,11,3a edicion,Donacion,Fisico,F-14401,41017.71,2023-04-22,Sede Sur,Lozano-Pérez,1,2025-08-06,780783443204,KY311,544,2005,E-001987
1988,894,8,2a edicion,Canje,Fisico,F-33689,103607.14,2020-12-13,Biblioteca Central,Zambrano and Sons,2,2021-03-26,836980914958,OV947,815,2004,E-001988
1989,895,23,1a edicion,Suscripcion,Fisico,F-53753,118115.22,2015-10-03,Sede Sur,Medina Inc,1,2021-01-24,533003569051,QM772,380,1994,E-001989
1990,895,17,3a edicion,Donacion,Fisico,F-86569,15974.33,2017-11-22,Biblioteca Central,Narváez-Giraldo,2,2013-05-28,507886750941,LW273,390,1994,E-001990
1991,896,25,4a edicion,Canje,Fisico,F-43508,96462.23,2015-02-08,Biblioteca Central,Cantillo-Ordóñez,1,2024-12-13,746401625226,IC581,860,2022,E-001991
1992,896,44,3a edicion,Compra,Fisico,F-99765,64708.09,2020-01-24,Biblioteca Central,"Cuéllar, Loaiza and Parra",2,2019-06-09,845675323519,RO871,313,2006,E-001992
1993,896,10,6a edicion,Canje,Fisico,F-26800,164751.8,2022-10-28,Biblioteca Central,"Zuluaga, Ortiz and Trujillo",3,2023-12-26,976419411730,PO807,397,2002,E-001993
1994,896,30,4a edicion,Compra,Fisico,F-74918,54816.72,2022-11-11,Coordinacion Academica,Durán PLC,4,2017-11-11,838918598529,BU354,188,2017,E-001994
1995,897,20,1a edicion,Suscripcion,Fisico,F-91013,36037.94,2022-09-07,Biblioteca Central,Morales Inc,1,2018-10-08,483403976325,ND592,411,1989,E-001995
1996,897,23,3a edicion,Donacion,Fisico,F-75907,132419.04,2022-06-23,Sede Norte,"Suárez, Ospina and Chacón",2,2007-11-19,241172156350,EE878,655,1986,E-001996
1997,898,58,5a edicion,Canje,Fisico,F-56538,127209.1,2019-09-29,Coordinacion Academica,Álvarez LLC,1,2021-06-01,175196675279,ZG455,447,2006,E-001997
1998,898,8,6a edicion,Canje,Fisico,F-64510,126761.6,2015-11-28,Coordinacion Academica,Martínez-Bonilla,2,2024-08-16,715960943721,XY696,388,2022,E-001998
1999,898,27,6a edicion,Donacion,Fisico,F-42883,82209.81,2015-02-27,Sede Sur,Vásquez-Erazo,3,1998-06-28,445188651155,EC222,792,1977,E-001999
2000,899,14,5a edicion,Canje,Fisico,F-34625,45915.32,2017-12-04,Sede Sur,Mercado-Mejía,1,1998-08-27,185603449771,IT623,232,1979,E-002000
2001,899,39,4a edicion,Compra,Fisico,F-26863,28451.49,2016-08-18,Coordinacion Academica,"Espinosa, Pérez and Muñoz",2,2015-09-19,726650935913,ZF561,836,1998,E-002001
2002,900,57,4a edicion,Suscripcion,Fisico,F-49868,101723.08,2021-05-28,Coordinacion Academica,Manrique Ltd,1,2025-09-11,317924603887,WI187,665,2010,E-002002
2003,900,4,3a edicion,Donacion,Fisico,F-92178,23406.79,2022-12-12,Sede Norte,Franco-López,2,2012-01-26,728734598134,DD996,267,2002,E-002003
2004,900,23,5a edicion,Compra,Fisico,F-42825,36969.28,2015-01-18,Biblioteca Central,"Blanco, Rincón and Ramírez",3,2020-03-06,628857117592,RC388,495,1986,E-002004
2005,900,8,4a edicion,Suscripcion,Fisico,F-24145,139269.06,2016-01-06,Coordinacion Academica,"Sánchez, Vargas and Zuluaga",4,2012-03-22,612147864784,NH798,747,2012,E-002005
2006,901,43,3a edicion,Donacion,Fisico,F-10580,84310.1,2016-09-06,Sede Norte,Torres-Buitrago,1,2016-02-20,113712319496,ZJ523,273,2008,E-002006
2007,902,42,6a edicion,Canje,Fisico,F-69608,76662.72,2021-12-15,Sede Sur,"Pulido, Mora and Díaz",1,2009-08-16,942527419146,CQ722,613,2005,E-002007
2008,903,52,3a edicion,Compra,Fisico,F-14631,50819.52,2023-05-08,Sede Norte,"Castro, Meneses and Montoya",1,1979-03-03,325351667073,MM118,303,1979,E-002008
2009,904,12,6a edicion,Suscripcion,Fisico,F-59930,49158.09,2023-11-26,Sede Sur,Gaviria-Rodríguez,1,2017-06-30,847871165100,DD842,314,1994,E-002009
2010,904,54,4a edicion,Compra,Fisico,F-82979,99950.58,2023-06-11,Sede Norte,Díaz and Sons,2,2025-06-24,696895636844,LJ103,783,2025,E-002010
2011,904,33,6a edicion,Suscripcion,Fisico,F-96680,26072.71,2018-10-03,Sede Norte,Hoyos LLC,3,2016-10-12,816909406449,CZ780,145,2002,E-002011
2012,905,33,1a edicion,Suscripcion,Fisico,F-89022,19953.3,2025-07-14,Sede Norte,"Díaz, Alvarado and González",1,1995-09-05,532234976860,MB534,474,1981,E-002012
2013,905,26,6a edicion,Canje,Fisico,F-32962,98674.51,2022-04-16,Sede Norte,León-Angarita,2,2010-04-02,555946707598,NA969,414,2000,E-002013
2014,905,18,3a edicion,Compra,Fisico,F-36352,176234.33,2020-07-05,Biblioteca Central,Zapata Inc,3,2023-07-24,292058591252,WX783,759,2012,E-002014
2015,906,32,3a edicion,Donacion,Fisico,F-92960,128601.7,2022-06-22,Biblioteca Central,"Bohórquez, Flórez and Ojeda",1,1996-03-06,321878656274,GF259,807,1976,E-002015
2016,906,22,2a edicion,Suscripcion,Fisico,F-53256,83400.9,2024-04-24,Biblioteca Central,Anaya and Sons,2,2024-03-06,793989609464,DT450,128,1991,E-002016
2017,907,4,3a edicion,Suscripcion,Fisico,F-69608,106649.07,2020-02-12,Biblioteca Central,Caicedo-Vega,1,2025-05-08,869339460008,TB978,871,2025,E-002017
2018,907,10,3a edicion,Canje,Fisico,F-89119,26921.08,2018-12-27,Sede Norte,López LLC,2,2014-10-16,898002013216,BA713,597,2000,E-002018
2019,907,33,2a edicion,Compra,Fisico,F-19677,69121.01,2018-02-06,Coordinacion Academica,Jiménez Group,3,2012-10-09,647358007747,DH523,354,1990,E-002019
2020,908,47,1a edicion,Suscripcion,Fisico,F-67732,83298.6,2018-11-19,Sede Norte,Espinosa Group,1,2007-12-10,284662632521,XD237,800,1990,E-002020
2021,908,7,5a edicion,Canje,Fisico,F-45244,131891.7,2021-04-27,Biblioteca Central,"Pinto, Castellanos and Cortés",2,2025-03-03,245844165228,BY676,392,2023,E-002021
2022,909,50,3a edicion,Donacion,Fisico,F-43557,137158.37,2018-08-03,Coordinacion Academica,"López, Méndez and Giraldo",1,2017-01-13,183301268244,EY839,323,1991,E-002022
2023,909,55,4a edicion,Canje,Fisico,F-54556,17715.2,2023-04-06,Biblioteca Central,Carrillo-Garzón,2,2021-01-09,864892460711,YB476,688,2009,E-002023
2024,910,33,2a edicion,Donacion,Fisico,F-83966,129999.39,2025-11-29,Sede Sur,"Palacios, López and Jaimes",1,2019-11-24,751790461688,UO874,272,2000,E-002024
2025,911,38,3a edicion,Compra,Fisico,F-93508,90846.31,2019-08-28,Coordinacion Academica,"Valencia, Morales and Rodríguez",1,1985-07-01,714635915233,DC893,415,1975,E-002025
2026,911,27,1a edicion,Suscripcion,Fisico,F-15451,179215.57,2019-12-01,Sede Norte,Bustos LLC,2,2019-07-31,834442487364,HK243,109,2017,E-002026
2027,912,46,2a edicion,Compra,Fisico,F-30701,16882.08,2025-03-28,Coordinacion Academica,"Pérez, González and Ortega",1,2017-06-08,570198999801,FR325,533,1989,E-002027
2028,912,13,6a edicion,Suscripcion,Fisico,F-48697,142766.89,2020-08-23,Sede Norte,"Gil, Velasco and Guzmán",2,1985-10-13,496749043940,AP530,574,1985,E-002028
2029,912,41,1a edicion,Compra,Fisico,F-63166,123793.18,2018-08-28,Coordinacion Academica,Patiño PLC,3,2016-04-08,416992332666,YB959,278,1975,E-002029
2030,912,32,4a edicion,Compra,Fisico,F-44162,79530.42,2020-01-20,Sede Norte,"Torres, González and Guerrero",4,2021-02-24,368869405104,NA177,481,2012,E-002030
2031,913,38,6a edicion,Canje,Fisico,F-65798,162553.82,2022-05-01,Coordinacion Academica,"Barrios, González and Garzón",1,2013-02-16,887014475163,EE776,131,2013,E-002031
2032,914,28,5a edicion,Compra,Fisico,F-31080,69535.12,2016-01-23,Sede Norte,Buitrago PLC,1,2019-04-10,748400957419,UM920,260,2008,E-002032
2033,914,9,3a edicion,Canje,Fisico,F-76635,162606.72,2022-09-12,Biblioteca Central,Ramos-Guevara,2,2020-10-27,458902717081,RG628,132,2002,E-002033
2034,914,55,1a edicion,Canje,Fisico,F-26010,152277.16,2021-10-27,Coordinacion Academica,Quintero-Torres,3,1994-08-20,906459852289,ON113,121,1994,E-002034
2035,915,57,1a edicion,Suscripcion,Fisico,F-78033,98567.21,2018-08-04,Sede Sur,"Alvarado, Maldonado and Rodríguez",1,2013-03-31,582722061489,ZJ876,806,2012,E-002035
2036,916,19,2a edicion,Suscripcion,Fisico,F-40405,150346.41,2022-02-18,Biblioteca Central,"Rodríguez, Vanegas and Caicedo",1,2016-04-03,763806403683,ZL382,187,1994,E-002036
2037,917,21,5a edicion,Suscripcion,Fisico,F-18871,101406.51,2016-08-10,Biblioteca Central,Gaviria-Sierra,1,2022-11-30,482309093581,AF400,208,2011,E-002037
2038,918,17,6a edicion,Donacion,Fisico,F-92609,26181.06,2015-12-21,Biblioteca Central,"Muñoz, Salas and Ramírez",1,2023-04-19,929771871472,YE461,695,2009,E-002038
2039,918,37,3a edicion,Donacion,Fisico,F-85682,61643.38,2024-04-05,Sede Norte,Pardo and Sons,2,1994-08-24,719821821073,FD559,716,1994,E-002039
2040,918,47,6a edicion,Donacion,Fisico,F-42362,107040.64,2022-12-16,Coordinacion Academica,Orozco-Angulo,3,2014-10-25,562479421402,MT579,478,2014,E-002040
2041,918,41,4a edicion,Donacion,Fisico,F-78627,110244.37,2018-08-04,Biblioteca Central,"Castellanos, Caicedo and Sanabria",4,2003-08-18,322884079657,IM899,397,2002,E-002041
2042,919,40,4a edicion,Donacion,Fisico,F-70441,62317.07,2022-07-03,Sede Norte,"Ortega, Giraldo and Marín",1,2013-04-22,679912270461,VL202,602,1988,E-002042
2043,920,45,5a edicion,Donacion,Fisico,F-91721,158978.61,2024-03-08,Coordinacion Academica,Mendoza Ltd,1,1997-03-24,111620652373,DH284,474,1990,E-002043
2044,921,11,1a edicion,Suscripcion,Fisico,F-55645,169011.8,2021-04-09,Biblioteca Central,"Gaitán, Caro and Morales",1,2012-11-13,458848517969,XE220,307,1990,E-002044
2045,921,5,4a edicion,Suscripcion,Fisico,F-54711,87222.75,2020-01-14,Coordinacion Academica,Ruiz Ltd,2,1993-09-24,597538529422,DN605,153,1989,E-002045
2046,921,46,6a edicion,Donacion,Fisico,F-39841,24747.46,2016-10-01,Coordinacion Academica,Bravo-Giraldo,3,2015-01-23,981840923202,AP548,356,2012,E-002046
2047,922,49,2a edicion,Donacion,Fisico,F-11695,49520.34,2015-02-23,Coordinacion Academica,Rojas LLC,1,2020-12-31,638751704751,BU642,573,2007,E-002047
2048,923,18,5a edicion,Suscripcion,Fisico,F-32933,77370.84,2018-10-31,Coordinacion Academica,"Castañeda, Santos and Sánchez",1,2017-11-26,306433928114,GW514,368,2016,E-002048
2049,924,17,6a edicion,Canje,Fisico,F-50524,67198.58,2020-01-28,Sede Sur,"Vélez, Beltrán and Leal",1,2022-05-20,296561400780,SE463,534,2001,E-002049
2050,924,52,3a edicion,Donacion,Fisico,F-28284,133849.61,2022-05-05,Biblioteca Central,Ríos-Jiménez,2,2022-09-08,223296468671,CH935,613,2021,E-002050
2051,925,53,1a edicion,Canje,Fisico,F-66725,93593.33,2017-10-19,Sede Norte,Rodríguez Inc,1,1990-03-30,183083216936,XN427,550,1981,E-002051
2052,925,48,4a edicion,Suscripcion,Fisico,F-95066,75764.44,2022-05-31,Coordinacion Academica,"Montes, García and Rodríguez",2,2014-11-13,110875104588,HB723,637,2002,E-002052
2053,926,5,5a edicion,Donacion,Fisico,F-66874,68395.8,2015-09-05,Sede Norte,López Inc,1,2023-03-06,635837552185,MP427,601,2022,E-002053
2054,927,59,6a edicion,Canje,Fisico,F-55102,77175.69,2022-09-19,Sede Norte,"Morales, Arévalo and Caicedo",1,2000-04-21,327006675054,MW896,633,1978,E-002054
2055,927,16,3a edicion,Canje,Fisico,F-46555,141935.62,2020-01-26,Biblioteca Central,Parra-Alzate,2,2014-05-19,183060380193,HV424,425,2011,E-002055
2056,927,55,5a edicion,Donacion,Fisico,F-35215,103343.39,2015-01-31,Sede Norte,"Prieto, Moreno and Caicedo",3,2023-08-22,283842202376,CA375,773,2021,E-002056
2057,927,30,1a edicion,Suscripcion,Fisico,F-97175,101680.23,2022-07-14,Coordinacion Academica,Rodríguez-González,4,2022-10-25,279413233043,YI832,784,2022,E-002057
2058,927,25,5a edicion,Suscripcion,Fisico,F-42890,94431.25,2023-02-10,Sede Norte,Salazar-Solano,5,2021-03-04,340508104596,EP747,560,2007,E-002058
2059,928,23,6a edicion,Canje,Fisico,F-83435,139975.03,2023-06-08,Sede Norte,"Fonseca, Orozco and Salazar",1,2024-03-29,677300333064,DK198,664,2018,E-002059
2060,929,51,5a edicion,Donacion,Fisico,F-84961,171984.71,2016-01-05,Sede Norte,Vargas-Quintero,1,1992-07-05,347826904942,XY242,602,1987,E-002060
2061,929,56,4a edicion,Donacion,Fisico,F-41542,128058.51,2017-10-23,Biblioteca Central,Hernández Inc,2,2023-01-02,653670401702,OP469,361,2023,E-002061
2062,929,18,1a edicion,Donacion,Fisico,F-80617,163094.26,2024-12-15,Sede Norte,Arévalo-Hernández,3,2012-07-05,383835225309,SL884,83,1996,E-002062
2063,929,23,4a edicion,Donacion,Fisico,F-36610,164255.52,2016-10-11,Sede Norte,"Zapata, López and Morales",4,1998-11-02,621542570985,EM295,414,1978,E-002063
2064,929,56,5a edicion,Compra,Fisico,F-68559,110629.37,2023-06-20,Coordinacion Academica,"Gómez, Sandoval and Carvajal",5,2020-05-25,586878736079,FH202,516,2017,E-002064
2065,930,46,4a edicion,Donacion,Fisico,F-35519,39380.26,2023-04-16,Sede Sur,"Flórez, Sánchez and Mesa",1,2020-02-07,675781952331,NY527,256,2007,E-002065
2066,930,59,5a edicion,Canje,Fisico,F-48295,173468.58,2017-05-11,Sede Sur,"Benítez, Arias and Castro",2,2018-02-23,522789081401,YO151,781,2009,E-002066
2067,930,53,5a edicion,Donacion,Fisico,F-12658,110142.26,2024-07-17,Sede Sur,Hernández-Mosquera,3,2023-11-16,583374409713,OD281,613,2018,E-002067
2068,931,19,4a edicion,Suscripcion,Fisico,F-37979,79833.72,2015-11-16,Coordinacion Academica,Cruz Inc,1,2023-03-05,367157090729,QO116,647,2016,E-002068
2069,931,3,1a edicion,Suscripcion,Fisico,F-61659,174628.81,2016-09-15,Biblioteca Central,Morales LLC,2,2010-05-19,869690286103,YU514,399,1993,E-002069
2070,932,52,3a edicion,Suscripcion,Fisico,F-84837,28321.46,2016-01-05,Coordinacion Academica,Contreras-Bedoya,1,2025-07-06,380201700507,HP973,747,2007,E-002070
2071,932,55,6a edicion,Compra,Fisico,F-22454,25075.41,2025-08-30,Biblioteca Central,"Camargo, Rojas and Reyes",2,2022-06-30,552638825909,JH340,867,2020,E-002071
2072,933,10,5a edicion,Canje,Fisico,F-51701,65494.46,2018-04-03,Biblioteca Central,"Rodríguez, Díaz and Marín",1,2019-09-21,798075731244,CJ439,544,1986,E-002072
2073,933,10,2a edicion,Canje,Fisico,F-23643,119586.05,2020-09-25,Sede Sur,"Sanabria, Rueda and Sandoval",2,2022-06-27,570415092205,MB181,117,2014,E-002073
2074,934,48,1a edicion,Compra,Fisico,F-61048,162016.68,2018-04-28,Coordinacion Academica,Londoño LLC,1,2025-02-28,119718786753,IY752,186,2024,E-002074
2075,934,40,6a edicion,Canje,Fisico,F-76992,151836.36,2021-12-31,Biblioteca Central,Duque-Castillo,2,2014-09-30,519700148319,EO940,217,2003,E-002075
2076,935,2,4a edicion,Suscripcion,Fisico,F-74435,105038.67,2018-03-25,Sede Sur,Cortés LLC,1,1995-04-04,619634139730,BO994,306,1992,E-002076
2077,935,5,4a edicion,Canje,Fisico,F-33291,165343.91,2018-01-26,Sede Norte,Osorio-Hernández,2,2024-10-12,335780432371,OU892,617,1984,E-002077
2078,935,23,3a edicion,Canje,Fisico,F-70413,27583.65,2015-10-05,Biblioteca Central,Carrillo-Sánchez,3,2015-05-17,609756855692,CW874,255,2011,E-002078
2079,935,24,1a edicion,Donacion,Fisico,F-96667,123698.64,2018-11-18,Biblioteca Central,Valderrama and Sons,4,2025-07-27,567466532022,XR544,535,2014,E-002079
2080,936,15,2a edicion,Donacion,Fisico,F-75485,141053.29,2017-11-09,Coordinacion Academica,Acosta-Aguirre,1,2016-08-15,935692879391,LT424,445,2009,E-002080
2081,937,37,5a edicion,Donacion,Fisico,F-85889,44332.57,2015-01-24,Sede Norte,Torres PLC,1,1994-04-25,179666808218,NX465,885,1979,E-002081
2082,938,38,6a edicion,Canje,Fisico,F-24504,154382.6,2024-10-15,Coordinacion Academica,"Perea, Calderón and Parra",1,2023-09-01,102351680375,VW223,241,1978,E-002082
2083,938,11,3a edicion,Compra,Fisico,F-17477,93742.37,2017-07-22,Sede Norte,Bautista PLC,2,2020-04-17,921535148768,QM714,144,2001,E-002083
2084,938,19,2a edicion,Compra,Fisico,F-32120,75286.83,2023-04-27,Sede Norte,"Duarte, Díaz and Vélez",3,2015-12-14,376966738211,YL714,486,1989,E-002084
2085,939,36,2a edicion,Canje,Fisico,F-16196,140182.63,2025-06-12,Sede Norte,Muñoz LLC,1,2025-05-03,806444086235,ZA502,443,2025,E-002085
2086,939,39,5a edicion,Canje,Fisico,F-83681,139989.98,2023-04-09,Biblioteca Central,"Silva, Palacio and Fuentes",2,2000-06-10,345633806709,PG126,615,1991,E-002086
2087,939,53,1a edicion,Canje,Fisico,F-63931,123134.51,2024-04-20,Sede Norte,"Guerrero, García and Espitia",3,2012-06-04,815501965206,TO147,607,2001,E-002087
2088,940,4,3a edicion,Suscripcion,Fisico,F-23868,70205.69,2015-04-24,Sede Sur,Angarita-Castaño,1,2005-11-05,710391811891,KG228,296,1976,E-002088
2089,941,4,5a edicion,Compra,Fisico,F-43178,62675.15,2020-04-11,Sede Norte,"Hoyos, Ruiz and Cardona",1,1989-09-13,218403658790,XP808,153,1985,E-002089
2090,941,32,3a edicion,Compra,Fisico,F-36268,132154.16,2018-12-31,Coordinacion Academica,"Hurtado, Restrepo and Blanco",2,2007-10-20,845296540783,LI616,784,2005,E-002090
2091,942,22,6a edicion,Suscripcion,Fisico,F-72765,63472.28,2018-02-13,Coordinacion Academica,Mendoza Inc,1,2016-11-19,514055726518,SW105,533,2008,E-002091
2092,943,47,1a edicion,Canje,Fisico,F-44513,32083.59,2015-01-28,Biblioteca Central,Moreno PLC,1,2016-12-22,102333160319,IE297,526,2000,E-002092
2093,944,41,2a edicion,Canje,Fisico,F-79924,126932.82,2021-07-26,Sede Sur,Acosta Group,1,2010-06-23,435027837894,XE321,674,1988,E-002093
2094,944,24,1a edicion,Suscripcion,Fisico,F-27921,80327.42,2023-09-06,Sede Sur,Padilla-Díaz,2,2024-09-15,509916647597,WF235,786,1990,E-002094
2095,945,36,1a edicion,Donacion,Fisico,F-22929,85513.36,2019-06-28,Coordinacion Academica,Barbosa and Sons,1,2013-12-29,175261741665,PD570,402,2001,E-002095
2096,945,54,6a edicion,Compra,Fisico,F-54342,55277.26,2019-04-28,Sede Sur,Castellanos Group,2,1995-09-26,770688057132,LU949,607,1984,E-002096
2097,945,40,2a edicion,Compra,Fisico,F-91804,140874.04,2019-01-05,Sede Norte,Osorio-González,3,2022-11-28,502006428878,PD238,838,1989,E-002097
2098,945,3,5a edicion,Canje,Fisico,F-33703,114014.53,2021-04-08,Coordinacion Academica,Pérez-Patiño,4,2023-06-15,361476165910,FT397,801,2019,E-002098
2099,946,17,5a edicion,Suscripcion,Fisico,F-49921,90124.04,2018-09-09,Sede Sur,"Arias, Gutiérrez and Velasco",1,1987-07-18,639995560823,MS306,768,1980,E-002099
2100,946,55,4a edicion,Compra,Fisico,F-87131,172206.12,2015-06-13,Coordinacion Academica,"Moreno, Rivera and Ballesteros",2,2021-01-15,686086173314,NS169,697,2016,E-002100
2101,946,53,4a edicion,Canje,Fisico,F-72819,171058.31,2017-08-12,Coordinacion Academica,Rojas and Sons,3,2010-05-10,955102615206,FA132,759,1994,E-002101
2102,946,44,3a edicion,Compra,Fisico,F-71622,48923.0,2025-01-22,Coordinacion Academica,Cano PLC,4,2021-09-08,902509993441,ZR694,178,1987,E-002102
2103,947,2,3a edicion,Compra,Fisico,F-98398,96990.62,2024-11-28,Sede Sur,López LLC,1,2024-09-22,784743692242,FV754,364,2008,E-002103
2104,947,31,6a edicion,Donacion,Fisico,F-99745,97971.88,2023-11-23,Coordinacion Academica,Ortiz-Salcedo,2,1989-06-03,601058424744,BN921,149,1988,E-002104
2105,947,60,5a edicion,Compra,Fisico,F-51979,98539.6,2017-01-11,Sede Norte,"Rodríguez, García and Restrepo",3,2022-10-05,372344649946,YA415,861,2018,E-002105
2106,947,3,3a edicion,Canje,Fisico,F-82867,166337.82,2019-09-15,Coordinacion Academica,Arévalo Inc,4,1989-08-26,521531226709,MG435,568,1979,E-002106
2107,948,36,2a edicion,Compra,Fisico,F-74296,140093.08,2021-12-30,Sede Sur,Murcia-Gómez,1,2011-07-01,816880706039,KV268,344,2010,E-002107
2108,948,5,5a edicion,Suscripcion,Fisico,F-93646,102421.65,2016-02-14,Sede Sur,Ibarra LLC,2,2024-01-24,957104787425,SG442,456,2011,E-002108
2109,948,46,2a edicion,Compra,Fisico,F-46451,50393.25,2025-01-31,Coordinacion Academica,Díaz Group,3,2007-11-13,234016731348,FI642,408,1987,E-002109
2110,949,2,4a edicion,Compra,Fisico,F-91560,152710.52,2017-11-11,Biblioteca Central,Rivera-Torres,1,2022-02-28,921502618223,DZ412,82,2000,E-002110
2111,949,48,6a edicion,Canje,Fisico,F-68269,75982.61,2015-07-04,Sede Norte,Pérez-Castro,2,1980-04-20,951427623965,ON982,205,1975,E-002111
2112,950,50,1a edicion,Suscripcion,Fisico,F-73736,41219.64,2019-08-11,Sede Norte,Ceballos Inc,1,2016-01-05,903916795592,RH675,595,2002,E-002112
2113,951,10,4a edicion,Donacion,Fisico,F-45045,57672.82,2021-08-08,Coordinacion Academica,"Gómez, Medina and Oviedo",1,2009-09-14,760311929366,IB252,463,1996,E-002113
2114,951,55,6a edicion,Suscripcion,Fisico,F-35546,149053.89,2019-07-29,Sede Sur,Rangel PLC,2,2017-10-01,404907406956,XT556,830,1982,E-002114
2115,951,58,4a edicion,Donacion,Fisico,F-73480,165114.73,2025-03-17,Biblioteca Central,"Valencia, Bermúdez and Torres",3,2020-10-27,872404803640,TH430,272,1998,E-002115
2116,952,10,3a edicion,Compra,Fisico,F-74954,90832.45,2021-04-05,Sede Sur,Restrepo and Sons,1,2025-11-26,882521736244,YP510,82,2022,E-002116
2117,952,7,4a edicion,Canje,Fisico,F-12624,57435.53,2025-10-19,Sede Norte,Ríos Inc,2,2025-10-12,513820933345,FS912,140,2024,E-002117
2118,952,8,2a edicion,Compra,Fisico,F-99401,80479.56,2020-07-17,Coordinacion Academica,Pinto and Sons,3,2003-05-02,260426145087,LU591,875,1977,E-002118
2119,952,8,2a edicion,Suscripcion,Fisico,F-71435,31926.67,2019-10-28,Sede Norte,Jiménez PLC,4,2014-04-12,109989214571,NB520,895,1975,E-002119
2120,952,12,6a edicion,Suscripcion,Fisico,F-84641,133915.51,2025-04-13,Biblioteca Central,Serrano Ltd,5,2024-08-28,425075569746,NO315,604,2023,E-002120
2121,953,59,6a edicion,Suscripcion,Fisico,F-62119,37356.41,2024-09-11,Sede Norte,Jaimes-Bravo,1,2024-09-12,136242665584,OF247,835,1981,E-002121
2122,953,16,1a edicion,Suscripcion,Fisico,F-40426,109801.38,2018-07-28,Sede Sur,"Franco, Mosquera and Rojas",2,2010-12-30,563837619187,PI379,574,1997,E-002122
2123,954,53,3a edicion,Suscripcion,Fisico,F-77157,40999.91,2022-04-30,Biblioteca Central,"Zambrano, Orozco and Rodríguez",1,2003-06-07,326267696170,XA546,715,2001,E-002123
2124,955,21,6a edicion,Canje,Fisico,F-96916,149168.31,2019-05-29,Biblioteca Central,"Andrade, Mejía and Ayala",1,2020-03-16,380193178724,NX130,798,2019,E-002124
2125,956,6,2a edicion,Donacion,Fisico,F-17264,149563.65,2022-12-27,Coordinacion Academica,Chacón-Gallego,1,2010-01-29,582685080521,AF545,495,2005,E-002125
2126,956,42,1a edicion,Canje,Fisico,F-93220,44495.39,2016-10-04,Biblioteca Central,Vásquez Ltd,2,2007-11-07,407370179591,WD326,422,1995,E-002126
2127,957,48,4a edicion,Compra,Fisico,F-82109,124812.36,2019-02-06,Biblioteca Central,"Olaya, Meza and Hurtado",1,2007-06-16,671088985872,FF132,420,1985,E-002127
2128,958,15,4a edicion,Suscripcion,Fisico,F-95657,107415.02,2018-04-29,Sede Sur,Rentería LLC,1,1991-03-12,247627860331,HT518,192,1986,E-002128
2129,958,2,4a edicion,Compra,Fisico,F-55584,124823.03,2020-07-31,Biblioteca Central,Castro PLC,2,2000-05-06,275908717549,SB737,462,1995,E-002129
2130,959,32,3a edicion,Canje,Fisico,F-26607,142452.63,2018-11-08,Coordinacion Academica,"Torres, Maldonado and Romero",1,2023-11-05,291795202225,GH425,654,2000,E-002130
2131,960,26,2a edicion,Canje,Fisico,F-13270,20773.65,2022-04-08,Sede Norte,Pérez and Sons,1,2023-03-20,831582078351,HL454,144,1984,E-002131
2132,960,31,5a edicion,Suscripcion,Fisico,F-57609,27466.78,2021-07-24,Sede Norte,Gómez LLC,2,2001-12-02,377115506842,UZ702,422,1998,E-002132
2133,961,52,2a edicion,Canje,Fisico,F-53808,102443.46,2015-03-23,Biblioteca Central,Herrera-Quiroz,1,2006-05-19,565971795355,DT804,243,1986,E-002133
2134,962,49,1a edicion,Suscripcion,Fisico,F-99554,77156.66,2018-08-03,Sede Norte,"Torres, Quintero and Valencia",1,2010-09-13,872830008939,WV923,521,1992,E-002134
2135,963,52,2a edicion,Donacion,Fisico,F-44302,163986.36,2023-09-05,Coordinacion Academica,Torres Group,1,1996-10-12,911916864334,SQ792,602,1990,E-002135
2136,963,7,3a edicion,Compra,Fisico,F-86396,133889.3,2015-10-24,Sede Sur,"Montes, Gutiérrez and Páez",2,1981-03-21,950590614329,TG960,648,1981,E-002136
2137,963,16,4a edicion,Canje,Fisico,F-97297,141111.0,2024-09-11,Biblioteca Central,Ramírez and Sons,3,2018-08-19,249505652669,JH511,607,2013,E-002137
2138,964,1,6a edicion,Compra,Fisico,F-12374,68399.04,2021-01-28,Biblioteca Central,Villegas-Vega,1,2024-05-26,662594553343,EA142,639,2023,E-002138
2139,965,14,3a edicion,Compra,Fisico,F-14368,106222.92,2023-04-24,Biblioteca Central,"Rodríguez, Ospina and Mena",1,1993-04-11,893258461409,UH149,427,1976,E-002139
2140,966,22,6a edicion,Suscripcion,Fisico,F-87371,21276.02,2017-01-25,Biblioteca Central,Hernández LLC,1,2022-06-25,361039064355,YI170,179,2020,E-002140
2141,966,37,3a edicion,Suscripcion,Fisico,F-27969,173532.32,2015-11-04,Sede Norte,Pérez PLC,2,2019-08-11,421607571988,BO540,538,2001,E-002141
2142,967,10,5a edicion,Compra,Fisico,F-99839,134474.43,2018-11-21,Sede Norte,Espinosa-Medina,1,2024-09-21,952106646545,TT262,132,2024,E-002142
2143,967,52,3a edicion,Canje,Fisico,F-52078,113805.02,2024-07-02,Sede Norte,"Hernández, Martínez and Sánchez",2,2022-05-09,105964819819,PM982,672,2004,E-002143
2144,967,16,2a edicion,Compra,Fisico,F-44041,137939.37,2019-02-22,Coordinacion Academica,García Group,3,1984-01-08,855779460883,JS462,587,1984,E-002144
2145,968,27,4a edicion,Canje,Fisico,F-77146,119233.54,2017-05-14,Biblioteca Central,Castro-Martínez,1,2016-01-18,785368115456,AM453,138,1982,E-002145
2146,968,60,5a edicion,Suscripcion,Fisico,F-95097,31570.45,2018-01-13,Sede Sur,Hurtado LLC,2,2004-07-19,679990084574,UC494,227,1994,E-002146
2147,968,60,5a edicion,Canje,Fisico,F-27063,141862.45,2024-07-01,Sede Norte,"Ramírez, Cardona and Trujillo",3,2024-12-17,615494717730,ZD251,357,2021,E-002147
2148,969,25,3a edicion,Compra,Fisico,F-64161,31291.66,2017-06-10,Sede Sur,"Hernández, Medina and García",1,2020-12-21,958703276782,HD471,581,2010,E-002148
2149,969,35,4a edicion,Compra,Fisico,F-11746,128491.83,2024-08-04,Sede Norte,Arias-Camargo,2,2005-05-19,368764487982,EN419,117,1991,E-002149
2150,969,24,3a edicion,Canje,Fisico,F-98516,120445.97,2020-10-10,Sede Sur,Ortega-Sánchez,3,2012-12-01,699425386180,QU622,207,2008,E-002150
2151,969,1,4a edicion,Suscripcion,Fisico,F-59924,116182.08,2016-12-29,Sede Sur,Vargas-López,4,2015-11-09,557834503795,EW929,225,2012,E-002151
2152,970,9,2a edicion,Suscripcion,Fisico,F-40927,28679.77,2016-12-13,Coordinacion Academica,Naranjo Group,1,2009-04-28,354865318710,DO360,205,2002,E-002152
2153,970,40,6a edicion,Canje,Fisico,F-93201,178370.18,2024-05-13,Biblioteca Central,Rodríguez PLC,2,2013-08-14,963124788930,SF941,217,2009,E-002153
2154,970,6,4a edicion,Suscripcion,Fisico,F-98859,175571.37,2019-09-19,Sede Norte,"Villamizar, Lozano and Ortiz",3,2007-05-26,424545030734,EI471,98,2007,E-002154
2155,970,25,6a edicion,Canje,Fisico,F-69615,51829.62,2019-02-03,Sede Norte,Ramírez Ltd,4,2016-08-04,204271381874,DC959,737,1983,E-002155
2156,970,16,5a edicion,Compra,Fisico,F-38437,45736.08,2017-09-03,Biblioteca Central,Barrios-Estrada,5,2024-03-30,683372450064,LA541,758,1993,E-002156
2157,971,37,6a edicion,Compra,Fisico,F-65316,120555.63,2025-10-05,Sede Sur,López-Rojas,1,2023-03-20,630302593959,YE761,729,2004,E-002157
2158,971,4,6a edicion,Compra,Fisico,F-96752,158959.65,2018-04-24,Biblioteca Central,Murillo Inc,2,2016-09-10,351475936831,JH621,336,1983,E-002158
2159,971,30,5a edicion,Donacion,Fisico,F-12338,145738.64,2022-03-16,Coordinacion Academica,"Sepúlveda, Delgado and Marín",3,2023-04-09,883697423385,SO587,884,1990,E-002159
2160,972,15,2a edicion,Canje,Fisico,F-27465,68542.9,2021-08-19,Sede Norte,"Hernández, Correa and Quiroz",1,2025-11-27,778352184717,LW232,217,1997,E-002160
2161,972,24,4a edicion,Suscripcion,Fisico,F-33784,90238.02,2017-10-30,Sede Sur,"Vargas, Hernández and Manrique",2,1996-09-30,840649506361,QR447,129,1991,E-002161
2162,973,12,1a edicion,Compra,Fisico,F-78987,65986.96,2015-05-23,Sede Norte,Toro LLC,1,2011-11-21,515370476710,UZ294,623,1981,E-002162
2163,974,32,5a edicion,Canje,Fisico,F-12072,140089.85,2023-12-04,Sede Sur,"Ruiz, Montenegro and Mercado",1,2023-12-18,462762049005,SF804,720,2000,E-002163
2164,975,16,3a edicion,Canje,Fisico,F-72233,24236.32,2019-04-20,Sede Norte,"Chaparro, Rodríguez and Fuentes",1,2024-07-27,747176278410,PP281,618,2012,E-002164
2165,975,9,6a edicion,Compra,Fisico,F-51580,66230.28,2015-11-29,Coordinacion Academica,Mejía Ltd,2,2006-10-29,833205413019,MS820,740,1996,E-002165
2166,975,19,4a edicion,Suscripcion,Fisico,F-69278,101680.97,2023-11-23,Biblioteca Central,Burgos and Sons,3,2018-04-13,726041795857,YF629,886,2005,E-002166
2167,976,48,1a edicion,Donacion,Fisico,F-52672,117036.04,2018-04-05,Sede Sur,"Fernández, Velásquez and Mosquera",1,2024-08-23,967489514404,LT699,218,2020,E-002167
2168,976,8,6a edicion,Canje,Fisico,F-67439,43531.23,2025-09-07,Sede Sur,Pérez Group,2,2020-09-21,795618199673,WR152,169,2020,E-002168
2169,977,32,4a edicion,Suscripcion,Fisico,F-62563,126322.82,2020-08-31,Coordinacion Academica,"Gutiérrez, Mejía and Martínez",1,2008-10-17,419344043750,QK884,656,2004,E-002169
2170,977,44,4a edicion,Compra,Fisico,F-72742,106402.62,2022-01-31,Sede Norte,"Mora, Páez and Galvis",2,2025-01-25,249440370894,QG120,125,2014,E-002170
2171,978,2,1a edicion,Compra,Fisico,F-43491,44354.45,2024-02-29,Coordinacion Academica,"Ríos, Cardozo and Ruiz",1,2017-05-20,558134733444,NW710,139,2016,E-002171
2172,978,21,1a edicion,Canje,Fisico,F-52383,111718.62,2016-03-17,Sede Sur,Hernández-Angulo,2,2008-03-04,743674038887,AX885,852,2000,E-002172
2173,979,29,1a edicion,Compra,Fisico,F-77010,16307.23,2022-12-31,Sede Sur,"Ortiz, Ramos and Navarro",1,2019-12-01,664157001334,YF811,575,2011,E-002173
2174,979,11,6a edicion,Donacion,Fisico,F-98262,163468.2,2018-04-15,Coordinacion Academica,Suárez-Rojas,2,1998-03-30,484071176182,YU820,755,1986,E-002174
2175,979,20,5a edicion,Donacion,Fisico,F-55263,33969.56,2016-05-24,Coordinacion Academica,Daza-García,3,2010-10-10,916710745326,SM439,145,1983,E-002175
2176,980,14,2a edicion,Canje,Fisico,F-66625,91443.8,2022-07-29,Coordinacion Academica,Cortés and Sons,1,1999-06-26,631200891838,FL609,534,1988,E-002176
2177,981,53,2a edicion,Suscripcion,Fisico,F-79734,155944.18,2018-08-14,Biblioteca Central,Tovar PLC,1,2025-05-31,831032712653,FL171,89,2021,E-002177
2178,982,29,5a edicion,Compra,Fisico,F-10132,92601.54,2020-05-09,Biblioteca Central,"Rosero, Saavedra and Parra",1,2022-08-14,790139926449,YJ286,602,2016,E-002178
2179,983,6,6a edicion,Compra,Fisico,F-44629,179414.05,2019-05-29,Coordinacion Academica,Pérez-Peña,1,2025-07-31,940113846896,SY609,764,2025,E-002179
2180,984,55,6a edicion,Compra,Fisico,F-25690,138865.28,2016-11-28,Sede Sur,Rangel-Jaimes,1,2019-08-08,352406837881,CF477,479,1984,E-002180
2181,985,51,6a edicion,Compra,Fisico,F-30137,72463.7,2017-03-18,Coordinacion Academica,Vargas LLC,1,2019-10-01,510482143256,CJ832,227,2017,E-002181
2182,985,35,4a edicion,Suscripcion,Fisico,F-37116,67829.03,2015-02-13,Coordinacion Academica,"Córdoba, Hurtado and Mesa",2,2012-08-14,718344660290,TW877,175,1998,E-002182
2183,986,12,5a edicion,Donacion,Fisico,F-88038,64093.25,2020-03-04,Coordinacion Academica,"Guerrero, Pérez and Aguirre",1,2022-08-07,558384775158,BE867,774,2017,E-002183
2184,986,44,4a edicion,Compra,Fisico,F-89874,130115.43,2023-11-05,Sede Norte,Castillo-Muñoz,2,1995-06-16,545200250179,KB786,322,1979,E-002184
2185,986,12,4a edicion,Canje,Fisico,F-49074,57184.98,2021-07-04,Biblioteca Central,"Morales, Ramírez and Martínez",3,2016-06-04,450396611286,JU165,724,1981,E-002185
2186,987,57,4a edicion,Donacion,Fisico,F-18082,122571.03,2017-04-02,Coordinacion Academica,Rodríguez and Sons,1,2013-08-21,882307218055,TC220,891,1996,E-002186
2187,987,44,1a edicion,Suscripcion,Fisico,F-17403,88479.97,2020-03-08,Biblioteca Central,Daza Inc,2,2010-03-07,430158839186,SH959,593,1978,E-002187
2188,988,42,3a edicion,Donacion,Fisico,F-72445,138523.08,2022-07-10,Sede Norte,Arias and Sons,1,2021-03-26,557862205609,RT473,243,1988,E-002188
2189,989,11,5a edicion,Canje,Fisico,F-81319,79773.56,2020-03-02,Coordinacion Academica,Hernández LLC,1,2024-12-11,167417985921,OC442,449,2015,E-002189
2190,989,38,5a edicion,Compra,Fisico,F-21687,177639.07,2022-10-11,Coordinacion Academica,Quiroga and Sons,2,2017-03-08,940134189401,MA715,178,1994,E-002190
2191,990,53,4a edicion,Compra,Fisico,F-96095,36003.26,2017-10-09,Sede Norte,"Gómez, Paz and Montenegro",1,2022-01-19,867836774072,EO945,187,2020,E-002191
2192,991,33,5a edicion,Donacion,Fisico,F-44317,84414.26,2016-10-03,Biblioteca Central,Navarro-Ruiz,1,2000-07-17,577813882233,IM876,638,1983,E-002192
2193,992,24,4a edicion,Suscripcion,Fisico,F-27748,137405.18,2015-10-04,Sede Sur,Salgado Ltd,1,1996-05-25,869541237498,NB740,741,1993,E-002193
2194,992,47,5a edicion,Canje,Fisico,F-21137,93032.0,2022-06-22,Sede Sur,Obando-Polo,2,2000-10-31,711328450395,MJ714,240,1998,E-002194
2195,992,45,3a edicion,Canje,Fisico,F-81669,68321.98,2020-07-01,Biblioteca Central,Blanco Ltd,3,1993-11-15,580599321589,LA299,85,1984,E-002195
2196,993,10,5a edicion,Donacion,Fisico,F-39202,146567.4,2019-01-01,Sede Norte,Córdoba and Sons,1,2018-06-10,677410368450,OF727,589,1984,E-002196
2197,993,47,2a edicion,Canje,Fisico,F-95055,82640.22,2020-06-07,Sede Norte,Ortiz Inc,2,2014-08-09,677288867111,ON780,397,1981,E-002197
2198,993,18,4a edicion,Canje,Fisico,F-57177,67958.21,2020-02-07,Sede Norte,"Sánchez, Torres and González",3,2024-10-18,675082661617,GZ351,185,2022,E-002198
2199,994,23,6a edicion,Compra,Fisico,F-81608,23104.42,2021-01-20,Coordinacion Academica,González-Franco,1,2006-09-13,543739236315,ZT857,397,1982,E-002199
2200,994,48,6a edicion,Canje,Fisico,F-24563,122334.2,2018-08-03,Biblioteca Central,Gutiérrez-López,2,1998-02-23,100467603068,NJ675,737,1997,E-002200
2201,994,53,4a edicion,Suscripcion,Fisico,F-74464,147613.08,2017-11-30,Sede Sur,Rico Ltd,3,2025-04-06,578886913373,DM181,682,2010,E-002201
2202,995,36,4a edicion,Suscripcion,Fisico,F-60344,144657.98,2018-04-26,Coordinacion Academica,Castro-Ayala,1,2025-05-16,464053427546,DX348,304,2009,E-002202
2203,996,18,6a edicion,Suscripcion,Fisico,F-36035,172191.02,2021-06-22,Sede Norte,Cruz Group,1,2022-11-09,972549307903,PV986,789,2003,E-002203
2204,997,8,5a edicion,Compra,Fisico,F-10067,44917.5,2020-06-09,Sede Sur,Guzmán-Acosta,1,2007-07-09,702183345866,NY754,590,1985,E-002204
2205,997,21,1a edicion,Canje,Fisico,F-25113,114047.27,2015-02-05,Sede Sur,Salazar Ltd,2,2002-12-07,799685751092,GZ103,338,1990,E-002205
2206,998,2,5a edicion,Suscripcion,Fisico,F-83881,85466.12,2021-09-03,Biblioteca Central,Agudelo-Díaz,1,2025-05-03,487705328888,BI701,578,2023,E-002206
2207,998,27,4a edicion,Compra,Fisico,F-79813,138927.32,2025-06-30,Sede Sur,Montes-Ortega,2,2013-08-06,227047710816,KD721,650,2003,E-002207
2208,999,32,6a edicion,Donacion,Fisico,F-67126,75198.38,2021-11-19,Coordinacion Academica,"Caicedo, Rodríguez and García",1,2024-09-02,682593175956,PT639,438,2023,E-002208
2209,1000,48,5a edicion,Canje,Fisico,F-57475,89692.75,2017-09-29,Biblioteca Central,"Ospina, Pérez and Benavides",1,2016-09-11,794924802595,BF726,628,1994,E-002209
2210,1000,17,6a edicion,Suscripcion,Fisico,F-67034,55121.12,2021-05-01,Sede Sur,Londoño-Marín,2,2002-10-09,470144964776,IY590,336,1991,E-002210
2211,1001,16,4a edicion,Donacion,Fisico,F-28560,51672.92,2018-01-27,Coordinacion Academica,García-Zapata,1,2011-03-25,505635504307,HI492,154,2005,E-002211
2212,1001,6,5a edicion,Suscripcion,Fisico,F-58930,96308.09,2024-10-05,Sede Norte,Osorio-Quintero,2,2025-11-14,903703627551,GQ291,688,2025,E-002212
2213,1002,59,1a edicion,Canje,Fisico,F-11611,67748.71,2018-12-07,Biblioteca Central,Córdoba-Cardona,1,2024-01-30,350989943763,YA488,409,2024,E-002213
2214,1003,21,6a edicion,Compra,Fisico,F-39375,60746.1,2025-05-19,Sede Norte,Mosquera LLC,1,1994-06-16,547924071467,YR228,753,1993,E-002214
2215,1003,7,2a edicion,Donacion,Fisico,F-40709,55748.87,2024-11-27,Biblioteca Central,Sarmiento-Rivera,2,2024-08-19,549953669877,YE444,322,2022,E-002215
2216,1004,57,6a edicion,Canje,Fisico,F-71905,66771.8,2025-03-03,Biblioteca Central,Velásquez-Gómez,1,2025-04-10,536241209976,WO930,240,2025,E-002216
2217,1005,8,5a edicion,Suscripcion,Fisico,F-78858,95864.31,2020-06-25,Sede Sur,Ramírez Group,1,2024-12-12,618114334232,XW616,747,2021,E-002217
2218,1005,50,6a edicion,Suscripcion,Fisico,F-70957,155570.01,2019-10-07,Sede Norte,Martínez-Rodríguez,2,2013-04-13,744448684914,AT580,546,2010,E-002218
2219,1006,33,6a edicion,Donacion,Fisico,F-60439,82965.98,2021-05-20,Coordinacion Academica,Torres-Pulido,1,2025-02-11,725593540355,UK610,595,2016,E-002219
2220,1007,51,1a edicion,Canje,Fisico,F-57683,124190.35,2019-12-23,Sede Norte,Villamizar-Ortiz,1,1996-07-01,540666227554,CM260,704,1996,E-002220
2221,1007,48,1a edicion,Compra,Fisico,F-67860,116005.4,2022-12-20,Sede Norte,"Castro, Ruiz and Fernández",2,2025-05-03,543015419066,AZ464,231,2021,E-002221
2222,1007,23,3a edicion,Suscripcion,Fisico,F-12057,69873.45,2018-05-31,Biblioteca Central,Murillo and Sons,3,2010-02-07,485421071177,PR535,591,2003,E-002222
2223,1008,21,2a edicion,Suscripcion,Fisico,F-46432,147255.21,2018-07-17,Biblioteca Central,Muñoz Group,1,2013-11-30,965823790092,BJ966,646,2004,E-002223
2224,1009,43,5a edicion,Canje,Fisico,F-74860,69339.59,2018-07-15,Sede Norte,Sanabria-Acevedo,1,2022-05-26,704261880568,XD925,82,1977,E-002224
2225,1009,48,4a edicion,Canje,Fisico,F-92137,93741.1,2019-11-27,Sede Norte,Torres-Mora,2,2006-10-13,782343291549,QI479,114,1998,E-002225
2226,1010,2,3a edicion,Compra,Fisico,F-15956,82443.09,2019-08-29,Coordinacion Academica,Rojas-Martínez,1,2025-11-30,169499754804,XM898,211,2022,E-002226
2227,1010,21,4a edicion,Donacion,Fisico,F-68969,143928.93,2024-04-14,Sede Norte,Ríos Group,2,2011-05-25,675286560268,UL441,309,2009,E-002227
2228,1010,8,3a edicion,Donacion,Fisico,F-21071,51744.65,2016-02-28,Coordinacion Academica,Muñoz-Peña,3,2009-12-24,101036520932,OE991,516,2003,E-002228
2229,1011,54,5a edicion,Canje,Fisico,F-38278,20500.96,2021-04-09,Sede Sur,"Pardo, Tovar and Parra",1,2011-10-17,325493770988,ZZ981,515,2011,E-002229
2230,1011,60,1a edicion,Suscripcion,Fisico,F-31218,47826.98,2019-06-05,Coordinacion Academica,Morales LLC,2,2025-06-12,831587429688,WC523,127,2024,E-002230
2231,1011,31,3a edicion,Canje,Fisico,F-56625,89068.89,2017-09-24,Sede Sur,"Arias, Delgado and León",3,2021-04-19,208622345710,BB930,83,2000,E-002231
2232,1012,43,4a edicion,Suscripcion,Fisico,F-27149,73375.61,2015-02-18,Sede Sur,Cárdenas Ltd,1,2025-08-01,293441458183,FS436,784,2022,E-002232
2233,1013,42,5a edicion,Compra,Fisico,F-92337,104195.62,2018-08-04,Sede Sur,Rodríguez PLC,1,2024-12-27,591896585037,JK254,296,2022,E-002233
2234,1013,33,3a edicion,Canje,Fisico,F-92481,39581.51,2020-11-26,Biblioteca Central,Benavides Ltd,2,2017-09-23,414189381827,RM216,96,1996,E-002234
2235,1013,6,3a edicion,Compra,Fisico,F-49711,110675.84,2016-04-23,Coordinacion Academica,Gutiérrez and Sons,3,2025-05-27,114512587581,LN635,767,2025,E-002235
2236,1014,53,1a edicion,Compra,Fisico,F-93258,75509.47,2019-04-16,Coordinacion Academica,Gómez-Maldonado,1,2025-11-27,353786750595,HW763,371,2024,E-002236
2237,1015,43,6a edicion,Canje,Fisico,F-15517,21836.16,2024-04-19,Sede Sur,Marín Group,1,2011-10-04,707032274363,SQ408,114,1992,E-002237
2238,1016,9,2a edicion,Suscripcion,Fisico,F-63233,159233.16,2021-05-26,Biblioteca Central,Rojas Group,1,2023-03-04,816945373692,PU493,397,2010,E-002238
2239,1016,40,2a edicion,Canje,Fisico,F-95082,72466.89,2022-10-21,Biblioteca Central,Soto-Rodríguez,2,2019-11-27,846982062128,MP330,887,2013,E-002239
2240,1016,14,5a edicion,Donacion,Fisico,F-48388,95394.36,2024-10-06,Sede Norte,"Mercado, Espitia and Vásquez",3,2020-05-31,496444385143,EF433,869,2016,E-002240
2241,1016,7,4a edicion,Compra,Fisico,F-38957,53892.56,2015-09-22,Sede Sur,"Díaz, Peña and Zuluaga",4,2023-09-07,808116317402,SU783,268,2007,E-002241
2242,1017,56,5a edicion,Suscripcion,Fisico,F-42477,125746.93,2015-05-25,Biblioteca Central,Guevara-Ávila,1,2023-02-18,137493480481,YQ366,445,2016,E-002242
2243,1018,18,6a edicion,Suscripcion,Fisico,F-92833,42343.27,2018-07-19,Biblioteca Central,Palacios-Palacios,1,2020-03-15,109885258613,KG803,669,2020,E-002243
2244,1019,4,5a edicion,Suscripcion,Fisico,F-19635,97139.71,2015-02-26,Biblioteca Central,"Ochoa, Buitrago and Montes",1,2024-06-15,537603651764,BM516,626,2022,E-002244
2245,1019,15,1a edicion,Donacion,Fisico,F-81509,63519.49,2021-10-04,Biblioteca Central,Espinosa-Córdoba,2,2012-04-20,300486340511,GJ662,178,2010,E-002245
2246,1020,17,3a edicion,Canje,Fisico,F-60469,179229.12,2019-02-23,Coordinacion Academica,"Guerra, Benavides and Aguirre",1,2015-03-09,221253945452,QY258,437,1981,E-002246
2247,1020,7,2a edicion,Suscripcion,Fisico,F-87791,97595.47,2019-06-05,Sede Norte,Ospino-Rodríguez,2,2007-12-02,963983353680,KZ874,678,1989,E-002247
2248,1021,48,6a edicion,Canje,Fisico,F-46712,75036.89,2021-03-24,Biblioteca Central,"Ruiz, Rodríguez and Sandoval",1,2023-10-05,721184856751,JS763,597,2006,E-002248
2249,1021,8,4a edicion,Donacion,Fisico,F-38897,29775.99,2018-10-11,Coordinacion Academica,Hernández Inc,2,2024-02-15,140477068456,WO384,256,2014,E-002249
2250,1022,54,3a edicion,Suscripcion,Fisico,F-64708,69939.79,2024-07-06,Sede Sur,Muñoz PLC,1,2003-10-12,942940985867,NY207,458,1980,E-002250
2251,1022,17,3a edicion,Canje,Fisico,F-96454,97537.18,2022-02-05,Sede Norte,"Cabrera, Vásquez and Castillo",2,2005-04-18,558666224487,XO856,690,1986,E-002251
2252,1023,6,6a edicion,Compra,Fisico,F-70674,107021.31,2017-11-07,Coordinacion Academica,Parra and Sons,1,2009-07-11,571709777768,FB238,101,1998,E-002252
2253,1024,29,2a edicion,Suscripcion,Fisico,F-31598,66555.63,2016-12-12,Coordinacion Academica,Castillo and Sons,1,2014-04-25,558144665614,SV102,801,2010,E-002253
2254,1024,43,6a edicion,Compra,Fisico,F-67220,58152.38,2023-07-22,Sede Sur,Ortega PLC,2,2012-04-23,971892972369,SF274,525,2006,E-002254
2255,1025,13,3a edicion,Donacion,Fisico,F-56297,71345.29,2015-12-20,Sede Norte,"Villa, García and Barragán",1,2002-10-21,998263970279,RF540,817,1987,E-002255
2256,1025,6,2a edicion,Canje,Fisico,F-57197,71871.79,2024-06-12,Biblioteca Central,González-Sánchez,2,2021-04-13,832616793124,WK460,359,1984,E-002256
2257,1025,41,3a edicion,Donacion,Fisico,F-54468,16093.66,2019-07-05,Biblioteca Central,Perdomo and Sons,3,2022-01-22,809845868161,OC997,618,1983,E-002257
2258,1026,29,2a edicion,Suscripcion,Fisico,F-29830,79563.11,2017-04-21,Sede Sur,Daza-Caballero,1,2019-02-24,860349309424,RN779,268,2019,E-002258
2259,1026,14,4a edicion,Compra,Fisico,F-42536,39988.62,2020-04-08,Sede Norte,León-Pérez,2,2023-12-08,372521267005,SJ349,238,2017,E-002259
2260,1026,29,4a edicion,Suscripcion,Fisico,F-48197,86678.86,2021-11-21,Sede Sur,Gómez Ltd,3,2006-08-17,657965733507,WS912,600,2001,E-002260
2261,1026,41,3a edicion,Suscripcion,Fisico,F-68503,120627.26,2020-02-19,Sede Sur,"Pacheco, Vergara and Cardozo",4,2008-01-18,854125690164,CV254,668,1982,E-002261
2262,1027,51,1a edicion,Donacion,Fisico,F-74092,72185.37,2024-12-03,Coordinacion Academica,Yepes LLC,1,2017-05-08,927759100315,VU512,498,2013,E-002262
2263,1028,59,6a edicion,Canje,Fisico,F-62997,122107.31,2025-01-24,Coordinacion Academica,"Aguirre, González and Mosquera",1,2020-01-19,652531080246,ST314,861,2020,E-002263
2264,1028,13,1a edicion,Suscripcion,Fisico,F-37052,159258.73,2020-06-04,Coordinacion Academica,Cardona-Portilla,2,1987-06-05,115448451810,TF449,329,1986,E-002264
2265,1029,44,5a edicion,Donacion,Fisico,F-36175,31798.5,2018-07-30,Biblioteca Central,Garzón PLC,1,2012-11-16,119379282708,OG207,487,1988,E-002265
2266,1030,11,2a edicion,Suscripcion,Fisico,F-80483,24622.98,2016-05-03,Sede Norte,Morales PLC,1,2009-04-03,681971217324,QF956,789,2009,E-002266
2267,1030,42,3a edicion,Donacion,Fisico,F-24463,73345.88,2023-09-09,Sede Norte,Moreno-Barreto,2,2025-06-12,630700623710,XY657,176,2022,E-002267
2268,1031,52,1a edicion,Canje,Fisico,F-21070,18545.65,2019-03-27,Coordinacion Academica,Navarro-Vargas,1,2001-09-01,649808694052,BW530,267,1990,E-002268
2269,1031,25,3a edicion,Compra,Fisico,F-62058,21249.12,2016-08-01,Coordinacion Academica,Páez Ltd,2,2022-02-08,291783266457,VX929,226,1990,E-002269
2270,1032,41,5a edicion,Donacion,Fisico,F-54156,32286.3,2023-10-08,Sede Norte,Correa PLC,1,2018-05-21,571990092569,DN756,181,2006,E-002270
2271,1033,22,1a edicion,Suscripcion,Fisico,F-18527,24957.01,2018-03-30,Biblioteca Central,Sierra-Chaparro,1,2024-09-07,452519691052,MU987,571,2024,E-002271
2272,1033,60,6a edicion,Compra,Fisico,F-27818,132000.97,2024-11-30,Biblioteca Central,Posada-Ortiz,2,2025-02-18,718634935655,HV726,569,2014,E-002272
2273,1033,12,4a edicion,Suscripcion,Fisico,F-59043,23186.9,2020-12-24,Sede Norte,Herrera Ltd,3,2019-12-20,707388896518,QS195,861,2016,E-002273
2274,1033,60,6a edicion,Donacion,Fisico,F-48130,21925.41,2025-09-11,Sede Norte,López Ltd,4,2024-12-28,156676237000,IY638,782,2000,E-002274
2275,1034,49,2a edicion,Compra,Fisico,F-91149,16651.95,2025-01-08,Sede Norte,"Cáceres, Navarro and Galeano",1,2005-03-03,473885703889,UQ965,889,1980,E-002275
2276,1034,26,2a edicion,Suscripcion,Fisico,F-73225,16199.88,2016-12-27,Sede Sur,Valencia and Sons,2,2025-09-23,415647616320,OY625,414,2022,E-002276
2277,1034,40,5a edicion,Donacion,Fisico,F-40282,42759.31,2017-07-24,Biblioteca Central,González Inc,3,2021-01-12,464598734294,TE278,236,2016,E-002277
2278,1034,12,2a edicion,Suscripcion,Fisico,F-98998,43817.88,2023-08-24,Sede Sur,Barrera-Gómez,4,2017-08-25,139753883166,BG214,383,2013,E-002278
2279,1034,36,6a edicion,Canje,Fisico,F-58211,63120.78,2022-03-10,Biblioteca Central,Molina PLC,5,2017-07-31,690583171466,BQ511,886,2012,E-002279
2280,1035,30,5a edicion,Compra,Fisico,F-72331,149308.48,2024-04-27,Sede Norte,"Burbano, Salamanca and Martínez",1,2019-01-07,925791628292,FM538,301,2013,E-002280
2281,1036,16,4a edicion,Canje,Fisico,F-93692,122178.62,2022-04-09,Biblioteca Central,Contreras PLC,1,2024-09-26,473310456246,NR657,329,2013,E-002281
2282,1036,24,1a edicion,Compra,Fisico,F-75509,138366.71,2025-11-14,Biblioteca Central,Bernal LLC,2,2020-01-21,738305466027,JQ155,829,2009,E-002282
2283,1037,7,6a edicion,Compra,Fisico,F-57522,178577.18,2022-12-04,Biblioteca Central,Espinosa-Gómez,1,2009-06-30,311667812338,AO314,322,2003,E-002283
2284,1038,44,4a edicion,Suscripcion,Fisico,F-12409,34062.75,2015-12-08,Sede Sur,Delgado Ltd,1,2025-02-06,131807262806,SK192,712,2023,E-002284
2285,1039,12,1a edicion,Suscripcion,Fisico,F-32826,148559.64,2019-04-19,Biblioteca Central,"Díaz, Jaimes and Barrera",1,2002-08-30,725719077506,CC312,159,1988,E-002285
2286,1039,9,4a edicion,Suscripcion,Fisico,F-40291,34300.28,2016-01-23,Sede Sur,Montoya-Salazar,2,2011-05-25,306829147518,SV207,87,1999,E-002286
2287,1039,6,6a edicion,Suscripcion,Fisico,F-88913,146001.79,2018-04-23,Sede Sur,Pinzón Group,3,2021-08-24,378049618258,DF147,422,1979,E-002287
2288,1040,24,1a edicion,Compra,Fisico,F-11522,15937.14,2024-04-22,Sede Sur,Parra-Hernández,1,2025-11-05,947882676774,RB551,897,2013,E-002288
2289,1040,23,2a edicion,Suscripcion,Fisico,F-57815,113686.64,2015-12-23,Coordinacion Academica,"Hernández, Rodríguez and Pineda",2,2017-08-09,575881408832,OB344,450,1989,E-002289
2290,1040,8,2a edicion,Compra,Fisico,F-34342,148037.18,2025-11-27,Coordinacion Academica,"Uribe, Díaz and Caballero",3,1997-10-31,156254685959,GV506,504,1986,E-002290
2291,1041,11,3a edicion,Donacion,Fisico,F-58015,160797.43,2019-12-09,Coordinacion Academica,Castro-Torres,1,2002-12-22,187134357442,ZT780,388,2002,E-002291
2292,1042,6,4a edicion,Canje,Fisico,F-29812,36203.34,2020-07-24,Coordinacion Academica,Méndez-Díaz,1,2019-02-13,970564522867,IK793,866,1998,E-002292
2293,1042,26,1a edicion,Canje,Fisico,F-70894,170739.88,2020-11-10,Biblioteca Central,"Duarte, Pulido and Maldonado",2,2004-04-28,995075669305,CF846,647,1997,E-002293
2294,1043,7,3a edicion,Compra,Fisico,F-18741,57579.61,2023-02-10,Sede Sur,Galvis LLC,1,2023-10-29,272296949046,ZV399,798,1981,E-002294
2295,1043,24,3a edicion,Suscripcion,Fisico,F-38420,27269.9,2022-07-18,Sede Norte,"Sánchez, Pérez and Pardo",2,2013-12-28,183509923012,GN858,561,2007,E-002295
2296,1043,6,5a edicion,Compra,Fisico,F-63722,81377.4,2018-08-08,Sede Sur,"Rodríguez, López and Carmona",3,2022-12-16,818623100952,HO154,635,2020,E-002296
2297,1043,48,1a edicion,Donacion,Fisico,F-10975,162308.84,2022-04-14,Biblioteca Central,Vargas-Díaz,4,2018-05-03,645173683097,IS512,171,1997,E-002297
2298,1044,14,6a edicion,Compra,Fisico,F-23569,125897.02,2020-01-26,Sede Norte,Parra-Ayala,1,2003-09-05,342804198457,WB977,172,1999,E-002298
2299,1044,41,6a edicion,Compra,Fisico,F-31277,19886.22,2017-09-28,Sede Sur,León Ltd,2,2022-11-10,746264281426,YO489,446,2017,E-002299
2300,1045,1,1a edicion,Compra,Fisico,F-18365,124841.13,2024-07-22,Sede Sur,Hernández LLC,1,2013-08-23,955256323172,HM508,820,2002,E-002300
2301,1045,36,2a edicion,Canje,Fisico,F-26118,84489.05,2018-02-21,Sede Norte,Hernández-Cabrera,2,2017-04-08,938683566521,WJ805,256,1978,E-002301
2302,1045,46,1a edicion,Compra,Fisico,F-72000,67322.1,2018-04-09,Coordinacion Academica,Romero and Sons,3,2023-08-23,580789929987,WY247,361,1994,E-002302
2303,1045,10,2a edicion,Donacion,Fisico,F-94439,85195.75,2024-11-22,Sede Sur,Muñoz-Gallego,4,2025-12-17,916586223271,WR175,895,2023,E-002303
2304,1045,59,5a edicion,Canje,Fisico,F-17184,52012.12,2024-01-18,Sede Sur,Angulo-Patiño,5,2017-12-03,787614799806,IV818,426,1980,E-002304
2305,1046,59,6a edicion,Suscripcion,Fisico,F-51759,39232.29,2024-06-25,Coordinacion Academica,Domínguez Group,1,2002-07-09,565087510002,WI363,412,1990,E-002305
2306,1046,60,2a edicion,Compra,Fisico,F-45433,110780.55,2018-07-12,Biblioteca Central,"Vásquez, González and Pulido",2,2021-02-23,136207210530,SO897,411,1987,E-002306
2307,1047,7,6a edicion,Donacion,Fisico,F-95624,32197.25,2017-07-05,Sede Sur,Vargas-Arias,1,1997-08-22,566608542884,WM860,888,1993,E-002307
2308,1047,7,6a edicion,Compra,Fisico,F-81214,113772.56,2022-09-02,Biblioteca Central,Sánchez-Ramírez,2,2018-05-20,631025351730,EH648,518,1990,E-002308
2309,1048,29,6a edicion,Suscripcion,Fisico,F-24611,106975.64,2023-08-04,Sede Norte,Gómez-Castillo,1,2021-08-08,117110832843,OT380,189,2018,E-002309
2310,1048,41,3a edicion,Canje,Fisico,F-50165,153239.26,2017-09-11,Sede Norte,"Manrique, Parra and Orozco",2,2022-08-14,869947898114,EL328,460,2019,E-002310
2311,1049,39,4a edicion,Donacion,Fisico,F-89034,93839.56,2016-01-20,Coordinacion Academica,"Álvarez, Ayala and Bolaños",1,2025-08-09,948264472398,VF468,239,2016,E-002311
2312,1049,5,6a edicion,Suscripcion,Fisico,F-16393,56928.66,2015-01-17,Sede Norte,Zambrano LLC,2,2008-10-30,119214688508,FT184,845,1998,E-002312
2313,1049,21,5a edicion,Suscripcion,Fisico,F-85012,129927.66,2018-01-05,Biblioteca Central,"Giraldo, Pérez and Peña",3,2005-04-02,781773451755,TE467,253,1982,E-002313
2314,1049,21,6a edicion,Canje,Fisico,F-88507,72766.61,2025-05-03,Sede Norte,Flórez Group,4,2011-06-24,175171334428,CO643,353,2011,E-002314
2315,1049,25,4a edicion,Compra,Fisico,F-36933,137266.72,2021-10-19,Sede Norte,"Orozco, Díaz and Galindo",5,2009-11-16,182841415605,MT536,730,2003,E-002315
2316,1050,56,3a edicion,Compra,Fisico,F-93395,151818.83,2023-11-07,Coordinacion Academica,"Gamboa, Erazo and Navarro",1,2020-10-08,912511183331,ES599,605,2013,E-002316
2317,1051,33,5a edicion,Compra,Fisico,F-75837,146844.8,2015-12-31,Biblioteca Central,"Agudelo, Angarita and Vásquez",1,2014-08-01,603016905846,GK696,420,2014,E-002317
2318,1051,57,5a edicion,Donacion,Fisico,F-37481,54833.77,2015-11-30,Sede Norte,"Galvis, Leal and Castillo",2,2016-02-18,526616196740,QO597,590,2013,E-002318
2319,1052,34,3a edicion,Suscripcion,Fisico,F-65655,43852.42,2020-03-01,Biblioteca Central,"Zapata, León and Arias",1,1994-03-20,199906117584,YN294,365,1975,E-002319
2320,1053,46,4a edicion,Donacion,Fisico,F-36417,67065.48,2020-07-07,Sede Norte,Suárez and Sons,1,2020-08-21,639875403452,IQ983,340,2006,E-002320
2321,1053,7,6a edicion,Canje,Fisico,F-29799,16957.8,2017-10-31,Sede Norte,Martínez LLC,2,2021-03-08,581185312942,TH708,324,1986,E-002321
2322,1053,8,3a edicion,Suscripcion,Fisico,F-90951,131970.01,2018-03-23,Sede Norte,Valencia PLC,3,2010-11-08,153010116200,QX980,758,2005,E-002322
2323,1054,43,3a edicion,Donacion,Fisico,F-10286,157480.04,2021-06-11,Sede Sur,Obando PLC,1,2014-01-18,857455681929,CE968,836,2011,E-002323
2324,1055,39,6a edicion,Donacion,Fisico,F-48716,125781.98,2017-01-16,Coordinacion Academica,Castillo Inc,1,2017-02-01,603416791289,AC699,436,2006,E-002324
2325,1055,15,5a edicion,Compra,Fisico,F-99262,144504.44,2015-10-20,Sede Norte,Jiménez-Arango,2,2007-05-05,265712703112,VW187,325,2004,E-002325
2326,1055,7,6a edicion,Compra,Fisico,F-95931,49233.74,2016-03-13,Biblioteca Central,Granados-Sánchez,3,1999-08-26,462819183437,TX292,461,1995,E-002326
2327,1056,12,3a edicion,Suscripcion,Fisico,F-46558,172521.98,2024-05-02,Sede Sur,"Barbosa, Arteaga and Suárez",1,2018-07-01,906214607450,UV997,186,2018,E-002327
2328,1056,9,6a edicion,Donacion,Fisico,F-39903,156256.84,2025-03-01,Biblioteca Central,Márquez LLC,2,1994-06-22,630676348941,XS904,335,1985,E-002328
2329,1056,21,6a edicion,Suscripcion,Fisico,F-85434,65227.07,2021-07-23,Biblioteca Central,Torres Inc,3,2024-11-17,625053532033,AG112,619,2008,E-002329
2330,1056,57,4a edicion,Donacion,Fisico,F-90998,42960.24,2017-07-11,Biblioteca Central,"Arrieta, Zapata and Sánchez",4,2022-03-16,995175341267,UR858,647,1997,E-002330
2331,1057,34,1a edicion,Donacion,Fisico,F-18861,76442.11,2022-01-02,Sede Norte,Hernández-Vega,1,2001-06-05,433046609153,RN376,811,1999,E-002331
2332,1058,35,1a edicion,Donacion,Fisico,F-93617,60920.53,2022-04-16,Coordinacion Academica,"Valencia, Sandoval and Jiménez",1,2015-07-12,915562307866,XZ923,316,2010,E-002332
2333,1058,7,2a edicion,Donacion,Fisico,F-18021,125738.65,2021-06-12,Sede Sur,"Ballesteros, Hernández and Gamboa",2,2011-10-08,286383063018,KT413,455,2009,E-002333
2334,1059,55,4a edicion,Compra,Fisico,F-52057,165772.36,2025-04-19,Sede Sur,"Bernal, Martínez and Díaz",1,2015-06-10,814347161690,KH619,611,1976,E-002334
2335,1060,36,6a edicion,Compra,Fisico,F-26294,143544.02,2015-04-23,Sede Norte,Jaramillo Group,1,1999-11-01,815389727622,NN863,317,1988,E-002335
2336,1061,52,2a edicion,Canje,Fisico,F-73077,112607.3,2021-03-16,Sede Norte,"Valderrama, López and Barbosa",1,1997-08-07,477791889292,RT627,577,1995,E-002336
2337,1061,15,4a edicion,Compra,Fisico,F-65858,142073.84,2016-02-15,Sede Sur,Hernández-Cuesta,2,2023-12-27,337231909240,YR861,114,2022,E-002337
2338,1062,27,4a edicion,Suscripcion,Fisico,F-94493,161877.53,2022-10-30,Coordinacion Academica,Bernal LLC,1,2010-03-18,938434156920,MR338,172,1976,E-002338
2339,1062,46,4a edicion,Compra,Fisico,F-87369,69844.24,2023-05-04,Sede Norte,Cuéllar Inc,2,1987-03-14,752944815849,PV350,581,1981,E-002339
2340,1063,13,3a edicion,Compra,Fisico,F-73919,96327.6,2015-11-13,Coordinacion Academica,Vargas-Betancur,1,2019-09-23,950439693771,OT320,577,1982,E-002340
2341,1064,2,4a edicion,Compra,Fisico,F-86114,37625.85,2015-07-28,Biblioteca Central,Parra-Rubio,1,2018-05-15,507676327685,NS629,212,2016,E-002341
2342,1064,10,1a edicion,Suscripcion,Fisico,F-45428,89046.37,2022-10-08,Sede Sur,Mantilla-Sánchez,2,2019-10-12,426962884384,YU541,652,1977,E-002342
2343,1065,10,3a edicion,Canje,Fisico,F-65653,170929.1,2024-05-11,Sede Norte,"Bedoya, Fuentes and Gaitán",1,2010-06-21,828321370100,AJ720,104,2005,E-002343
2344,1066,52,4a edicion,Compra,Fisico,F-13175,149383.41,2016-10-12,Biblioteca Central,Rosero LLC,1,2006-04-03,480626007500,PI588,641,1989,E-002344
2345,1067,55,2a edicion,Canje,Fisico,F-52050,16843.72,2025-12-21,Biblioteca Central,Blanco LLC,1,2013-07-05,763866095072,HC871,888,2013,E-002345
2346,1067,56,6a edicion,Canje,Fisico,F-52183,86846.83,2025-09-02,Coordinacion Academica,"Ramírez, Durán and Ruiz",2,2025-03-16,867700138049,MD836,631,2001,E-002346
2347,1067,53,6a edicion,Suscripcion,Fisico,F-48590,179348.79,2015-05-18,Sede Sur,Martínez Group,3,2024-03-22,161247522098,PG751,450,2024,E-002347
2348,1068,27,4a edicion,Canje,Fisico,F-83921,144865.54,2015-07-18,Biblioteca Central,"Pérez, Zapata and Manrique",1,2012-08-13,532629243566,BH761,590,1998,E-002348
2349,1068,48,5a edicion,Donacion,Fisico,F-13150,26806.46,2024-11-30,Sede Sur,García-Escobar,2,2021-12-23,790906028124,VF180,390,1995,E-002349
2350,1068,48,6a edicion,Compra,Fisico,F-92585,93994.59,2021-05-27,Biblioteca Central,Sánchez LLC,3,2008-04-27,382793118951,TX902,884,1977,E-002350
2351,1068,23,3a edicion,Canje,Fisico,F-16425,17235.99,2024-12-22,Sede Sur,"Carvajal, García and Ramírez",4,2011-06-10,121635511601,PG399,810,1992,E-002351
2352,1069,40,4a edicion,Suscripcion,Fisico,F-37663,63788.99,2025-11-07,Coordinacion Academica,Cruz and Sons,1,2008-04-20,286191156629,JX469,496,1997,E-002352
2353,1069,58,5a edicion,Donacion,Fisico,F-61945,85124.83,2018-07-19,Coordinacion Academica,Arrieta LLC,2,2001-04-21,166237208245,IO185,277,1976,E-002353
2354,1070,39,3a edicion,Compra,Fisico,F-76472,33497.38,2022-06-27,Biblioteca Central,Caicedo-Rodríguez,1,2024-04-11,996757473620,IP493,441,2019,E-002354
2355,1070,43,3a edicion,Compra,Fisico,F-98478,34387.78,2021-05-07,Sede Sur,Rodríguez-Zambrano,2,2016-07-23,124058956713,RN415,326,1986,E-002355
2356,1071,56,1a edicion,Suscripcion,Fisico,F-19326,119272.34,2022-09-01,Sede Sur,Guevara LLC,1,2015-05-27,631733930032,CA977,864,1976,E-002356
2357,1072,57,2a edicion,Compra,Fisico,F-15225,128978.9,2025-01-04,Sede Norte,"Perea, Peña and García",1,2021-05-06,869470491393,YT353,204,2017,E-002357
2358,1072,26,4a edicion,Compra,Fisico,F-57477,65702.71,2019-03-20,Biblioteca Central,Serna Ltd,2,2022-04-14,660120836237,BW360,379,2012,E-002358
2359,1072,38,4a edicion,Canje,Fisico,F-94362,98337.58,2025-02-13,Sede Norte,"Márquez, Bastidas and López",3,2009-01-12,848403614256,WH415,166,1992,E-002359
2360,1072,15,2a edicion,Compra,Fisico,F-41729,157551.19,2022-02-04,Sede Norte,"Pérez, Montoya and Romero",4,2023-01-31,850527840426,IL797,365,2017,E-002360
2361,1072,60,6a edicion,Donacion,Fisico,F-69973,138447.42,2018-08-22,Biblioteca Central,Ramírez-Muñoz,5,2025-05-19,430001332918,TC642,669,2024,E-002361
2362,1073,37,6a edicion,Canje,Fisico,F-54532,155371.38,2024-09-08,Sede Sur,"Rosero, Palacios and Herrera",1,1976-06-11,546234391242,RX340,894,1976,E-002362
2363,1073,42,6a edicion,Canje,Fisico,F-75947,96564.69,2015-03-16,Coordinacion Academica,Padilla Inc,2,2015-06-21,369517547427,KO589,486,2012,E-002363
2364,1073,44,4a edicion,Suscripcion,Fisico,F-84995,92553.51,2017-04-22,Coordinacion Academica,Ortiz-Meneses,3,2024-02-29,149525830136,MV429,334,2017,E-002364
2365,1073,23,1a edicion,Compra,Fisico,F-69582,35232.19,2016-06-03,Coordinacion Academica,Vargas-Soto,4,1998-08-22,586648190739,MB545,548,1992,E-002365
2366,1073,45,4a edicion,Compra,Fisico,F-90034,28466.34,2016-05-08,Sede Norte,"Rincón, Ortega and Martínez",5,2021-01-25,503272208766,AS267,469,2002,E-002366
2367,1074,37,6a edicion,Donacion,Fisico,F-68762,86812.69,2021-07-01,Coordinacion Academica,Galindo Inc,1,1998-05-13,116522017321,WJ643,892,1983,E-002367
2368,1074,49,4a edicion,Canje,Fisico,F-25306,19316.06,2019-03-16,Coordinacion Academica,Santos-González,2,2015-11-11,966439467819,IA317,895,1997,E-002368
2369,1074,42,6a edicion,Suscripcion,Fisico,F-16082,124159.7,2024-08-06,Sede Sur,Agudelo Ltd,3,2024-04-25,592998237814,RE588,572,2021,E-002369
2370,1075,3,3a edicion,Suscripcion,Fisico,F-17262,37236.92,2019-02-04,Biblioteca Central,García PLC,1,1994-03-10,193188816399,AV468,457,1982,E-002370
2371,1075,40,3a edicion,Compra,Fisico,F-91383,129175.3,2024-11-05,Sede Sur,Fernández Group,2,2004-06-27,991026574911,YF431,215,1993,E-002371
2372,1075,41,2a edicion,Suscripcion,Fisico,F-45011,169075.8,2021-03-01,Sede Sur,"Ariza, Moreno and Arias",3,2015-06-21,470900218587,RR850,424,1998,E-002372
2373,1075,25,6a edicion,Suscripcion,Fisico,F-41722,151632.45,2022-09-26,Sede Sur,Duque-Castro,4,2025-04-23,306036278411,WX103,805,2020,E-002373
2374,1076,37,3a edicion,Donacion,Fisico,F-99892,89137.44,2020-04-10,Coordinacion Academica,Durán PLC,1,1997-03-08,680382113480,RA740,803,1996,E-002374
2375,1076,31,4a edicion,Canje,Fisico,F-76520,160320.94,2020-08-01,Biblioteca Central,Giraldo and Sons,2,2020-08-08,890045305110,TW668,675,2019,E-002375
2376,1076,48,6a edicion,Suscripcion,Fisico,F-12995,53734.62,2025-05-17,Coordinacion Academica,López-Galeano,3,1999-01-25,773497929642,JW653,111,1992,E-002376
2377,1076,12,4a edicion,Suscripcion,Fisico,F-50138,58593.47,2016-12-07,Sede Sur,Blanco-Rojas,4,2025-11-22,861053369976,GX469,127,2025,E-002377
2378,1077,54,4a edicion,Compra,Fisico,F-56515,51949.14,2020-07-23,Coordinacion Academica,Herrera Group,1,2018-07-13,678449473293,EG362,222,2005,E-002378
2379,1078,19,5a edicion,Compra,Fisico,F-24640,79282.54,2025-08-06,Coordinacion Academica,Montenegro PLC,1,2018-09-09,467571641695,OJ122,783,1981,E-002379
2380,1079,39,2a edicion,Canje,Fisico,F-22990,79052.53,2015-10-30,Sede Sur,Gaitán-Mora,1,2001-05-23,771849243153,QB587,622,1986,E-002380
2381,1079,40,5a edicion,Donacion,Fisico,F-17008,93911.06,2015-07-08,Biblioteca Central,Reyes-Mora,2,2021-02-04,170969549266,TR301,300,1978,E-002381
2382,1080,53,6a edicion,Compra,Fisico,F-37328,171245.4,2020-05-21,Sede Sur,Ángel-Gómez,1,2023-09-23,294268665388,FB951,522,2022,E-002382
2383,1080,49,3a edicion,Canje,Fisico,F-82378,15623.84,2022-10-24,Coordinacion Academica,"Becerra, Carvajal and Garzón",2,2014-12-09,734249591250,RX754,440,2011,E-002383
2384,1080,8,6a edicion,Donacion,Fisico,F-49390,84387.44,2017-12-12,Biblioteca Central,"Méndez, Gonzáles and Leal",3,2016-08-23,174076491871,CC209,635,2014,E-002384
2385,1081,58,1a edicion,Canje,Fisico,F-56822,112370.37,2016-01-28,Biblioteca Central,Duarte and Sons,1,2017-06-12,261720655986,ZM128,273,2004,E-002385
2386,1082,24,5a edicion,Suscripcion,Fisico,F-99125,86397.69,2021-07-02,Sede Sur,López-Quintero,1,2012-05-02,336885412257,IR687,377,2011,E-002386
2387,1082,44,2a edicion,Suscripcion,Fisico,F-98596,138065.58,2018-03-21,Sede Norte,Londoño-Herrera,2,2012-01-06,652031722049,ZM407,474,1987,E-002387
2388,1082,47,4a edicion,Donacion,Fisico,F-92288,105732.33,2023-09-22,Sede Sur,Díaz Inc,3,2011-04-07,907684537722,DT349,89,1990,E-002388
2389,1083,56,4a edicion,Suscripcion,Fisico,F-99624,145826.85,2020-02-03,Sede Norte,"Castillo, Jiménez and Cárdenas",1,2022-01-03,185100573050,VV510,242,2021,E-002389
2390,1083,54,3a edicion,Canje,Fisico,F-30701,85045.57,2021-12-03,Sede Norte,Sánchez LLC,2,1999-02-03,820875474909,HT748,392,1997,E-002390
2391,1083,33,2a edicion,Suscripcion,Fisico,F-61717,172437.92,2023-01-22,Coordinacion Academica,Buitrago-Acosta,3,2025-11-19,880663117806,IL599,683,2018,E-002391
2392,1084,57,6a edicion,Canje,Fisico,F-20388,147220.56,2024-08-03,Coordinacion Academica,"Castro, Ramos and Benavides",1,2023-11-11,282288906114,ZB618,579,2021,E-002392
2393,1084,32,5a edicion,Suscripcion,Fisico,F-20939,23581.52,2015-03-15,Coordinacion Academica,"Duarte, Duarte and Hernández",2,2010-10-08,874723622976,UG992,883,2005,E-002393
2394,1084,25,5a edicion,Suscripcion,Fisico,F-33939,152750.35,2018-02-27,Biblioteca Central,Marín Inc,3,2011-10-10,451086327975,JM597,305,1985,E-002394
2395,1084,4,2a edicion,Compra,Fisico,F-12646,58538.96,2022-11-25,Biblioteca Central,"García, Garzón and Herrera",4,2025-02-03,986739773595,HS204,660,1979,E-002395
2396,1085,16,6a edicion,Donacion,Fisico,F-17370,178082.46,2017-01-07,Coordinacion Academica,Salazar-Alzate,1,2019-04-12,582601478986,ZM641,182,2013,E-002396
2397,1086,52,3a edicion,Canje,Fisico,F-20347,111102.57,2019-02-24,Sede Norte,Hernández-Parra,1,2009-12-16,172596284211,HK777,161,2000,E-002397
2398,1087,21,5a edicion,Canje,Fisico,F-61860,88081.86,2017-07-11,Biblioteca Central,"Uribe, Rivera and Rodríguez",1,2014-04-07,344008312697,HA588,138,1982,E-002398
2399,1088,46,1a edicion,Suscripcion,Fisico,F-84347,46442.08,2025-02-24,Coordinacion Academica,Zambrano Inc,1,2024-11-29,556810404814,XR128,591,2021,E-002399
2400,1088,12,1a edicion,Suscripcion,Fisico,F-69394,50157.3,2024-05-08,Coordinacion Academica,Rodríguez-Arias,2,1989-04-22,799269143961,RO774,125,1989,E-002400
2401,1088,7,6a edicion,Canje,Fisico,F-32518,83265.69,2015-11-11,Sede Norte,Rojas Group,3,1980-07-05,846147379647,QM367,95,1980,E-002401
2402,1089,14,5a edicion,Suscripcion,Fisico,F-45379,154668.52,2021-08-28,Coordinacion Academica,Valencia Inc,1,2004-06-21,546361084055,MH154,255,2001,E-002402
2403,1089,55,1a edicion,Canje,Fisico,F-54746,104510.09,2015-06-19,Sede Sur,Medina and Sons,2,2019-07-06,618955190071,NA185,145,2016,E-002403
2404,1089,55,1a edicion,Compra,Fisico,F-54428,23677.62,2025-01-10,Sede Sur,Gómez-Ariza,3,2025-12-14,369493564122,UC171,804,2010,E-002404
2405,1089,21,5a edicion,Suscripcion,Fisico,F-29805,94516.64,2021-09-25,Sede Norte,"Barrera, Ortiz and Rodríguez",4,2007-09-01,973055311426,RS874,586,1982,E-002405
2406,1089,28,4a edicion,Compra,Fisico,F-43642,165606.68,2024-06-13,Sede Sur,Rodríguez and Sons,5,2019-08-13,264823767967,SB424,563,2006,E-002406
2407,1090,12,3a edicion,Suscripcion,Fisico,F-17457,78820.35,2024-10-31,Sede Sur,"González, Pérez and Cifuentes",1,1999-08-03,923185993974,HU808,592,1992,E-002407
2408,1091,47,4a edicion,Canje,Fisico,F-23879,136890.47,2016-10-14,Coordinacion Academica,Sánchez and Sons,1,2017-01-02,648798790187,AT211,892,1982,E-002408
2409,1091,36,5a edicion,Compra,Fisico,F-17276,75900.51,2021-03-28,Biblioteca Central,Herrera-Pacheco,2,1995-06-18,185672787564,YO681,591,1982,E-002409
2410,1092,59,4a edicion,Compra,Fisico,F-32335,81246.43,2023-04-11,Coordinacion Academica,Jaramillo-Vélez,1,2011-11-19,387963118977,LH377,831,1996,E-002410
2411,1092,58,3a edicion,Canje,Fisico,F-28009,117981.65,2025-05-14,Sede Sur,Córdoba and Sons,2,1997-02-06,262202675628,MB866,494,1993,E-002411
2412,1092,41,1a edicion,Compra,Fisico,F-55422,154928.09,2015-09-23,Sede Sur,Trujillo PLC,3,2023-09-28,236662163192,NB332,528,2006,E-002412
2413,1093,50,2a edicion,Suscripcion,Fisico,F-43038,159831.41,2025-08-16,Coordinacion Academica,Alvarado Group,1,2021-08-28,422307232439,LP246,340,2017,E-002413
2414,1093,47,5a edicion,Compra,Fisico,F-29643,159226.09,2025-05-24,Biblioteca Central,Durán-Muñoz,2,2015-11-15,823195834919,IU651,160,1979,E-002414
2415,1093,3,4a edicion,Compra,Fisico,F-38831,85279.4,2021-06-20,Coordinacion Academica,"Angarita, Gómez and Gutiérrez",3,2003-06-23,835101526099,RT331,690,2003,E-002415
2416,1094,26,4a edicion,Compra,Fisico,F-16209,66626.68,2016-05-12,Coordinacion Academica,Aguirre-Velandia,1,2025-08-28,193559111494,HQ430,118,2025,E-002416
2417,1094,28,1a edicion,Compra,Fisico,F-69920,72397.44,2025-10-13,Biblioteca Central,González Inc,2,2020-05-06,919094753956,UR649,86,1976,E-002417
2418,1094,59,4a edicion,Canje,Fisico,F-76440,61851.49,2019-02-15,Sede Sur,Pinzón PLC,3,2015-04-06,578702252092,ML205,622,1975,E-002418
2419,1095,52,1a edicion,Suscripcion,Fisico,F-73976,36652.45,2016-01-14,Sede Norte,"Romero, Rojas and Rivas",1,2015-10-26,706350067786,JY877,318,2005,E-002419
2420,1095,56,1a edicion,Canje,Fisico,F-11398,171862.24,2021-08-21,Sede Norte,Castillo-Parra,2,2020-04-18,495612636940,FT262,543,1994,E-002420
2421,1096,40,4a edicion,Donacion,Fisico,F-65420,172366.42,2020-03-14,Sede Sur,"Arias, González and Garzón",1,2024-01-15,859286418904,BK155,616,2022,E-002421
2422,1096,7,2a edicion,Compra,Fisico,F-87726,111359.57,2018-01-01,Sede Sur,"Parra, Rodríguez and Tamayo",2,2024-06-18,614056362564,ND743,871,2018,E-002422
2423,1096,56,5a edicion,Compra,Fisico,F-33116,125743.55,2016-11-07,Sede Sur,Villa-Álvarez,3,2023-12-05,545625800592,NA916,212,2000,E-002423
2424,1096,14,4a edicion,Compra,Fisico,F-11908,156849.94,2021-01-19,Biblioteca Central,Rodríguez-Cardona,4,2025-09-27,491480779524,UE602,753,1978,E-002424
2425,1096,55,4a edicion,Donacion,Fisico,F-16195,136312.02,2019-06-20,Sede Norte,Pabón-Parra,5,1983-04-09,166390225696,EG331,460,1977,E-002425
2426,1097,57,5a edicion,Compra,Fisico,F-26154,79585.13,2025-01-30,Coordinacion Academica,Vera-Martínez,1,2021-11-21,184839678931,QL546,802,2014,E-002426
2427,1097,37,4a edicion,Canje,Fisico,F-61978,167409.17,2023-05-15,Sede Norte,García and Sons,2,2007-10-22,160073170904,VA235,879,2001,E-002427
2428,1097,56,4a edicion,Suscripcion,Fisico,F-28912,148548.49,2021-12-09,Sede Norte,Mendoza Ltd,3,2008-12-03,457245883160,XU994,362,1998,E-002428
2429,1097,52,5a edicion,Compra,Fisico,F-90536,59258.27,2021-11-13,Coordinacion Academica,Salazar Inc,4,2000-01-24,978574857668,KN574,289,1998,E-002429
2430,1098,36,4a edicion,Compra,Fisico,F-36226,119939.88,2018-03-23,Biblioteca Central,Romero Group,1,2025-09-01,163370821696,SB152,735,2016,E-002430
2431,1098,25,3a edicion,Canje,Fisico,F-47643,178729.76,2025-11-07,Sede Norte,Hernández-Muñoz,2,2014-03-17,885341856935,CG873,889,1975,E-002431
2432,1098,2,1a edicion,Canje,Fisico,F-18123,52148.94,2024-02-08,Sede Sur,Vega LLC,3,2016-03-10,816557489681,OS831,504,2011,E-002432
2433,1099,45,6a edicion,Suscripcion,Fisico,F-60307,60526.75,2024-09-01,Sede Norte,Martínez-Rivera,1,2022-08-31,510041861776,IX738,895,2009,E-002433
2434,1100,57,5a edicion,Compra,Fisico,F-51272,138350.13,2024-03-18,Sede Norte,"Morales, López and Guerra",1,2013-12-21,388010564423,WO581,95,1993,E-002434
2435,1101,37,1a edicion,Donacion,Fisico,F-65764,58376.08,2016-04-10,Sede Norte,"Martínez, Camargo and González",1,2021-12-09,851638101862,XC886,128,2016,E-002435
2436,1102,4,1a edicion,Canje,Fisico,F-53044,64299.07,2017-05-09,Biblioteca Central,"Montenegro, Henao and Contreras",1,2023-12-01,411565256684,NX284,576,2015,E-002436
2437,1103,33,2a edicion,Canje,Fisico,F-68250,42026.42,2018-07-13,Sede Norte,Miranda-Parra,1,2006-03-05,113674249773,GN479,790,1999,E-002437
2438,1104,5,3a edicion,Canje,Fisico,F-25344,46107.52,2016-10-05,Sede Sur,Giraldo-González,1,2017-02-03,187909884694,HG194,900,2009,E-002438
2439,1105,44,3a edicion,Compra,Fisico,F-57375,35144.0,2024-09-14,Biblioteca Central,Forero-Zapata,1,2017-08-18,683588304579,UV750,353,2007,E-002439
2440,1105,23,6a edicion,Compra,Fisico,F-23346,35983.96,2025-11-08,Biblioteca Central,"Cruz, Vásquez and Rodríguez",2,1982-03-14,385583599984,VO747,122,1980,E-002440
2441,1106,5,3a edicion,Suscripcion,Fisico,F-89129,165842.92,2017-05-21,Sede Norte,Fuentes and Sons,1,2024-02-05,949554058103,XW257,564,2022,E-002441
2442,1106,51,4a edicion,Canje,Fisico,F-39638,99303.17,2024-05-22,Sede Norte,Miranda-Meneses,2,2007-07-11,722950828038,CR254,770,2001,E-002442
2443,1106,55,2a edicion,Compra,Fisico,F-16715,75549.65,2017-03-24,Coordinacion Academica,Vargas-Rodríguez,3,2005-12-29,150728711532,UD549,162,1998,E-002443
2444,1106,54,1a edicion,Donacion,Fisico,F-36893,115607.75,2018-05-01,Biblioteca Central,"Díaz, Rodríguez and Mosquera",4,1997-07-13,809257600013,PH420,628,1984,E-002444
2445,1106,58,4a edicion,Suscripcion,Fisico,F-47639,158489.63,2019-10-31,Sede Sur,Díaz and Sons,5,1998-11-25,484088281821,WW794,789,1979,E-002445
2446,1107,58,6a edicion,Canje,Fisico,F-88142,175866.91,2018-02-20,Sede Sur,"Benavides, Rojas and Carrillo",1,2020-06-08,563651708090,GS665,858,2017,E-002446
2447,1108,38,3a edicion,Compra,Fisico,F-60000,130704.66,2023-11-09,Biblioteca Central,Gutiérrez-Gómez,1,2025-09-20,591920255644,RE732,643,1977,E-002447
2448,1109,16,6a edicion,Compra,Fisico,F-36014,16292.74,2016-09-29,Sede Norte,Moreno-Pérez,1,2011-03-29,994386893561,MZ327,788,2001,E-002448
2449,1109,41,2a edicion,Compra,Fisico,F-84710,78786.56,2023-08-14,Sede Norte,Rivera-Estrada,2,2019-10-12,127163073381,UF725,823,2008,E-002449
2450,1110,2,3a edicion,Compra,Fisico,F-50676,55451.22,2024-05-13,Coordinacion Academica,Pérez-Ortega,1,2006-03-26,520601324785,HT539,607,1984,E-002450
2451,1110,3,4a edicion,Donacion,Fisico,F-15613,136806.65,2020-03-15,Sede Sur,"Pérez, Camargo and Gaviria",2,2014-12-18,905206002925,UE618,700,1994,E-002451
2452,1110,13,4a edicion,Compra,Fisico,F-36890,175210.54,2020-06-11,Sede Norte,Hernández Ltd,3,2020-02-20,162405513130,FA963,648,2001,E-002452
2453,1111,13,1a edicion,Suscripcion,Fisico,F-22237,115436.46,2021-07-06,Sede Norte,"López, Pacheco and Rodríguez",1,1993-01-10,608071458735,NT611,131,1984,E-002453
2454,1111,30,3a edicion,Compra,Fisico,F-61927,37870.43,2015-01-14,Coordinacion Academica,Torres and Sons,2,2022-09-16,309764035496,QI513,551,2015,E-002454
2455,1111,12,5a edicion,Compra,Fisico,F-81361,171326.6,2019-05-06,Biblioteca Central,Hernández-Salamanca,3,2023-05-18,512376009090,PV893,488,2008,E-002455
2456,1112,59,5a edicion,Compra,Fisico,F-73746,112018.92,2018-06-30,Sede Norte,Calderón PLC,1,2022-04-10,286270521229,ET657,768,2007,E-002456
2457,1112,21,5a edicion,Compra,Fisico,F-81556,143079.97,2022-08-07,Coordinacion Academica,Vera Group,2,2008-12-05,248592050599,KK260,726,1992,E-002457
2458,1112,43,5a edicion,Suscripcion,Fisico,F-68047,16384.03,2016-05-20,Biblioteca Central,Valencia LLC,3,1997-07-11,166819424370,WK643,297,1993,E-002458
2459,1112,47,1a edicion,Canje,Fisico,F-43879,57472.93,2020-12-13,Coordinacion Academica,Triana Inc,4,2016-01-24,729431667897,OK145,897,1991,E-002459
2460,1113,13,3a edicion,Suscripcion,Fisico,F-80672,77229.2,2022-10-05,Coordinacion Academica,Jaramillo-León,1,2014-07-14,911387981884,CG749,218,2009,E-002460
2461,1113,12,1a edicion,Donacion,Fisico,F-97813,179311.11,2022-09-17,Biblioteca Central,"Olaya, González and Rodríguez",2,2001-09-08,874908122821,MZ532,845,1999,E-002461
2462,1113,20,1a edicion,Canje,Fisico,F-89408,160883.49,2020-05-05,Sede Sur,Bustamante-Rojas,3,2023-04-30,801035602068,EF124,623,2021,E-002462
2463,1113,36,1a edicion,Donacion,Fisico,F-78686,43541.37,2025-12-10,Sede Sur,Chacón-Vanegas,4,2022-04-04,365604876020,EE549,189,2006,E-002463
2464,1114,34,4a edicion,Compra,Fisico,F-20524,70049.57,2025-09-15,Sede Sur,Cardona-Correa,1,2024-12-13,694795466080,GC751,180,2022,E-002464
2465,1115,13,6a edicion,Compra,Fisico,F-31900,175556.93,2016-05-04,Coordinacion Academica,Murcia-Mora,1,2023-06-20,472239039640,BM497,220,2021,E-002465
2466,1116,47,3a edicion,Donacion,Fisico,F-24576,96968.79,2021-02-08,Sede Norte,Oviedo-Ariza,1,2019-03-08,346744080224,AZ839,119,2013,E-002466
2467,1117,27,4a edicion,Donacion,Fisico,F-79189,65969.79,2015-02-27,Coordinacion Academica,Rodríguez-Velásquez,1,2024-09-17,402884760007,BH832,490,2014,E-002467
2468,1117,49,1a edicion,Canje,Fisico,F-68854,63559.91,2025-11-19,Coordinacion Academica,Bautista-Quintero,2,1991-08-11,225150684744,KF714,709,1991,E-002468
2469,1118,21,4a edicion,Canje,Fisico,F-26412,67155.77,2018-11-08,Sede Sur,"Mora, Suárez and Méndez",1,2021-11-07,388405718158,CX442,655,2007,E-002469
2470,1118,26,4a edicion,Donacion,Fisico,F-33416,109471.38,2015-08-13,Coordinacion Academica,Bedoya Ltd,2,2025-08-05,246724746699,JX835,510,2025,E-002470
2471,1118,18,1a edicion,Suscripcion,Fisico,F-13076,31317.37,2023-09-04,Sede Sur,Hernández Group,3,2018-10-25,349555696628,IA629,247,2005,E-002471
2472,1119,27,6a edicion,Donacion,Fisico,F-90759,37268.17,2017-04-11,Coordinacion Academica,"Jaimes, Mejía and Ocampo",1,2013-12-28,268095685648,LQ466,742,1989,E-002472
2473,1119,42,5a edicion,Suscripcion,Fisico,F-83793,83026.17,2019-10-31,Biblioteca Central,Osorio Group,2,2009-12-25,349367500160,EL469,491,1991,E-002473
2474,1120,36,1a edicion,Canje,Fisico,F-74305,122550.83,2015-11-21,Sede Sur,"Carmona, Sepúlveda and Osorio",1,2020-10-09,949683829554,FA693,244,1992,E-002474
2475,1120,31,2a edicion,Canje,Fisico,F-94872,80800.14,2015-08-03,Biblioteca Central,Vargas Group,2,2007-07-15,552809624298,GZ982,372,2001,E-002475
2476,1121,3,5a edicion,Suscripcion,Fisico,F-47321,114803.28,2015-05-29,Biblioteca Central,"Durán, Mosquera and Sanabria",1,2024-04-14,151566901493,ZM711,188,2015,E-002476
2477,1121,23,6a edicion,Canje,Fisico,F-54540,170556.64,2025-06-28,Sede Norte,Monroy-Padilla,2,2019-08-06,156000978776,JS198,565,2002,E-002477
2478,1121,55,4a edicion,Donacion,Fisico,F-74345,134984.5,2024-09-01,Sede Norte,Ortiz-Hurtado,3,2014-01-10,446374981496,US285,811,2008,E-002478
2479,1121,43,6a edicion,Suscripcion,Fisico,F-35887,24322.31,2023-09-05,Sede Norte,López and Sons,4,1998-03-31,216642059896,SW521,486,1983,E-002479
2480,1122,37,1a edicion,Compra,Fisico,F-68646,24754.46,2020-12-19,Coordinacion Academica,"Duarte, Zambrano and Velasco",1,2025-02-13,993859766984,WI606,175,2024,E-002480
2481,1122,59,3a edicion,Compra,Fisico,F-29244,74003.94,2025-08-29,Biblioteca Central,"Angulo, Muñoz and Caro",2,2018-01-03,398101420822,QN280,231,1988,E-002481
2482,1123,16,3a edicion,Canje,Fisico,F-64250,70841.21,2025-04-16,Coordinacion Academica,Fernández PLC,1,2012-07-16,854512814259,KK464,142,2001,E-002482
2483,1123,19,4a edicion,Suscripcion,Fisico,F-44522,28122.77,2019-08-12,Biblioteca Central,Gaviria PLC,2,2003-08-20,659019896430,WZ482,797,1995,E-002483
2484,1123,13,6a edicion,Suscripcion,Fisico,F-57074,113918.43,2025-02-04,Coordinacion Academica,"Rojas, Bravo and Guevara",3,2018-11-26,451856771286,NJ677,836,2011,E-002484
2485,1123,17,6a edicion,Compra,Fisico,F-55123,160464.62,2016-11-01,Sede Norte,Hernández Ltd,4,1988-08-30,352383875834,HS150,181,1986,E-002485
2486,1123,47,2a edicion,Compra,Fisico,F-42256,118484.42,2016-07-02,Coordinacion Academica,Santos-López,5,2012-04-12,875061142071,DF385,381,2000,E-002486
2487,1124,15,6a edicion,Donacion,Fisico,F-50512,71933.41,2020-02-14,Coordinacion Academica,"Vásquez, Rueda and Rangel",1,2003-03-13,649391512675,ZU809,738,1993,E-002487
2488,1124,57,6a edicion,Compra,Fisico,F-71924,170610.12,2016-06-14,Sede Sur,Durán Inc,2,2022-08-02,798517548287,KT882,482,2021,E-002488
2489,1125,10,6a edicion,Donacion,Fisico,F-48773,31957.79,2023-12-01,Biblioteca Central,Londoño-Herrera,1,2024-10-13,595682484730,IA742,891,2014,E-002489
2490,1125,2,1a edicion,Suscripcion,Fisico,F-48217,63108.59,2016-12-12,Sede Norte,Bermúdez and Sons,2,2017-11-02,725256786836,VO353,147,2017,E-002490
2491,1125,9,1a edicion,Donacion,Fisico,F-26599,84905.72,2020-09-03,Sede Sur,Villamizar-Ojeda,3,2010-08-25,765549878306,FE581,873,1999,E-002491
2492,1126,19,5a edicion,Compra,Fisico,F-54877,121136.92,2020-04-07,Biblioteca Central,Ayala PLC,1,2024-07-03,943366910763,WJ968,621,2024,E-002492
2493,1127,44,3a edicion,Suscripcion,Fisico,F-25332,122358.28,2023-08-23,Sede Norte,Suárez-Niño,1,2000-11-12,324570188148,UF371,361,1989,E-002493
2494,1127,45,1a edicion,Compra,Fisico,F-95499,50715.13,2025-07-17,Sede Norte,Medina-Cruz,2,2019-12-07,463315240092,QW724,744,1978,E-002494
2495,1127,21,4a edicion,Canje,Fisico,F-91183,18390.72,2020-04-19,Sede Norte,Martínez-Molina,3,2003-09-16,860195532519,QQ845,206,1993,E-002495
2496,1128,41,1a edicion,Compra,Fisico,F-61570,65913.62,2016-09-15,Biblioteca Central,Chávez and Sons,1,1988-04-16,825729746388,GO623,160,1985,E-002496
2497,1129,32,5a edicion,Donacion,Fisico,F-93315,175311.97,2015-08-01,Coordinacion Academica,"Franco, Bernal and Martínez",1,2025-06-16,503977063144,VR976,108,1991,E-002497
2498,1130,42,6a edicion,Compra,Fisico,F-62714,168886.06,2019-04-26,Sede Norte,Martínez-Guzmán,1,2022-04-28,586128030609,MW514,263,2014,E-002498
2499,1130,43,2a edicion,Donacion,Fisico,F-53871,89745.66,2015-01-14,Coordinacion Academica,Ojeda and Sons,2,2023-01-07,678129949577,WX153,341,1991,E-002499
2500,1131,33,5a edicion,Donacion,Fisico,F-89202,167560.62,2020-08-04,Coordinacion Academica,Escobar-Arias,1,2020-03-06,463627220943,JO266,797,1977,E-002500
2501,1131,40,5a edicion,Suscripcion,Fisico,F-60961,108342.54,2016-03-21,Sede Sur,"Gonzáles, Carvajal and Cardozo",2,2018-02-20,402202268265,IM374,190,2016,E-002501
2502,1131,35,6a edicion,Donacion,Fisico,F-57490,89641.73,2023-01-20,Sede Norte,Gallego LLC,3,2024-07-29,282653396531,QN509,230,2018,E-002502
2503,1132,27,3a edicion,Compra,Fisico,F-89072,134377.35,2018-07-08,Sede Norte,"Marín, Ortiz and Guevara",1,1985-01-09,590846300938,MG972,900,1976,E-002503
2504,1132,32,1a edicion,Canje,Fisico,F-53449,136204.78,2017-03-01,Sede Norte,"Ríos, Domínguez and Zuluaga",2,2025-08-15,592407689301,OE687,872,2009,E-002504
2505,1132,51,6a edicion,Donacion,Fisico,F-49158,149851.61,2018-09-11,Coordinacion Academica,Medina Inc,3,1992-03-13,172498441541,BR731,513,1989,E-002505
2506,1133,24,6a edicion,Compra,Fisico,F-24753,147433.63,2023-12-29,Biblioteca Central,Córdoba and Sons,1,2012-07-05,150620036902,NC275,590,2004,E-002506
2507,1133,20,6a edicion,Canje,Fisico,F-97860,166015.62,2024-09-26,Coordinacion Academica,Castillo-Rodríguez,2,2017-07-06,942055831004,NK105,439,2008,E-002507
2508,1133,9,3a edicion,Donacion,Fisico,F-95438,23812.18,2022-04-15,Coordinacion Academica,Galeano-Ardila,3,2010-07-21,203909350941,VQ728,796,1982,E-002508
2509,1134,54,4a edicion,Donacion,Fisico,F-82913,92164.57,2021-06-15,Sede Norte,Angarita-Valencia,1,2010-03-31,415671246117,VQ791,892,1988,E-002509
2510,1135,26,5a edicion,Suscripcion,Fisico,F-35484,29659.92,2023-05-18,Sede Sur,Ruiz-Espinosa,1,1994-01-11,835141715130,LP366,857,1986,E-002510
2511,1135,35,4a edicion,Donacion,Fisico,F-13445,88338.04,2020-01-02,Sede Norte,López-Paz,2,2025-04-16,206227009086,IP417,746,2025,E-002511
2512,1136,18,1a edicion,Suscripcion,Fisico,F-45411,67069.69,2022-08-11,Coordinacion Academica,Castro-Rodríguez,1,2022-10-29,796539803340,MQ369,765,2016,E-002512
2513,1137,37,6a edicion,Donacion,Fisico,F-68557,170306.78,2015-11-01,Sede Sur,Quintero-Mesa,1,1992-04-13,353074314261,NZ781,731,1992,E-002513
2514,1138,42,4a edicion,Compra,Fisico,F-98330,33118.34,2021-01-27,Sede Norte,"Ordóñez, Jiménez and Martínez",1,1996-03-31,195990692466,CN761,201,1996,E-002514
2515,1138,13,1a edicion,Suscripcion,Fisico,F-27115,179540.88,2020-05-07,Sede Sur,Romero-Valencia,2,2025-01-16,214156159395,EF380,364,2025,E-002515
2516,1139,28,1a edicion,Suscripcion,Fisico,F-70177,128238.99,2023-12-06,Biblioteca Central,Prieto-Muñoz,1,2016-08-01,202944480725,YQ837,420,1998,E-002516
2517,1139,16,3a edicion,Compra,Fisico,F-10132,177894.9,2019-05-26,Sede Sur,"Ávila, Saavedra and Rodríguez",2,2002-04-02,599685792706,ZG487,791,1978,E-002517
2518,1139,24,4a edicion,Suscripcion,Fisico,F-70028,160596.83,2023-02-18,Sede Norte,Contreras PLC,3,2014-09-13,806899860358,NA588,571,1994,E-002518
2519,1140,22,1a edicion,Suscripcion,Fisico,F-52523,116360.79,2023-11-20,Sede Norte,"Guevara, Perea and Fonseca",1,1985-04-06,367324360441,BX155,706,1980,E-002519
2520,1140,58,4a edicion,Donacion,Fisico,F-50713,130990.66,2022-02-19,Biblioteca Central,Cárdenas and Sons,2,2025-06-02,563271555535,NG957,180,2025,E-002520
2521,1140,15,4a edicion,Donacion,Fisico,F-52202,48633.6,2024-10-24,Sede Sur,Nieto LLC,3,2014-01-01,697708760682,ZI710,80,1999,E-002521
2522,1140,34,1a edicion,Suscripcion,Fisico,F-85862,48394.81,2025-06-24,Coordinacion Academica,Alarcón PLC,4,2021-11-28,487025654584,UN988,137,2006,E-002522
2523,1140,55,1a edicion,Suscripcion,Fisico,F-25958,80555.76,2015-08-12,Sede Norte,Pérez Ltd,5,2007-07-03,606248067420,KX159,419,2005,E-002523
2524,1141,8,4a edicion,Suscripcion,Fisico,F-89794,86072.38,2017-04-10,Biblioteca Central,Ríos Ltd,1,1997-04-24,733913216791,RH391,502,1992,E-002524
2525,1141,37,5a edicion,Suscripcion,Fisico,F-16381,105668.19,2018-01-15,Coordinacion Academica,Castrillón LLC,2,2004-06-12,176568088255,XC983,232,2003,E-002525
2526,1142,2,5a edicion,Suscripcion,Fisico,F-77774,66310.11,2020-04-05,Coordinacion Academica,Ortiz PLC,1,2011-11-29,722123919163,AS652,600,2007,E-002526
2527,1143,50,2a edicion,Suscripcion,Fisico,F-91490,81539.2,2020-12-15,Coordinacion Academica,Henao-Bravo,1,1995-06-25,853929502740,PT541,261,1984,E-002527
2528,1143,59,5a edicion,Donacion,Fisico,F-40714,17014.68,2023-09-28,Biblioteca Central,Salas-Villegas,2,2014-05-18,884131665730,SP550,146,2003,E-002528
2529,1143,32,3a edicion,Canje,Fisico,F-25159,149048.07,2017-03-07,Sede Norte,Sepúlveda LLC,3,2006-07-18,595573273972,ER978,235,1995,E-002529
2530,1143,6,1a edicion,Canje,Fisico,F-68468,141178.41,2020-11-07,Biblioteca Central,González-Morales,4,2024-09-09,118369675576,TI648,243,2021,E-002530
2531,1144,49,4a edicion,Canje,Fisico,F-94221,151926.36,2023-12-04,Biblioteca Central,"Rodríguez, Ruiz and Gómez",1,1999-03-07,364744844493,GL560,161,1986,E-002531
2532,1144,4,5a edicion,Canje,Fisico,F-93869,42665.64,2024-02-01,Sede Norte,Espinosa-Rincón,2,2015-08-18,218801641206,QA482,663,2001,E-002532
2533,1144,31,5a edicion,Compra,Fisico,F-25487,160527.8,2024-04-21,Biblioteca Central,"Ruiz, Bedoya and Posada",3,2011-07-31,217529968527,SI624,824,2001,E-002533
2534,1144,25,5a edicion,Compra,Fisico,F-46145,163946.2,2021-08-30,Biblioteca Central,"Rodríguez, Quintero and Salcedo",4,2000-08-25,573751487681,YR851,392,1979,E-002534
2535,1145,50,3a edicion,Compra,Fisico,F-22876,114799.93,2017-07-01,Sede Sur,Hernández Group,1,1993-09-09,271402631702,AF606,653,1991,E-002535
2536,1146,40,6a edicion,Donacion,Fisico,F-80111,113426.73,2015-03-28,Coordinacion Academica,"Garzón, Ortiz and Bernal",1,1986-07-08,847140547425,ZB151,735,1980,E-002536
2537,1146,5,3a edicion,Canje,Fisico,F-66216,162919.18,2019-10-14,Coordinacion Academica,Tamayo LLC,2,2025-06-11,212081539998,QT588,857,2002,E-002537
2538,1147,39,3a edicion,Donacion,Fisico,F-63638,161615.05,2020-04-04,Biblioteca Central,Quintero LLC,1,2021-06-19,473790141038,TA858,611,1984,E-002538
2539,1147,36,2a edicion,Canje,Fisico,F-11526,57065.97,2022-04-06,Coordinacion Academica,Ramírez-Álvarez,2,2023-12-07,883765077381,BH800,683,2022,E-002539
2540,1148,12,3a edicion,Compra,Fisico,F-40208,24688.77,2015-12-09,Sede Sur,Londoño Group,1,2016-09-19,920615779224,VO905,612,1995,E-002540
2541,1148,29,3a edicion,Suscripcion,Fisico,F-29966,128232.83,2021-11-06,Sede Sur,Gutiérrez-Mendoza,2,2005-02-22,561572603110,LT370,740,2001,E-002541
2542,1148,38,3a edicion,Donacion,Fisico,F-57565,27421.75,2021-06-03,Biblioteca Central,Arteaga-González,3,2005-04-08,108945343812,JC239,493,1981,E-002542
2543,1148,17,5a edicion,Donacion,Fisico,F-68073,166691.8,2020-06-14,Coordinacion Academica,"Maldonado, Daza and Chacón",4,1998-07-10,684351195952,VQ435,671,1989,E-002543
2544,1148,11,4a edicion,Donacion,Fisico,F-90871,123688.91,2019-01-16,Sede Sur,"Pérez, Rodríguez and Guzmán",5,2024-06-16,315881889768,XE810,364,1994,E-002544
2545,1149,6,2a edicion,Compra,Fisico,F-25822,66702.67,2024-08-14,Sede Sur,"Ruiz, Bedoya and Arboleda",1,2025-04-04,544431567937,WQ716,363,2025,E-002545
2546,1150,56,1a edicion,Donacion,Fisico,F-81521,140863.5,2019-01-24,Sede Sur,López-Salazar,1,2022-02-27,272865641050,HU309,561,2018,E-002546
2547,1150,33,2a edicion,Suscripcion,Fisico,F-25388,91369.51,2025-01-23,Sede Norte,Pérez Group,2,1998-08-17,451396232294,AX253,777,1998,E-002547
2548,1150,10,3a edicion,Donacion,Fisico,F-28972,30840.57,2017-04-17,Sede Sur,"Mosquera, Caicedo and Becerra",3,2022-06-21,915174831339,YI594,890,2020,E-002548
2549,1151,28,2a edicion,Compra,Fisico,F-35857,161269.16,2019-03-12,Biblioteca Central,Cruz Group,1,2016-08-14,559614396442,JQ826,345,2002,E-002549
2550,1151,50,3a edicion,Compra,Fisico,F-77963,43164.02,2025-01-02,Sede Sur,López Group,2,2022-08-27,619870001866,GW978,775,2019,E-002550
2551,1152,12,3a edicion,Canje,Fisico,F-67761,138502.15,2021-06-19,Sede Norte,Flórez and Sons,1,2016-07-02,906883870115,SG867,542,2008,E-002551
2552,1152,57,2a edicion,Canje,Fisico,F-70690,134451.52,2019-04-08,Biblioteca Central,"Parada, Ceballos and García",2,2014-05-18,166673253793,CZ476,440,1976,E-002552
2553,1153,27,2a edicion,Donacion,Fisico,F-97083,28644.67,2019-08-02,Coordinacion Academica,"Salgado, Bautista and López",1,2019-07-11,168805749580,RQ186,458,2018,E-002553
2554,1153,9,6a edicion,Suscripcion,Fisico,F-13205,178053.85,2017-05-30,Sede Sur,Jiménez and Sons,2,2025-02-18,206373358524,ML949,372,1987,E-002554
2555,1154,60,3a edicion,Suscripcion,Fisico,F-81410,99038.42,2022-07-30,Coordinacion Academica,Londoño-Peña,1,2024-05-21,908362426154,RS599,171,2003,E-002555
2556,1154,38,5a edicion,Suscripcion,Fisico,F-78814,20119.06,2024-01-26,Sede Sur,Saavedra and Sons,2,2009-09-20,655116675959,HE288,632,1990,E-002556
2557,1154,48,1a edicion,Donacion,Fisico,F-29665,123028.28,2023-09-16,Sede Norte,Vanegas-Torres,3,2024-05-08,825782692520,PD989,706,2012,E-002557
2558,1154,29,6a edicion,Canje,Fisico,F-94562,95308.92,2023-07-09,Coordinacion Academica,Pineda-Monroy,4,2013-10-22,985922170626,AE395,420,1999,E-002558
2559,1155,60,4a edicion,Donacion,Fisico,F-30079,16984.08,2025-10-26,Sede Norte,Torres Ltd,1,2018-09-04,408313909839,SB890,497,2015,E-002559
2560,1156,52,2a edicion,Suscripcion,Fisico,F-37485,100438.12,2020-01-08,Biblioteca Central,Toro Group,1,2021-01-06,845430232779,KI485,125,2018,E-002560
2561,1156,37,5a edicion,Donacion,Fisico,F-88489,58393.87,2015-11-01,Biblioteca Central,"Ríos, Henao and Martínez",2,2023-06-05,524992027817,RI773,621,2021,E-002561
2562,1156,47,2a edicion,Donacion,Fisico,F-59955,39041.02,2021-07-12,Coordinacion Academica,Bustamante-Murillo,3,2010-04-08,435070626615,WI810,269,1987,E-002562
2563,1157,51,1a edicion,Compra,Fisico,F-65248,122403.19,2022-02-09,Biblioteca Central,Pineda Group,1,2020-03-22,513864311901,NP712,421,1998,E-002563
2564,1157,49,4a edicion,Donacion,Fisico,F-92123,20702.73,2021-07-08,Coordinacion Academica,Álvarez-Vega,2,2023-04-18,429052481227,CR175,223,2016,E-002564
2565,1158,34,5a edicion,Compra,Fisico,F-81883,161781.25,2023-07-09,Coordinacion Academica,"Trujillo, Gómez and Cárdenas",1,2009-07-17,133339798204,GO637,150,1985,E-002565
2566,1159,7,3a edicion,Donacion,Fisico,F-62462,19235.07,2023-09-30,Coordinacion Academica,"Martínez, Orozco and Ruiz",1,2016-04-21,132260954279,TB619,745,1975,E-002566
2567,1160,33,3a edicion,Canje,Fisico,F-37449,147366.02,2020-06-21,Sede Norte,"Murillo, Arias and Ojeda",1,2024-11-08,223607318259,YW960,283,2010,E-002567
2568,1161,32,4a edicion,Suscripcion,Fisico,F-83278,143920.85,2017-07-05,Biblioteca Central,"Giraldo, Parra and Caicedo",1,2025-12-30,747316439602,QI177,780,2025,E-002568
2569,1162,15,5a edicion,Canje,Fisico,F-41547,22698.43,2021-08-18,Coordinacion Academica,"Molina, Peña and Silva",1,2005-04-24,462874107773,EA889,464,1978,E-002569
2570,1162,51,3a edicion,Donacion,Fisico,F-82787,35052.33,2023-07-07,Biblioteca Central,"Acosta, García and Moreno",2,2023-01-22,989340438429,MV638,844,2007,E-002570
2571,1162,30,2a edicion,Compra,Fisico,F-39936,32291.49,2016-10-15,Coordinacion Academica,Díaz Ltd,3,2011-04-07,780137298817,ZV808,531,2005,E-002571
2572,1162,1,2a edicion,Compra,Fisico,F-99920,50064.39,2016-06-28,Biblioteca Central,"Gómez, Gaitán and Daza",4,2011-05-23,681922203844,RZ216,538,1994,E-002572
2573,1163,12,6a edicion,Donacion,Fisico,F-74740,156242.58,2020-11-24,Biblioteca Central,"López, Chaparro and Jaimes",1,2003-09-02,189648366519,RQ645,405,1976,E-002573
2574,1163,2,4a edicion,Donacion,Fisico,F-44303,34197.51,2018-11-10,Sede Norte,"Giraldo, Hoyos and Castellanos",2,2017-09-28,601933468990,QY271,485,2014,E-002574
2575,1163,1,5a edicion,Canje,Fisico,F-22696,169140.71,2015-03-18,Biblioteca Central,Ayala Inc,3,1989-03-26,763399289849,UP774,265,1980,E-002575
2576,1164,26,6a edicion,Donacion,Fisico,F-35554,104631.07,2015-03-15,Biblioteca Central,Ceballos Group,1,1999-03-26,826774304407,WY559,112,1979,E-002576
2577,1164,55,5a edicion,Compra,Fisico,F-50859,15806.06,2024-09-15,Sede Sur,"Gómez, González and Cárdenas",2,1987-05-05,775977030527,EH496,164,1986,E-002577
2578,1164,53,4a edicion,Compra,Fisico,F-74924,38566.23,2020-07-03,Sede Norte,Patiño-Fernández,3,2022-08-25,791645756740,EM860,369,2020,E-002578
2579,1165,36,1a edicion,Suscripcion,Fisico,F-36830,128832.52,2024-12-13,Sede Sur,"Calderón, Moreno and Castro",1,2025-05-29,362975222553,WQ311,451,2019,E-002579
2580,1165,26,6a edicion,Donacion,Fisico,F-27307,68700.67,2015-10-07,Biblioteca Central,"Oviedo, Mendoza and Suárez",2,1986-01-19,734940208323,OB378,466,1976,E-002580
2581,1166,3,3a edicion,Compra,Fisico,F-54292,31581.64,2017-06-25,Sede Norte,Forero Inc,1,2011-06-24,748665982520,NP505,533,2006,E-002581
2582,1166,56,5a edicion,Donacion,Fisico,F-10015,93830.21,2016-01-18,Sede Norte,Cruz-Ávila,2,1989-06-21,724221818265,QZ746,776,1987,E-002582
2583,1166,22,2a edicion,Donacion,Fisico,F-16538,51678.91,2019-04-22,Sede Norte,"Leal, Orjuela and Ramírez",3,2019-08-12,499228740095,LW592,364,2001,E-002583
2584,1166,39,1a edicion,Canje,Fisico,F-12547,130924.18,2015-04-24,Sede Sur,Rodríguez-Reyes,4,1996-12-04,529934694586,HX245,778,1987,E-002584
2585,1167,6,6a edicion,Canje,Fisico,F-78093,54792.75,2016-05-11,Sede Sur,Castañeda Ltd,1,1999-12-19,496817734916,GD105,880,1998,E-002585
2586,1167,37,3a edicion,Canje,Fisico,F-76960,133240.63,2023-02-22,Sede Sur,Valencia-Barrera,2,1996-03-13,416723299278,VY758,245,1976,E-002586
2587,1168,49,6a edicion,Compra,Fisico,F-37998,42915.08,2016-01-24,Coordinacion Academica,Mendoza-Espitia,1,2009-05-14,486450582046,LE207,694,2007,E-002587
2588,1169,26,6a edicion,Compra,Fisico,F-24692,155521.21,2023-08-03,Sede Sur,"López, Acosta and Agudelo",1,2013-02-27,598355121679,XH451,202,2013,E-002588
2589,1169,60,2a edicion,Suscripcion,Fisico,F-72018,119609.61,2023-12-31,Biblioteca Central,"Castro, Pinto and Ortiz",2,2025-03-30,539291676196,JL196,480,2022,E-002589
2590,1170,44,6a edicion,Canje,Fisico,F-89180,126188.26,2018-11-17,Coordinacion Academica,"Montoya, López and García",1,2018-08-19,712618923900,CJ951,856,2017,E-002590
2591,1170,51,2a edicion,Compra,Fisico,F-10458,57420.08,2025-11-16,Coordinacion Academica,Angarita-Arango,2,2020-08-06,521883335170,WD901,769,2015,E-002591
2592,1171,25,3a edicion,Compra,Fisico,F-48203,144557.17,2023-02-07,Coordinacion Academica,Rubio Ltd,1,2014-11-20,852113187782,ZK696,528,1993,E-002592
2593,1172,5,3a edicion,Canje,Fisico,F-58261,73596.51,2025-09-25,Biblioteca Central,Ramírez PLC,1,2005-10-09,259127423820,OD743,712,1996,E-002593
2594,1172,47,5a edicion,Canje,Fisico,F-71665,47306.9,2018-07-14,Coordinacion Academica,Méndez-Medina,2,2014-04-07,247120997942,YR930,539,1976,E-002594
2595,1172,38,3a edicion,Donacion,Fisico,F-92468,30317.94,2025-09-12,Biblioteca Central,"García, Gómez and Henao",3,2020-07-23,673659423467,OT263,347,2019,E-002595
2596,1172,42,5a edicion,Compra,Fisico,F-66440,124727.33,2019-12-16,Biblioteca Central,Montoya-Arboleda,4,1997-07-17,560412378844,EH106,530,1995,E-002596
2597,1173,51,4a edicion,Compra,Fisico,F-32735,74895.89,2018-10-06,Sede Sur,"Quiroz, Cifuentes and Méndez",1,2007-05-01,826717717170,LN774,162,2006,E-002597
2598,1174,29,4a edicion,Donacion,Fisico,F-81563,19647.21,2021-06-17,Sede Sur,"Jiménez, Peña and Ortega",1,2022-07-11,637168397965,ZJ478,352,2022,E-002598
2599,1175,16,4a edicion,Compra,Fisico,F-82006,59246.74,2016-11-05,Biblioteca Central,Ceballos and Sons,1,2015-11-05,308072316385,YN728,289,1981,E-002599
2600,1175,55,5a edicion,Suscripcion,Fisico,F-92651,164127.87,2015-04-18,Sede Norte,"Zuluaga, Posada and Aguilar",2,2021-11-15,743391911571,CN533,747,1988,E-002600
2601,1175,28,1a edicion,Donacion,Fisico,F-60170,62007.13,2018-02-11,Coordinacion Academica,Cuesta PLC,3,2020-12-20,628280855645,KP485,345,2017,E-002601
2602,1176,11,3a edicion,Compra,Fisico,F-44273,167079.59,2015-08-26,Biblioteca Central,Uribe PLC,1,2014-02-26,439056035409,VG353,893,1997,E-002602
2603,1176,37,2a edicion,Canje,Fisico,F-12046,160303.96,2021-06-29,Sede Norte,Mosquera Group,2,2024-01-07,574656770832,LO222,88,2011,E-002603
2604,1177,22,1a edicion,Canje,Fisico,F-79299,126570.4,2016-09-19,Sede Sur,"Alarcón, Agudelo and Narváez",1,2025-03-14,468007736322,EV244,91,1997,E-002604
2605,1178,49,4a edicion,Canje,Fisico,F-25443,103559.23,2025-10-25,Biblioteca Central,Moreno-Palacios,1,2024-01-28,970000593381,RY974,621,2018,E-002605
2606,1179,34,2a edicion,Compra,Fisico,F-35527,17493.63,2019-11-09,Coordinacion Academica,"Rojas, Gómez and Ospina",1,2005-05-01,903223179425,CK786,634,1997,E-002606
2607,1180,36,5a edicion,Canje,Fisico,F-23710,136707.63,2022-02-23,Coordinacion Academica,"Arias, Rueda and Suárez",1,1998-05-14,969575907820,FH511,686,1978,E-002607
2608,1181,38,6a edicion,Compra,Fisico,F-12277,69182.99,2024-06-21,Coordinacion Academica,Pérez Inc,1,2019-09-24,211158695900,MX692,549,2019,E-002608
2609,1182,19,3a edicion,Canje,Fisico,F-46352,19042.32,2019-11-23,Biblioteca Central,García-Romero,1,2018-10-04,443123337013,XI353,602,1997,E-002609
2610,1183,14,5a edicion,Canje,Fisico,F-25262,142331.68,2025-05-19,Sede Sur,"Vargas, Mejía and Giraldo",1,2023-02-13,983668520954,OG481,503,2002,E-002610
2611,1183,39,3a edicion,Suscripcion,Fisico,F-31430,107927.37,2017-01-07,Coordinacion Academica,Jiménez-Flórez,2,2015-07-11,281361782889,PW833,567,2006,E-002611
2612,1184,32,1a edicion,Donacion,Fisico,F-93191,116606.93,2021-05-27,Biblioteca Central,Giraldo-Bonilla,1,2001-03-30,548078754394,LX515,863,1991,E-002612
2613,1185,5,6a edicion,Donacion,Fisico,F-35060,18474.44,2020-01-11,Coordinacion Academica,"Córdoba, Vásquez and Bernal",1,2004-10-28,815190924835,UP976,316,1981,E-002613
2614,1186,29,4a edicion,Compra,Fisico,F-92977,138508.67,2015-05-17,Sede Sur,Mena-Salgado,1,2022-05-16,893754408220,TD742,168,2011,E-002614
2615,1187,1,2a edicion,Canje,Fisico,F-41161,85580.4,2017-09-11,Coordinacion Academica,Martínez-Rodríguez,1,2022-10-10,899939173402,AF777,300,2005,E-002615
2616,1187,35,1a edicion,Compra,Fisico,F-19862,101712.72,2017-12-12,Sede Norte,García Ltd,2,2009-08-04,182838076932,DM292,432,2004,E-002616
2617,1188,8,4a edicion,Donacion,Fisico,F-26296,25787.62,2023-04-21,Sede Sur,"Caicedo, Jaimes and Valderrama",1,2021-01-20,518592951554,DH274,105,2005,E-002617
2618,1188,17,4a edicion,Suscripcion,Fisico,F-55063,66485.91,2018-02-23,Sede Sur,Velasco-Soto,2,2012-03-12,486253883126,MW912,507,2003,E-002618
2619,1188,58,2a edicion,Compra,Fisico,F-22807,143442.58,2020-09-27,Sede Sur,Rueda LLC,3,2014-04-12,295818096598,RG514,492,1994,E-002619
2620,1188,41,6a edicion,Compra,Fisico,F-81491,158249.21,2020-11-10,Sede Sur,"Reyes, Cardona and Rodríguez",4,2010-03-28,702255746274,ES299,126,1989,E-002620
2621,1189,24,4a edicion,Compra,Fisico,F-58958,163825.64,2015-02-10,Biblioteca Central,"Estrada, Lozano and Gutiérrez",1,2024-12-24,846852023488,UH911,350,2010,E-002621
2622,1190,40,1a edicion,Donacion,Fisico,F-47268,171420.65,2024-01-17,Sede Norte,Fuentes Inc,1,2022-05-03,677912531078,ZE900,254,2007,E-002622
2623,1190,30,2a edicion,Canje,Fisico,F-59484,20607.41,2025-07-14,Coordinacion Academica,Burgos-Acevedo,2,2004-12-10,938452907102,XA927,524,2002,E-002623
2624,1190,17,5a edicion,Donacion,Fisico,F-22279,100186.1,2017-02-17,Coordinacion Academica,"Bonilla, Orozco and Toro",3,1990-07-05,249941168893,FD881,235,1987,E-002624
2625,1190,34,6a edicion,Compra,Fisico,F-54480,16114.61,2017-07-27,Biblioteca Central,"Naranjo, Guerrero and Cárdenas",4,2016-07-08,678283796022,DT906,836,2012,E-002625
2626,1191,42,1a edicion,Suscripcion,Fisico,F-74236,83049.16,2021-07-06,Sede Norte,"Rivera, Guerrero and Mejía",1,2013-07-06,627101384747,CA302,654,2011,E-002626
2627,1192,52,1a edicion,Donacion,Fisico,F-72267,122080.94,2024-12-16,Sede Norte,Bolívar Ltd,1,2025-11-23,635306034904,MH929,792,2001,E-002627
2628,1192,7,5a edicion,Compra,Fisico,F-55266,163182.06,2022-05-23,Sede Norte,Pérez-Quiroga,2,2025-07-25,857482094682,BE615,627,2024,E-002628
2629,1192,60,2a edicion,Compra,Fisico,F-62104,95302.58,2019-07-30,Biblioteca Central,Hernández Ltd,3,1991-07-14,364791878649,HI350,595,1990,E-002629
2630,1193,49,5a edicion,Suscripcion,Fisico,F-11748,40499.18,2020-07-12,Sede Sur,"Fernández, Gómez and Maldonado",1,2023-08-28,615457799468,GX263,503,2021,E-002630
2631,1194,34,5a edicion,Compra,Fisico,F-54368,129647.68,2017-10-13,Biblioteca Central,Domínguez-Cortés,1,2020-10-24,630073906487,NP649,156,2018,E-002631
2632,1194,33,6a edicion,Donacion,Fisico,F-89899,119561.06,2021-09-30,Sede Sur,Garzón-Rodríguez,2,2009-10-28,799674685381,PO680,308,1986,E-002632
2633,1194,50,5a edicion,Donacion,Fisico,F-68725,121630.92,2020-10-18,Biblioteca Central,"García, Sánchez and Suárez",3,2023-04-29,565032837604,MD685,436,2023,E-002633
2634,1194,21,2a edicion,Suscripcion,Fisico,F-77709,135304.99,2017-09-22,Sede Norte,Jiménez-Garzón,4,2016-08-16,581219893445,GH271,727,1990,E-002634
2635,1195,7,6a edicion,Compra,Fisico,F-66598,146962.1,2022-07-15,Sede Norte,Martínez-Suárez,1,2016-04-17,997871442183,ML811,478,2007,E-002635
2636,1196,44,5a edicion,Canje,Fisico,F-74384,21172.15,2015-12-13,Sede Sur,Rangel-Hernández,1,1981-10-15,714826354221,ZM100,341,1976,E-002636
2637,1196,7,2a edicion,Compra,Fisico,F-36417,139951.42,2016-06-08,Sede Sur,González Group,2,2012-08-17,591982056859,HP414,595,1993,E-002637
2638,1197,53,4a edicion,Suscripcion,Fisico,F-19204,94141.8,2017-06-25,Sede Norte,Rivera Inc,1,1995-08-09,597347602266,SS570,497,1986,E-002638
2639,1198,40,6a edicion,Canje,Fisico,F-18685,131473.13,2019-07-28,Biblioteca Central,Galvis-Franco,1,2009-06-12,496969411357,TU891,565,2001,E-002639
2640,1199,38,5a edicion,Canje,Fisico,F-38744,173077.02,2019-08-28,Coordinacion Academica,Mosquera-Uribe,1,2023-08-19,881389797073,UF349,771,2019,E-002640
2641,1200,27,1a edicion,Canje,Fisico,F-39023,71537.87,2020-01-30,Coordinacion Academica,Duque-Rivera,1,2024-01-31,644234528221,IZ637,450,2022,E-002641
