id_libro,titulo,descripcion,portada_url,stock,ISBN,id_editorial
1,Guia Practica de Talento Humano,"Un texto practico que aborda los principios de Talento Humano, dirigido a estudiantes y profesionales del area. Incluye ejemplos practicos, casos de estudio y ejercicios para reforzar el aprendizaje.",https://covers.biblioteca.local/00001.jpg,1,978-1-151-86449-9,10
2,Salvaje Cielo,Un relato profundo sobre las relaciones humanas y el paso del tiempo. El autor construye un mundo lleno de detalles y matices inolvidables. Una historia que atrapa desde la primera pagina.,https://covers.biblioteca.local/00002.jpg,3,978-1-192-54629-3,17
3,Conceptos Clave de Edicion de Video,"Un texto practico que aborda los principios de Edicion de Video, dirigido a estudiantes y profesionales del area. Incluye ejemplos practicos, casos de estudio y ejercicios para reforzar el aprendizaje.",https://covers.biblioteca.local/00003.jpg,1,978-1-86528-168-1,7
4,Conceptos Clave de Desarrollo Web,"Un texto riguroso que aborda los principios de Desarrollo Web, dirigido a estudiantes y profesionales del area. Incluye ejemplos practicos, casos de estudio y ejercicios para reforzar el aprendizaje.",https://covers.biblioteca.local/00004.jpg,2,978-0-542-35733-6,30
5,Guia Practica de Agroecologia,"Un texto riguroso que aborda los principios de Agroecologia, dirigido a estudiantes y profesionales del area. Incluye ejemplos practicos, casos de estudio y ejercicios para reforzar el aprendizaje.",https://covers.biblioteca.local/00005.jpg,1,978-0-14-188805-7,20
6,Principios de Contabilidad Publica,"Un texto completo que aborda los principios de Contabilidad Publica, dirigido a estudiantes y profesionales del area. Incluye ejemplos practicos, casos de estudio y ejercicios para reforzar el aprendizaje.",https://covers.biblioteca.local/00006.jpg,1,978-1-222-92706-1,25
7,Puente infinito,El autor construye un mundo lleno de detalles y matices inolvidables. La narracion se despliega entre distintos escenarios y epocas.,https://covers.biblioteca.local/00007.jpg,3,978-0-7947-3834-1,7
8,Manual de Ingenieria de Software,"Un texto aplicado que aborda los principios de Ingenieria de Software, dirigido a estudiantes y profesionales del area. Incluye ejemplos practicos, casos de estudio y ejercicios para reforzar el aprendizaje.",https://covers.biblioteca.local/00008.jpg,1,978-0-597-74688-8,29
9,Principios de Liderazgo Organizacional,"Un texto actualizado que aborda los principios de Liderazgo Organizacional, dirigido a estudiantes y profesionales del area. Incluye ejemplos practicos, casos de estudio y ejercicios para reforzar el aprendizaje.",https://covers.biblioteca.local/00009.jpg,3,978-0-392-40758-8,35
10,Conceptos Clave de Liderazgo Organizacional,"Un texto didactico que aborda los principios de Liderazgo Organizacional, dirigido a estudiantes y profesionales del area. Incluye ejemplos practicos, casos de estudio y ejercicios para reforzar el aprendizaje.",https://covers.biblioteca.local/00010.jpg,3,978-0-412-47826-0,6
11,Bases de Sistemas de Riego,"Un texto actualizado que aborda los principios de Sistemas de Riego, dirigido a estudiantes y profesionales del area. Incluye ejemplos practicos, casos de estudio y ejercicios para reforzar el aprendizaje.",https://covers.biblioteca.local/00011.jpg,2,978-0-7506-0685-1,14
12,Guia Practica de Contabilidad Tributaria,"Un texto aplicado que aborda los principios de Contabilidad Tributaria, dirigido a estudiantes y profesionales del area. Incluye ejemplos practicos, casos de estudio y ejercicios para reforzar el aprendizaje.",https://covers.biblioteca.local/00012.jpg,2,978-1-153-05152-1,10
13,Guia Practica de Gestion de la Calidad,"Un texto completo que aborda los principios de Gestion de la Calidad, dirigido a estudiantes y profesionales del area. Incluye ejemplos practicos, casos de estudio y ejercicios para reforzar el aprendizaje.",https://covers.biblioteca.local/00013.jpg,2,978-0-472-77901-7,9
14,El Puente del mar,"Una historia que atrapa desde la primera pagina. La obra explora temas de identidad, perdida y esperanza. Los personajes enfrentan decisiones que cambiaran su destino para siempre.",https://covers.biblioteca.local/00014.jpg,1,978-1-328-98614-6,4
15,Infinito Corazon,Un texto imprescindible para comprender las tensiones de su tiempo. Un relato profundo sobre las relaciones humanas y el paso del tiempo.,https://covers.biblioteca.local/00015.jpg,1,978-1-103-69711-3,31
16,Conceptos Clave de Contabilidad Publica,"Un texto actualizado que aborda los principios de Contabilidad Publica, dirigido a estudiantes y profesionales del area. Incluye ejemplos practicos, casos de estudio y ejercicios para reforzar el aprendizaje.",https://covers.biblioteca.local/00016.jpg,1,978-0-89324-609-9,15
17,Manual de Talento Humano,"Un texto actualizado que aborda los principios de Talento Humano, dirigido a estudiantes y profesionales del area. Incluye ejemplos practicos, casos de estudio y ejercicios para reforzar el aprendizaje.",https://covers.biblioteca.local/00017.jpg,1,978-0-9621851-8-2,31
18,Fundamentos de Auditoria,"Un texto completo que aborda los principios de Auditoria, dirigido a estudiantes y profesionales del area. Incluye ejemplos practicos, casos de estudio y ejercicios para reforzar el aprendizaje.",https://covers.biblioteca.local/00018.jpg,3,978-1-70654-051-9,6
19,Fundamentos de Nutricion Animal,"Un texto didactico que aborda los principios de Nutricion Animal, dirigido a estudiantes y profesionales del area. Incluye ejemplos practicos, casos de estudio y ejercicios para reforzar el aprendizaje.",https://covers.biblioteca.local/00019.jpg,3,978-0-19-520585-5,38
20,Conceptos Clave de Comercio Internacional,"Un texto aplicado que aborda los principios de Comercio Internacional, dirigido a estudiantes y profesionales del area. Incluye ejemplos practicos, casos de estudio y ejercicios para reforzar el aprendizaje.",https://covers.biblioteca.local/00020.jpg,1,978-1-72217-043-1,28
21,Fundamentos de Zootecnia,"Un texto completo que aborda los principios de Zootecnia, dirigido a estudiantes y profesionales del area. Incluye ejemplos practicos, casos de estudio y ejercicios para reforzar el aprendizaje.",https://covers.biblioteca.local/00021.jpg,1,978-0-05-486874-0,15
22,Fundamentos de Planeacion Estrategica,"Un texto actualizado que aborda los principios de Planeacion Estrategica, dirigido a estudiantes y profesionales del area. Incluye ejemplos practicos, casos de estudio y ejercicios para reforzar el aprendizaje.",https://covers.biblioteca.local/00022.jpg,3,978-0-450-54156-8,28
23,Arquitectura de Software para Profesionales,"Un texto riguroso que aborda los principios de Arquitectura de Software, dirigido a estudiantes y profesionales del area. Incluye ejemplos practicos, casos de estudio y ejercicios para reforzar el aprendizaje.",https://covers.biblioteca.local/00023.jpg,1,978-1-65277-584-3,5
24,El Rio de silencio,Un texto imprescindible para comprender las tensiones de su tiempo. Una reflexion sobre la sociedad contemporanea contada con maestria.,https://covers.biblioteca.local/00024.jpg,1,978-1-169-28451-7,9
25,Gestion Empresarial para Profesionales,"Un texto actualizado que aborda los principios de Gestion Empresarial, dirigido a estudiantes y profesionales del area. Incluye ejemplos practicos, casos de estudio y ejercicios para reforzar el aprendizaje.",https://covers.biblioteca.local/00025.jpg,1,978-1-4479-6275-5,23
26,Sistemas Operativos para Profesionales,"Un texto didactico que aborda los principios de Sistemas Operativos, dirigido a estudiantes y profesionales del area. Incluye ejemplos practicos, casos de estudio y ejercicios para reforzar el aprendizaje.",https://covers.biblioteca.local/00026.jpg,3,978-0-596-40165-8,33
27,Manual de Contabilidad Publica,"Un texto completo que aborda los principios de Contabilidad Publica, dirigido a estudiantes y profesionales del area. Incluye ejemplos practicos, casos de estudio y ejercicios para reforzar el aprendizaje.",https://covers.biblioteca.local/00027.jpg,2,978-0-297-02135-3,36
28,Algoritmos para Profesionales,"Un texto practico que aborda los principios de Algoritmos, dirigido a estudiantes y profesionales del area. Incluye ejemplos practicos, casos de estudio y ejercicios para reforzar el aprendizaje.",https://covers.biblioteca.local/00028.jpg,2,978-1-909275-57-7,40
29,Talento Humano para Profesionales,"Un texto didactico que aborda los principios de Talento Humano, dirigido a estudiantes y profesionales del area. Incluye ejemplos practicos, casos de estudio y ejercicios para reforzar el aprendizaje.",https://covers.biblioteca.local/00029.jpg,1,978-0-85654-310-4,20
30,Guia Practica de Agroecologia,"Un texto practico que aborda los principios de Agroecologia, dirigido a estudiantes y profesionales del area. Incluye ejemplos practicos, casos de estudio y ejercicios para reforzar el aprendizaje.",https://covers.biblioteca.local/00030.jpg,3,978-1-86814-473-0,26
31,Ilustracion Digital Aplicada,"Un texto aplicado que aborda los principios de Ilustracion Digital, dirigido a estudiantes y profesionales del area. Incluye ejemplos practicos, casos de estudio y ejercicios para reforzar el aprendizaje.",https://covers.biblioteca.local/00031.jpg,2,978-1-312-17271-5,14
32,Manual de Sanidad Animal,"Un texto aplicado que aborda los principios de Sanidad Animal, dirigido a estudiantes y profesionales del area. Incluye ejemplos practicos, casos de estudio y ejercicios para reforzar el aprendizaje.",https://covers.biblioteca.local/00032.jpg,1,978-1-188-44225-7,21
33,Contabilidad Financiera Aplicada,"Un texto riguroso que aborda los principios de Contabilidad Financiera, dirigido a estudiantes y profesionales del area. Incluye ejemplos practicos, casos de estudio y ejercicios para reforzar el aprendizaje.",https://covers.biblioteca.local/00033.jpg,2,978-0-323-70589-9,18
34,Guia Practica de Cultivos Tropicales,"Un texto aplicado que aborda los principios de Cultivos Tropicales, dirigido a estudiantes y profesionales del area. Incluye ejemplos practicos, casos de estudio y ejercicios para reforzar el aprendizaje.",https://covers.biblioteca.local/00034.jpg,2,978-1-82911-467-3,18
35,Redes de Computadores para Profesionales,"Un texto practico que aborda los principios de Redes de Computadores, dirigido a estudiantes y profesionales del area. Incluye ejemplos practicos, casos de estudio y ejercicios para reforzar el aprendizaje.",https://covers.biblioteca.local/00035.jpg,1,978-1-912517-78-7,38
36,Cultivos Tropicales Aplicada,"Un texto riguroso que aborda los principios de Cultivos Tropicales, dirigido a estudiantes y profesionales del area. Incluye ejemplos practicos, casos de estudio y ejercicios para reforzar el aprendizaje.",https://covers.biblioteca.local/00036.jpg,3,978-0-89226-801-6,39
37,Auditoria para Profesionales,"Un texto completo que aborda los principios de Auditoria, dirigido a estudiantes y profesionales del area. Incluye ejemplos practicos, casos de estudio y ejercicios para reforzar el aprendizaje.",https://covers.biblioteca.local/00037.jpg,3,978-1-225-35841-1,19
38,Animacion Digital: teoria y practica,"Un texto completo que aborda los principios de Animacion Digital, dirigido a estudiantes y profesionales del area. Incluye ejemplos practicos, casos de estudio y ejercicios para reforzar el aprendizaje.",https://covers.biblioteca.local/00038.jpg,1,978-0-8424-9818-0,35
39,Introduccion a Analisis Financiero,"Un texto riguroso que aborda los principios de Analisis Financiero, dirigido a estudiantes y profesionales del area. Incluye ejemplos practicos, casos de estudio y ejercicios para reforzar el aprendizaje.",https://covers.biblioteca.local/00039.jpg,4,978-0-299-59001-7,28
40,El Destino de laberinto,Un clasico recomendado para lectores de todas las edades. El autor construye un mundo lleno de detalles y matices inolvidables. La narracion se despliega entre distintos escenarios y epocas.,https://covers.biblioteca.local/00040.jpg,2,978-1-396-90784-5,19
41,Planeacion Estrategica para Profesionales,"Un texto actualizado que aborda los principios de Planeacion Estrategica, dirigido a estudiantes y profesionales del area. Incluye ejemplos practicos, casos de estudio y ejercicios para reforzar el aprendizaje.",https://covers.biblioteca.local/00041.jpg,1,978-1-364-71027-9,24
42,Guia Practica de Gestion de la Calidad,"Un texto riguroso que aborda los principios de Gestion de la Calidad, dirigido a estudiantes y profesionales del area. Incluye ejemplos practicos, casos de estudio y ejercicios para reforzar el aprendizaje.",https://covers.biblioteca.local/00042.jpg,2,978-1-7359255-5-4,6
43,Principios de Diseno Web,"Un texto aplicado que aborda los principios de Diseno Web, dirigido a estudiantes y profesionales del area. Incluye ejemplos practicos, casos de estudio y ejercicios para reforzar el aprendizaje.",https://covers.biblioteca.local/00043.jpg,2,978-0-588-15371-8,5
44,El Corazon sin viaje,"Una reflexion sobre la sociedad contemporanea contada con maestria. La narracion se despliega entre distintos escenarios y epocas. La obra explora temas de identidad, perdida y esperanza.",https://covers.biblioteca.local/00044.jpg,3,978-1-321-04696-0,16
45,Normas Internacionales de Informacion Financiera (NIIF) Aplicada,"Un texto actualizado que aborda los principios de Normas Internacionales de Informacion Financiera (NIIF), dirigido a estudiantes y profesionales del area. Incluye ejemplos practicos, casos de estudio y ejercicios para reforzar el aprendizaje.",https://covers.biblioteca.local/00045.jpg,1,978-0-595-32787-4,5
46,Principios de Normas Internacionales de Informacion Financiera (NIIF),"Un texto actualizado que aborda los principios de Normas Internacionales de Informacion Financiera (NIIF), dirigido a estudiantes y profesionales del area. Incluye ejemplos practicos, casos de estudio y ejercicios para reforzar el aprendizaje.",https://covers.biblioteca.local/00046.jpg,1,978-1-70168-733-2,21
47,Diseno UX/UI para Profesionales,"Un texto practico que aborda los principios de Diseno UX/UI, dirigido a estudiantes y profesionales del area. Incluye ejemplos practicos, casos de estudio y ejercicios para reforzar el aprendizaje.",https://covers.biblioteca.local/00047.jpg,1,978-0-04-797480-9,18
48,Inteligencia Artificial para Profesionales,"Un texto riguroso que aborda los principios de Inteligencia Artificial, dirigido a estudiantes y profesionales del area. Incluye ejemplos practicos, casos de estudio y ejercicios para reforzar el aprendizaje.",https://covers.biblioteca.local/00048.jpg,4,978-1-245-65060-1,4
49,Guia Practica de Talento Humano,"Un texto practico que aborda los principios de Talento Humano, dirigido a estudiantes y profesionales del area. Incluye ejemplos practicos, casos de estudio y ejercicios para reforzar el aprendizaje.",https://covers.biblioteca.local/00049.jpg,3,978-1-84168-784-1,33
50,Introduccion a Gestion Empresarial,"Un texto actualizado que aborda los principios de Gestion Empresarial, dirigido a estudiantes y profesionales del area. Incluye ejemplos practicos, casos de estudio y ejercicios para reforzar el aprendizaje.",https://covers.biblioteca.local/00050.jpg,3,978-0-16-558523-9,21
51,Guia Practica de Gestion Empresarial,"Un texto riguroso que aborda los principios de Gestion Empresarial, dirigido a estudiantes y profesionales del area. Incluye ejemplos practicos, casos de estudio y ejercicios para reforzar el aprendizaje.",https://covers.biblioteca.local/00051.jpg,1,978-0-00-257872-1,22
52,El Corazon tras reino,"Un viaje narrativo que combina emocion e intriga en cada capitulo. Una trama envolvente que mezcla drama, misterio y superacion personal.",https://covers.biblioteca.local/00052.jpg,3,978-1-952694-95-0,29
53,Guia Practica de Contabilidad Financiera,"Un texto actualizado que aborda los principios de Contabilidad Financiera, dirigido a estudiantes y profesionales del area. Incluye ejemplos practicos, casos de estudio y ejercicios para reforzar el aprendizaje.",https://covers.biblioteca.local/00053.jpg,1,978-1-70551-694-2,39
54,Sanidad Animal Aplicada,"Un texto completo que aborda los principios de Sanidad Animal, dirigido a estudiantes y profesionales del area. Incluye ejemplos practicos, casos de estudio y ejercicios para reforzar el aprendizaje.",https://covers.biblioteca.local/00054.jpg,4,978-1-4993-0972-0,36
55,Espejo invisible,Una reflexion sobre la sociedad contemporanea contada con maestria. Un relato profundo sobre las relaciones humanas y el paso del tiempo.,https://covers.biblioteca.local/00055.jpg,2,978-0-309-13075-2,38
56,Antiguo Espejo,"La obra explora temas de identidad, perdida y esperanza. Un clasico recomendado para lectores de todas las edades. Un relato profundo sobre las relaciones humanas y el paso del tiempo.",https://covers.biblioteca.local/00056.jpg,5,978-0-636-89702-1,20
57,Guia Practica de Produccion Agricola,"Un texto practico que aborda los principios de Produccion Agricola, dirigido a estudiantes y profesionales del area. Incluye ejemplos practicos, casos de estudio y ejercicios para reforzar el aprendizaje.",https://covers.biblioteca.local/00057.jpg,3,978-1-78652-785-1,34
58,Guia Practica de Realidad Aumentada,"Un texto completo que aborda los principios de Realidad Aumentada, dirigido a estudiantes y profesionales del area. Incluye ejemplos practicos, casos de estudio y ejercicios para reforzar el aprendizaje.",https://covers.biblioteca.local/00058.jpg,5,978-1-9733-4843-6,12
59,Planeacion Estrategica: teoria y practica,"Un texto actualizado que aborda los principios de Planeacion Estrategica, dirigido a estudiantes y profesionales del area. Incluye ejemplos practicos, casos de estudio y ejercicios para reforzar el aprendizaje.",https://covers.biblioteca.local/00059.jpg,3,978-1-375-75844-4,10
60,Principios de Redes de Computadores,"Un texto practico que aborda los principios de Redes de Computadores, dirigido a estudiantes y profesionales del area. Incluye ejemplos practicos, casos de estudio y ejercicios para reforzar el aprendizaje.",https://covers.biblioteca.local/00060.jpg,2,978-1-65240-415-6,40
61,Introduccion a Produccion Agricola,"Un texto completo que aborda los principios de Produccion Agricola, dirigido a estudiantes y profesionales del area. Incluye ejemplos practicos, casos de estudio y ejercicios para reforzar el aprendizaje.",https://covers.biblioteca.local/00061.jpg,2,978-1-7338484-2-8,11
62,Camino infinito,"La narracion se despliega entre distintos escenarios y epocas. Un viaje narrativo que combina emocion e intriga en cada capitulo. Una trama envolvente que mezcla drama, misterio y superacion personal.",https://covers.biblioteca.local/00062.jpg,5,978-0-308-33016-0,40
63,La destino del cielo,"Los personajes enfrentan decisiones que cambiaran su destino para siempre. Una trama envolvente que mezcla drama, misterio y superacion personal.",https://covers.biblioteca.local/00063.jpg,1,978-1-120-82677-0,13
64,Contabilidad Publica para Profesionales,"Un texto actualizado que aborda los principios de Contabilidad Publica, dirigido a estudiantes y profesionales del area. Incluye ejemplos practicos, casos de estudio y ejercicios para reforzar el aprendizaje.",https://covers.biblioteca.local/00064.jpg,1,978-1-5401-9380-3,34
65,Reino roto,Los personajes enfrentan decisiones que cambiaran su destino para siempre. Una historia que atrapa desde la primera pagina.,https://covers.biblioteca.local/00065.jpg,1,978-1-206-72400-6,31
66,La cielo de legado,Los personajes enfrentan decisiones que cambiaran su destino para siempre. Un relato profundo sobre las relaciones humanas y el paso del tiempo.,https://covers.biblioteca.local/00066.jpg,1,978-0-547-88728-9,11
67,Sistemas de Riego Aplicada,"Un texto completo que aborda los principios de Sistemas de Riego, dirigido a estudiantes y profesionales del area. Incluye ejemplos practicos, casos de estudio y ejercicios para reforzar el aprendizaje.",https://covers.biblioteca.local/00067.jpg,4,978-1-315-27420-1,23
68,Principios de Realidad Aumentada,"Un texto riguroso que aborda los principios de Realidad Aumentada, dirigido a estudiantes y profesionales del area. Incluye ejemplos practicos, casos de estudio y ejercicios para reforzar el aprendizaje.",https://covers.biblioteca.local/00068.jpg,3,978-1-932966-85-5,24
69,Arquitectura de Software Aplicada,"Un texto aplicado que aborda los principios de Arquitectura de Software, dirigido a estudiantes y profesionales del area. Incluye ejemplos practicos, casos de estudio y ejercicios para reforzar el aprendizaje.",https://covers.biblioteca.local/00069.jpg,1,978-1-122-75304-3,22
70,Manual de Comercio Internacional,"Un texto completo que aborda los principios de Comercio Internacional, dirigido a estudiantes y profesionales del area. Incluye ejemplos practicos, casos de estudio y ejercicios para reforzar el aprendizaje.",https://covers.biblioteca.local/00070.jpg,2,978-0-7454-9904-8,29
71,Fundamentos de Bases de Datos,"Un texto completo que aborda los principios de Bases de Datos, dirigido a estudiantes y profesionales del area. Incluye ejemplos practicos, casos de estudio y ejercicios para reforzar el aprendizaje.",https://covers.biblioteca.local/00071.jpg,3,978-0-01-742684-0,39
72,Conceptos Clave de Zootecnia,"Un texto completo que aborda los principios de Zootecnia, dirigido a estudiantes y profesionales del area. Incluye ejemplos practicos, casos de estudio y ejercicios para reforzar el aprendizaje.",https://covers.biblioteca.local/00072.jpg,2,978-1-59332-727-9,4
73,Guia Practica de Gestion Empresarial,"Un texto practico que aborda los principios de Gestion Empresarial, dirigido a estudiantes y profesionales del area. Incluye ejemplos practicos, casos de estudio y ejercicios para reforzar el aprendizaje.",https://covers.biblioteca.local/00073.jpg,3,978-1-878339-18-8,39
74,Introduccion a Zootecnia,"Un texto didactico que aborda los principios de Zootecnia, dirigido a estudiantes y profesionales del area. Incluye ejemplos practicos, casos de estudio y ejercicios para reforzar el aprendizaje.",https://covers.biblioteca.local/00074.jpg,3,978-1-191-08839-8,19
75,Bases de Diseno Web,"Un texto practico que aborda los principios de Diseno Web, dirigido a estudiantes y profesionales del area. Incluye ejemplos practicos, casos de estudio y ejercicios para reforzar el aprendizaje.",https://covers.biblioteca.local/00075.jpg,2,978-0-587-13971-3,12
76,Gerencia de Proyectos Aplicada,"Un texto actualizado que aborda los principios de Gerencia de Proyectos, dirigido a estudiantes y profesionales del area. Incluye ejemplos practicos, casos de estudio y ejercicios para reforzar el aprendizaje.",https://covers.biblioteca.local/00076.jpg,3,978-0-7286-7908-5,3
77,Bases de Ciberseguridad,"Un texto completo que aborda los principios de Ciberseguridad, dirigido a estudiantes y profesionales del area. Incluye ejemplos practicos, casos de estudio y ejercicios para reforzar el aprendizaje.",https://covers.biblioteca.local/00077.jpg,2,978-1-06-403910-6,23
78,Eterno Mar,"La obra explora temas de identidad, perdida y esperanza. Una historia que atrapa desde la primera pagina. Una reflexion sobre la sociedad contemporanea contada con maestria.",https://covers.biblioteca.local/00078.jpg,2,978-1-180-17046-2,35
79,Estados Financieros para Profesionales,"Un texto aplicado que aborda los principios de Estados Financieros, dirigido a estudiantes y profesionales del area. Incluye ejemplos practicos, casos de estudio y ejercicios para reforzar el aprendizaje.",https://covers.biblioteca.local/00079.jpg,1,978-0-656-76618-5,9
80,Guia Practica de Sistemas de Riego,"Un texto riguroso que aborda los principios de Sistemas de Riego, dirigido a estudiantes y profesionales del area. Incluye ejemplos practicos, casos de estudio y ejercicios para reforzar el aprendizaje.",https://covers.biblioteca.local/00080.jpg,2,978-1-128-68230-9,3
81,Guia Practica de Gerencia de Proyectos,"Un texto completo que aborda los principios de Gerencia de Proyectos, dirigido a estudiantes y profesionales del area. Incluye ejemplos practicos, casos de estudio y ejercicios para reforzar el aprendizaje.",https://covers.biblioteca.local/00081.jpg,3,978-1-78686-337-9,19
82,Arquitectura de Software Aplicada,"Un texto aplicado que aborda los principios de Arquitectura de Software, dirigido a estudiantes y profesionales del area. Incluye ejemplos practicos, casos de estudio y ejercicios para reforzar el aprendizaje.",https://covers.biblioteca.local/00082.jpg,3,978-0-431-06903-6,26
83,Introduccion a Talento Humano,"Un texto riguroso que aborda los principios de Talento Humano, dirigido a estudiantes y profesionales del area. Incluye ejemplos practicos, casos de estudio y ejercicios para reforzar el aprendizaje.",https://covers.biblioteca.local/00083.jpg,2,978-0-19-079030-1,24
84,Guia Practica de Estados Financieros,"Un texto didactico que aborda los principios de Estados Financieros, dirigido a estudiantes y profesionales del area. Incluye ejemplos practicos, casos de estudio y ejercicios para reforzar el aprendizaje.",https://covers.biblioteca.local/00084.jpg,5,978-1-383-02843-0,12
85,Guia Practica de Algoritmos,"Un texto completo que aborda los principios de Algoritmos, dirigido a estudiantes y profesionales del area. Incluye ejemplos practicos, casos de estudio y ejercicios para reforzar el aprendizaje.",https://covers.biblioteca.local/00085.jpg,2,978-1-342-83644-1,29
86,Manual de Agroecologia,"Un texto actualizado que aborda los principios de Agroecologia, dirigido a estudiantes y profesionales del area. Incluye ejemplos practicos, casos de estudio y ejercicios para reforzar el aprendizaje.",https://covers.biblioteca.local/00086.jpg,2,978-0-687-05685-9,40
87,Conceptos Clave de Marketing Estrategico,"Un texto practico que aborda los principios de Marketing Estrategico, dirigido a estudiantes y profesionales del area. Incluye ejemplos practicos, casos de estudio y ejercicios para reforzar el aprendizaje.",https://covers.biblioteca.local/00087.jpg,1,978-1-246-28733-2,26
88,Algoritmos: teoria y practica,"Un texto completo que aborda los principios de Algoritmos, dirigido a estudiantes y profesionales del area. Incluye ejemplos practicos, casos de estudio y ejercicios para reforzar el aprendizaje.",https://covers.biblioteca.local/00088.jpg,1,978-0-7086-6882-5,39
89,Camino perdido,Un viaje narrativo que combina emocion e intriga en cada capitulo. La narracion se despliega entre distintos escenarios y epocas.,https://covers.biblioteca.local/00089.jpg,4,978-0-435-17518-4,24
90,Introduccion a Produccion Pecuaria,"Un texto actualizado que aborda los principios de Produccion Pecuaria, dirigido a estudiantes y profesionales del area. Incluye ejemplos practicos, casos de estudio y ejercicios para reforzar el aprendizaje.",https://covers.biblioteca.local/00090.jpg,1,978-0-469-90139-1,24
91,Fundamentos de Edicion de Video,"Un texto riguroso que aborda los principios de Edicion de Video, dirigido a estudiantes y profesionales del area. Incluye ejemplos practicos, casos de estudio y ejercicios para reforzar el aprendizaje.",https://covers.biblioteca.local/00091.jpg,2,978-1-354-03317-3,26
92,Manejo de Cultivos Aplicada,"Un texto riguroso que aborda los principios de Manejo de Cultivos, dirigido a estudiantes y profesionales del area. Incluye ejemplos practicos, casos de estudio y ejercicios para reforzar el aprendizaje.",https://covers.biblioteca.local/00092.jpg,1,978-0-638-54678-1,32
93,Conceptos Clave de Estados Financieros,"Un texto aplicado que aborda los principios de Estados Financieros, dirigido a estudiantes y profesionales del area. Incluye ejemplos practicos, casos de estudio y ejercicios para reforzar el aprendizaje.",https://covers.biblioteca.local/00093.jpg,5,978-1-4587-7175-9,40
94,La legado y el viaje,"La obra explora temas de identidad, perdida y esperanza. Un relato profundo sobre las relaciones humanas y el paso del tiempo.",https://covers.biblioteca.local/00094.jpg,4,978-1-56093-204-8,29
95,Introduccion a Arquitectura de Software,"Un texto riguroso que aborda los principios de Arquitectura de Software, dirigido a estudiantes y profesionales del area. Incluye ejemplos practicos, casos de estudio y ejercicios para reforzar el aprendizaje.",https://covers.biblioteca.local/00095.jpg,1,978-1-235-36937-7,36
96,Sistemas Operativos: teoria y practica,"Un texto aplicado que aborda los principios de Sistemas Operativos, dirigido a estudiantes y profesionales del area. Incluye ejemplos practicos, casos de estudio y ejercicios para reforzar el aprendizaje.",https://covers.biblioteca.local/00096.jpg,1,978-1-77725-228-1,15
97,El Viaje del secreto,Una historia que atrapa desde la primera pagina. Una reflexion sobre la sociedad contemporanea contada con maestria. Considerada una de las obras mas influyentes de su genero.,https://covers.biblioteca.local/00097.jpg,5,978-0-8080-1006-7,37
98,Conceptos Clave de Produccion Audiovisual,"Un texto actualizado que aborda los principios de Produccion Audiovisual, dirigido a estudiantes y profesionales del area. Incluye ejemplos practicos, casos de estudio y ejercicios para reforzar el aprendizaje.",https://covers.biblioteca.local/00098.jpg,2,978-0-12-038750-2,9
99,Guia Practica de Redes de Computadores,"Un texto aplicado que aborda los principios de Redes de Computadores, dirigido a estudiantes y profesionales del area. Incluye ejemplos practicos, casos de estudio y ejercicios para reforzar el aprendizaje.",https://covers.biblioteca.local/00099.jpg,4,978-1-00-886008-7,9
100,Perdido Silencio,Un relato profundo sobre las relaciones humanas y el paso del tiempo. Considerada una de las obras mas influyentes de su genero.,https://covers.biblioteca.local/00100.jpg,3,978-1-08-621182-5,10
101,La reino del laberinto,Una reflexion sobre la sociedad contemporanea contada con maestria. Considerada una de las obras mas influyentes de su genero.,https://covers.biblioteca.local/00101.jpg,1,978-0-9845461-5-2,19
102,Fundamentos de Zootecnia,"Un texto riguroso que aborda los principios de Zootecnia, dirigido a estudiantes y profesionales del area. Incluye ejemplos practicos, casos de estudio y ejercicios para reforzar el aprendizaje.",https://covers.biblioteca.local/00102.jpg,2,978-1-933410-16-6,40
103,Bases de Animacion Digital,"Un texto didactico que aborda los principios de Animacion Digital, dirigido a estudiantes y profesionales del area. Incluye ejemplos practicos, casos de estudio y ejercicios para reforzar el aprendizaje.",https://covers.biblioteca.local/00103.jpg,2,978-1-870021-76-0,3
104,Introduccion a Programacion,"Un texto completo que aborda los principios de Programacion, dirigido a estudiantes y profesionales del area. Incluye ejemplos practicos, casos de estudio y ejercicios para reforzar el aprendizaje.",https://covers.biblioteca.local/00104.jpg,1,978-0-8033-9740-8,32
105,Principios de Contabilidad Tributaria,"Un texto practico que aborda los principios de Contabilidad Tributaria, dirigido a estudiantes y profesionales del area. Incluye ejemplos practicos, casos de estudio y ejercicios para reforzar el aprendizaje.",https://covers.biblioteca.local/00105.jpg,2,978-1-890250-39-3,20
106,Bases de Datos para Profesionales,"Un texto completo que aborda los principios de Bases de Datos, dirigido a estudiantes y profesionales del area. Incluye ejemplos practicos, casos de estudio y ejercicios para reforzar el aprendizaje.",https://covers.biblioteca.local/00106.jpg,1,978-1-142-93968-7,31
107,Produccion Agricola: teoria y practica,"Un texto aplicado que aborda los principios de Produccion Agricola, dirigido a estudiantes y profesionales del area. Incluye ejemplos practicos, casos de estudio y ejercicios para reforzar el aprendizaje.",https://covers.biblioteca.local/00107.jpg,3,978-1-218-50163-3,23
108,Guia Practica de Ilustracion Digital,"Un texto completo que aborda los principios de Ilustracion Digital, dirigido a estudiantes y profesionales del area. Incluye ejemplos practicos, casos de estudio y ejercicios para reforzar el aprendizaje.",https://covers.biblioteca.local/00108.jpg,1,978-1-9996504-7-6,30
109,Conceptos Clave de Machine Learning,"Un texto didactico que aborda los principios de Machine Learning, dirigido a estudiantes y profesionales del area. Incluye ejemplos practicos, casos de estudio y ejercicios para reforzar el aprendizaje.",https://covers.biblioteca.local/00109.jpg,1,978-0-586-62961-1,19
110,Introduccion a Planeacion Estrategica,"Un texto didactico que aborda los principios de Planeacion Estrategica, dirigido a estudiantes y profesionales del area. Incluye ejemplos practicos, casos de estudio y ejercicios para reforzar el aprendizaje.",https://covers.biblioteca.local/00110.jpg,4,978-0-11-426265-5,33
111,Multimedia Interactiva Aplicada,"Un texto riguroso que aborda los principios de Multimedia Interactiva, dirigido a estudiantes y profesionales del area. Incluye ejemplos practicos, casos de estudio y ejercicios para reforzar el aprendizaje.",https://covers.biblioteca.local/00111.jpg,3,978-0-10-475412-2,33
112,Secreto roto,Una historia que atrapa desde la primera pagina. Un texto imprescindible para comprender las tensiones de su tiempo. Los personajes enfrentan decisiones que cambiaran su destino para siempre.,https://covers.biblioteca.local/00112.jpg,1,978-0-678-88610-6,32
113,Conceptos Clave de Revisoria Fiscal,"Un texto didactico que aborda los principios de Revisoria Fiscal, dirigido a estudiantes y profesionales del area. Incluye ejemplos practicos, casos de estudio y ejercicios para reforzar el aprendizaje.",https://covers.biblioteca.local/00113.jpg,1,978-1-81995-604-7,17
114,Principios de Produccion Agricola,"Un texto completo que aborda los principios de Produccion Agricola, dirigido a estudiantes y profesionales del area. Incluye ejemplos practicos, casos de estudio y ejercicios para reforzar el aprendizaje.",https://covers.biblioteca.local/00114.jpg,5,978-1-183-98262-8,13
115,La cielo en rio,"Considerada una de las obras mas influyentes de su genero. Una trama envolvente que mezcla drama, misterio y superacion personal. Un texto imprescindible para comprender las tensiones de su tiempo.",https://covers.biblioteca.local/00115.jpg,3,978-1-4472-1264-5,18
116,Fundamentos de Produccion Pecuaria,"Un texto riguroso que aborda los principios de Produccion Pecuaria, dirigido a estudiantes y profesionales del area. Incluye ejemplos practicos, casos de estudio y ejercicios para reforzar el aprendizaje.",https://covers.biblioteca.local/00116.jpg,1,978-1-71543-799-2,10
117,Realidad Aumentada: teoria y practica,"Un texto riguroso que aborda los principios de Realidad Aumentada, dirigido a estudiantes y profesionales del area. Incluye ejemplos practicos, casos de estudio y ejercicios para reforzar el aprendizaje.",https://covers.biblioteca.local/00117.jpg,3,978-1-124-06596-0,9
118,Introduccion a Impuestos,"Un texto completo que aborda los principios de Impuestos, dirigido a estudiantes y profesionales del area. Incluye ejemplos practicos, casos de estudio y ejercicios para reforzar el aprendizaje.",https://covers.biblioteca.local/00118.jpg,2,978-1-56924-593-4,9
119,La desierto en reino,Un clasico recomendado para lectores de todas las edades. Los personajes enfrentan decisiones que cambiaran su destino para siempre. Un texto imprescindible para comprender las tensiones de su tiempo.,https://covers.biblioteca.local/00119.jpg,2,978-1-265-47935-0,22
120,Manejo de Suelos: teoria y practica,"Un texto completo que aborda los principios de Manejo de Suelos, dirigido a estudiantes y profesionales del area. Incluye ejemplos practicos, casos de estudio y ejercicios para reforzar el aprendizaje.",https://covers.biblioteca.local/00120.jpg,1,978-1-65193-982-6,8
121,Mar lejano,"Un clasico recomendado para lectores de todas las edades. Una trama envolvente que mezcla drama, misterio y superacion personal.",https://covers.biblioteca.local/00121.jpg,2,978-1-374-16724-7,17
122,Conceptos Clave de Manejo de Cultivos,"Un texto completo que aborda los principios de Manejo de Cultivos, dirigido a estudiantes y profesionales del area. Incluye ejemplos practicos, casos de estudio y ejercicios para reforzar el aprendizaje.",https://covers.biblioteca.local/00122.jpg,1,978-1-266-17979-2,25
123,Manual de Marketing Estrategico,"Un texto actualizado que aborda los principios de Marketing Estrategico, dirigido a estudiantes y profesionales del area. Incluye ejemplos practicos, casos de estudio y ejercicios para reforzar el aprendizaje.",https://covers.biblioteca.local/00123.jpg,2,978-1-80589-113-0,29
124,Guia Practica de Produccion Pecuaria,"Un texto practico que aborda los principios de Produccion Pecuaria, dirigido a estudiantes y profesionales del area. Incluye ejemplos practicos, casos de estudio y ejercicios para reforzar el aprendizaje.",https://covers.biblioteca.local/00124.jpg,2,978-0-909656-10-2,40
125,Manual de Contabilidad Tributaria,"Un texto aplicado que aborda los principios de Contabilidad Tributaria, dirigido a estudiantes y profesionales del area. Incluye ejemplos practicos, casos de estudio y ejercicios para reforzar el aprendizaje.",https://covers.biblioteca.local/00125.jpg,1,978-1-388-89937-0,35
126,Agroindustria para Profesionales,"Un texto actualizado que aborda los principios de Agroindustria, dirigido a estudiantes y profesionales del area. Incluye ejemplos practicos, casos de estudio y ejercicios para reforzar el aprendizaje.",https://covers.biblioteca.local/00126.jpg,1,978-1-79825-071-6,16
127,Guia Practica de Revisoria Fiscal,"Un texto practico que aborda los principios de Revisoria Fiscal, dirigido a estudiantes y profesionales del area. Incluye ejemplos practicos, casos de estudio y ejercicios para reforzar el aprendizaje.",https://covers.biblioteca.local/00127.jpg,1,978-1-112-54573-3,21
128,Manual de Recursos Humanos,"Un texto riguroso que aborda los principios de Recursos Humanos, dirigido a estudiantes y profesionales del area. Incluye ejemplos practicos, casos de estudio y ejercicios para reforzar el aprendizaje.",https://covers.biblioteca.local/00128.jpg,1,978-1-71775-140-9,3
129,Introduccion a Comercio Internacional,"Un texto actualizado que aborda los principios de Comercio Internacional, dirigido a estudiantes y profesionales del area. Incluye ejemplos practicos, casos de estudio y ejercicios para reforzar el aprendizaje.",https://covers.biblioteca.local/00129.jpg,2,978-0-512-38282-5,14
130,Conceptos Clave de Costos y Presupuestos,"Un texto completo que aborda los principios de Costos y Presupuestos, dirigido a estudiantes y profesionales del area. Incluye ejemplos practicos, casos de estudio y ejercicios para reforzar el aprendizaje.",https://covers.biblioteca.local/00130.jpg,4,978-1-7362266-0-5,38
131,Dorado Camino 3,"Una reflexion sobre la sociedad contemporanea contada con maestria. Una trama envolvente que mezcla drama, misterio y superacion personal. Un relato profundo sobre las relaciones humanas y el paso del tiempo.",https://covers.biblioteca.local/00131.jpg,2,978-1-966033-41-7,9
132,El Cielo del silencio,"Una trama envolvente que mezcla drama, misterio y superacion personal. La narracion se despliega entre distintos escenarios y epocas. Un viaje narrativo que combina emocion e intriga en cada capitulo.",https://covers.biblioteca.local/00132.jpg,2,978-0-553-71478-4,19
133,Conceptos Clave de Gestion Empresarial,"Un texto didactico que aborda los principios de Gestion Empresarial, dirigido a estudiantes y profesionales del area. Incluye ejemplos practicos, casos de estudio y ejercicios para reforzar el aprendizaje.",https://covers.biblioteca.local/00133.jpg,4,978-1-969155-79-6,15
134,Conceptos Clave de Nutricion Animal,"Un texto riguroso que aborda los principios de Nutricion Animal, dirigido a estudiantes y profesionales del area. Incluye ejemplos practicos, casos de estudio y ejercicios para reforzar el aprendizaje.",https://covers.biblioteca.local/00134.jpg,5,978-1-991251-34-3,12
135,Fundamentos de Estados Financieros,"Un texto practico que aborda los principios de Estados Financieros, dirigido a estudiantes y profesionales del area. Incluye ejemplos practicos, casos de estudio y ejercicios para reforzar el aprendizaje.",https://covers.biblioteca.local/00135.jpg,2,978-0-528-66929-3,30
136,Castillo sagrado,Los personajes enfrentan decisiones que cambiaran su destino para siempre. Un viaje narrativo que combina emocion e intriga en cada capitulo. Un relato profundo sobre las relaciones humanas y el paso del tiempo.,https://covers.biblioteca.local/00136.jpg,4,978-1-278-28274-9,22
137,Conceptos Clave de Edicion de Video,"Un texto aplicado que aborda los principios de Edicion de Video, dirigido a estudiantes y profesionales del area. Incluye ejemplos practicos, casos de estudio y ejercicios para reforzar el aprendizaje.",https://covers.biblioteca.local/00137.jpg,2,978-0-579-05072-9,22
138,Revisoria Fiscal: teoria y practica,"Un texto completo que aborda los principios de Revisoria Fiscal, dirigido a estudiantes y profesionales del area. Incluye ejemplos practicos, casos de estudio y ejercicios para reforzar el aprendizaje.",https://covers.biblioteca.local/00138.jpg,4,978-1-887676-77-9,26
139,Corazon profundo,El autor construye un mundo lleno de detalles y matices inolvidables. La narracion se despliega entre distintos escenarios y epocas.,https://covers.biblioteca.local/00139.jpg,1,978-0-903404-38-9,7
140,Introduccion a Bases de Datos,"Un texto completo que aborda los principios de Bases de Datos, dirigido a estudiantes y profesionales del area. Incluye ejemplos practicos, casos de estudio y ejercicios para reforzar el aprendizaje.",https://covers.biblioteca.local/00140.jpg,4,978-0-7978-8191-4,25
141,Sanidad Animal: teoria y practica,"Un texto practico que aborda los principios de Sanidad Animal, dirigido a estudiantes y profesionales del area. Incluye ejemplos practicos, casos de estudio y ejercicios para reforzar el aprendizaje.",https://covers.biblioteca.local/00141.jpg,3,978-1-80783-613-9,1
142,La fuego en legado,Una historia que atrapa desde la primera pagina. La narracion se despliega entre distintos escenarios y epocas.,https://covers.biblioteca.local/00142.jpg,4,978-0-7451-7133-3,8
143,Espejo silencioso,La narracion se despliega entre distintos escenarios y epocas. Considerada una de las obras mas influyentes de su genero. Los personajes enfrentan decisiones que cambiaran su destino para siempre.,https://covers.biblioteca.local/00143.jpg,5,978-1-292-33095-2,8
144,La puente sin secreto,"La obra explora temas de identidad, perdida y esperanza. Una trama envolvente que mezcla drama, misterio y superacion personal.",https://covers.biblioteca.local/00144.jpg,5,978-0-544-94812-9,10
145,Fundamentos de Gestion Empresarial,"Un texto completo que aborda los principios de Gestion Empresarial, dirigido a estudiantes y profesionales del area. Incluye ejemplos practicos, casos de estudio y ejercicios para reforzar el aprendizaje.",https://covers.biblioteca.local/00145.jpg,4,978-0-422-32536-3,35
146,Dorado Cronicas,"Considerada una de las obras mas influyentes de su genero. Una trama envolvente que mezcla drama, misterio y superacion personal.",https://covers.biblioteca.local/00146.jpg,4,978-0-946671-16-8,34
147,La rio sin bosque,Considerada una de las obras mas influyentes de su genero. Un texto imprescindible para comprender las tensiones de su tiempo.,https://covers.biblioteca.local/00147.jpg,2,978-1-77590-175-4,13
148,Principios de Contabilidad Publica,"Un texto riguroso que aborda los principios de Contabilidad Publica, dirigido a estudiantes y profesionales del area. Incluye ejemplos practicos, casos de estudio y ejercicios para reforzar el aprendizaje.",https://covers.biblioteca.local/00148.jpg,1,978-1-363-74545-6,38
149,Sanidad Animal: teoria y practica,"Un texto aplicado que aborda los principios de Sanidad Animal, dirigido a estudiantes y profesionales del area. Incluye ejemplos practicos, casos de estudio y ejercicios para reforzar el aprendizaje.",https://covers.biblioteca.local/00149.jpg,4,978-1-5001-7012-7,33
150,Bases de Recursos Humanos,"Un texto aplicado que aborda los principios de Recursos Humanos, dirigido a estudiantes y profesionales del area. Incluye ejemplos practicos, casos de estudio y ejercicios para reforzar el aprendizaje.",https://covers.biblioteca.local/00150.jpg,3,978-1-06-324241-5,38
151,Zootecnia: teoria y practica,"Un texto actualizado que aborda los principios de Zootecnia, dirigido a estudiantes y profesionales del area. Incluye ejemplos practicos, casos de estudio y ejercicios para reforzar el aprendizaje.",https://covers.biblioteca.local/00151.jpg,1,978-1-152-06436-2,5
152,Conceptos Clave de Manejo de Suelos,"Un texto practico que aborda los principios de Manejo de Suelos, dirigido a estudiantes y profesionales del area. Incluye ejemplos practicos, casos de estudio y ejercicios para reforzar el aprendizaje.",https://covers.biblioteca.local/00152.jpg,3,978-0-03-712938-7,25
153,Introduccion a Marketing Estrategico,"Un texto actualizado que aborda los principios de Marketing Estrategico, dirigido a estudiantes y profesionales del area. Incluye ejemplos practicos, casos de estudio y ejercicios para reforzar el aprendizaje.",https://covers.biblioteca.local/00153.jpg,5,978-0-05-162713-5,8
154,Principios de Planeacion Estrategica,"Un texto completo que aborda los principios de Planeacion Estrategica, dirigido a estudiantes y profesionales del area. Incluye ejemplos practicos, casos de estudio y ejercicios para reforzar el aprendizaje.",https://covers.biblioteca.local/00154.jpg,3,978-0-11-554262-6,1
155,Liderazgo Organizacional Aplicada,"Un texto didactico que aborda los principios de Liderazgo Organizacional, dirigido a estudiantes y profesionales del area. Incluye ejemplos practicos, casos de estudio y ejercicios para reforzar el aprendizaje.",https://covers.biblioteca.local/00155.jpg,5,978-0-89092-753-3,16
156,Fundamentos de Marketing Estrategico,"Un texto aplicado que aborda los principios de Marketing Estrategico, dirigido a estudiantes y profesionales del area. Incluye ejemplos practicos, casos de estudio y ejercicios para reforzar el aprendizaje.",https://covers.biblioteca.local/00156.jpg,1,978-1-9731-1219-8,27
157,Introduccion a Bases de Datos,"Un texto riguroso que aborda los principios de Bases de Datos, dirigido a estudiantes y profesionales del area. Incluye ejemplos practicos, casos de estudio y ejercicios para reforzar el aprendizaje.",https://covers.biblioteca.local/00157.jpg,5,978-1-65234-138-3,29
158,Fundamentos de Motion Graphics,"Un texto riguroso que aborda los principios de Motion Graphics, dirigido a estudiantes y profesionales del area. Incluye ejemplos practicos, casos de estudio y ejercicios para reforzar el aprendizaje.",https://covers.biblioteca.local/00158.jpg,2,978-0-438-98364-9,14
159,Fotografia Digital para Profesionales,"Un texto actualizado que aborda los principios de Fotografia Digital, dirigido a estudiantes y profesionales del area. Incluye ejemplos practicos, casos de estudio y ejercicios para reforzar el aprendizaje.",https://covers.biblioteca.local/00159.jpg,2,978-0-7613-7918-8,21
160,Guia Practica de Desarrollo Web,"Un texto didactico que aborda los principios de Desarrollo Web, dirigido a estudiantes y profesionales del area. Incluye ejemplos practicos, casos de estudio y ejercicios para reforzar el aprendizaje.",https://covers.biblioteca.local/00160.jpg,2,978-1-5269-6582-0,18
161,Produccion Audiovisual Aplicada,"Un texto actualizado que aborda los principios de Produccion Audiovisual, dirigido a estudiantes y profesionales del area. Incluye ejemplos practicos, casos de estudio y ejercicios para reforzar el aprendizaje.",https://covers.biblioteca.local/00161.jpg,1,978-0-09-104300-1,23
162,Silencio perdido 6,"La obra explora temas de identidad, perdida y esperanza. Considerada una de las obras mas influyentes de su genero. Una trama envolvente que mezcla drama, misterio y superacion personal.",https://covers.biblioteca.local/00162.jpg,5,978-1-86661-889-9,16
163,Principios de Gestion de la Calidad,"Un texto aplicado que aborda los principios de Gestion de la Calidad, dirigido a estudiantes y profesionales del area. Incluye ejemplos practicos, casos de estudio y ejercicios para reforzar el aprendizaje.",https://covers.biblioteca.local/00163.jpg,1,978-1-141-83285-9,36
164,Silencio sagrado,El autor construye un mundo lleno de detalles y matices inolvidables. Un viaje narrativo que combina emocion e intriga en cada capitulo.,https://covers.biblioteca.local/00164.jpg,4,978-0-463-03161-2,17
165,Agroindustria: teoria y practica,"Un texto riguroso que aborda los principios de Agroindustria, dirigido a estudiantes y profesionales del area. Incluye ejemplos practicos, casos de estudio y ejercicios para reforzar el aprendizaje.",https://covers.biblioteca.local/00165.jpg,1,978-0-421-02027-6,6
166,Guia Practica de Ilustracion Digital,"Un texto didactico que aborda los principios de Ilustracion Digital, dirigido a estudiantes y profesionales del area. Incluye ejemplos practicos, casos de estudio y ejercicios para reforzar el aprendizaje.",https://covers.biblioteca.local/00166.jpg,3,978-1-252-41056-4,3
167,Guia Practica de Talento Humano,"Un texto completo que aborda los principios de Talento Humano, dirigido a estudiantes y profesionales del area. Incluye ejemplos practicos, casos de estudio y ejercicios para reforzar el aprendizaje.",https://covers.biblioteca.local/00167.jpg,4,978-0-491-77850-3,22
168,Costos y Presupuestos: teoria y practica,"Un texto actualizado que aborda los principios de Costos y Presupuestos, dirigido a estudiantes y profesionales del area. Incluye ejemplos practicos, casos de estudio y ejercicios para reforzar el aprendizaje.",https://covers.biblioteca.local/00168.jpg,3,978-0-524-19138-5,16
169,Contabilidad Tributaria: teoria y practica,"Un texto didactico que aborda los principios de Contabilidad Tributaria, dirigido a estudiantes y profesionales del area. Incluye ejemplos practicos, casos de estudio y ejercicios para reforzar el aprendizaje.",https://covers.biblioteca.local/00169.jpg,2,978-0-03-075622-1,35
170,Principios de Gerencia de Proyectos,"Un texto didactico que aborda los principios de Gerencia de Proyectos, dirigido a estudiantes y profesionales del area. Incluye ejemplos practicos, casos de estudio y ejercicios para reforzar el aprendizaje.",https://covers.biblioteca.local/00170.jpg,1,978-1-353-65419-5,21
171,Guia Practica de Programacion Orientada a Objetos,"Un texto completo que aborda los principios de Programacion Orientada a Objetos, dirigido a estudiantes y profesionales del area. Incluye ejemplos practicos, casos de estudio y ejercicios para reforzar el aprendizaje.",https://covers.biblioteca.local/00171.jpg,2,978-0-8023-8061-6,10
172,Conceptos Clave de Gerencia de Proyectos,"Un texto practico que aborda los principios de Gerencia de Proyectos, dirigido a estudiantes y profesionales del area. Incluye ejemplos practicos, casos de estudio y ejercicios para reforzar el aprendizaje.",https://covers.biblioteca.local/00172.jpg,2,978-1-4518-7053-4,22
173,Conceptos Clave de Contabilidad Publica,"Un texto didactico que aborda los principios de Contabilidad Publica, dirigido a estudiantes y profesionales del area. Incluye ejemplos practicos, casos de estudio y ejercicios para reforzar el aprendizaje.",https://covers.biblioteca.local/00173.jpg,4,978-1-937597-38-2,22
174,Bases de Multimedia Interactiva,"Un texto practico que aborda los principios de Multimedia Interactiva, dirigido a estudiantes y profesionales del area. Incluye ejemplos practicos, casos de estudio y ejercicios para reforzar el aprendizaje.",https://covers.biblioteca.local/00174.jpg,1,978-0-06-038505-7,11
175,Guia Practica de Animacion Digital,"Un texto practico que aborda los principios de Animacion Digital, dirigido a estudiantes y profesionales del area. Incluye ejemplos practicos, casos de estudio y ejercicios para reforzar el aprendizaje.",https://covers.biblioteca.local/00175.jpg,1,978-1-4138-3670-7,5
176,El Jardin y el castillo,"Un relato profundo sobre las relaciones humanas y el paso del tiempo. La obra explora temas de identidad, perdida y esperanza.",https://covers.biblioteca.local/00176.jpg,3,978-1-103-86571-0,1
177,Bases de Estados Financieros,"Un texto didactico que aborda los principios de Estados Financieros, dirigido a estudiantes y profesionales del area. Incluye ejemplos practicos, casos de estudio y ejercicios para reforzar el aprendizaje.",https://covers.biblioteca.local/00177.jpg,3,978-0-619-90623-8,31
178,Manejo de Suelos para Profesionales,"Un texto actualizado que aborda los principios de Manejo de Suelos, dirigido a estudiantes y profesionales del area. Incluye ejemplos practicos, casos de estudio y ejercicios para reforzar el aprendizaje.",https://covers.biblioteca.local/00178.jpg,1,978-1-56557-431-1,18
179,La jardin sin legado,"La obra explora temas de identidad, perdida y esperanza. Un relato profundo sobre las relaciones humanas y el paso del tiempo. La narracion se despliega entre distintos escenarios y epocas.",https://covers.biblioteca.local/00179.jpg,1,978-0-912127-75-0,34
180,Manual de Contabilidad Tributaria,"Un texto practico que aborda los principios de Contabilidad Tributaria, dirigido a estudiantes y profesionales del area. Incluye ejemplos practicos, casos de estudio y ejercicios para reforzar el aprendizaje.",https://covers.biblioteca.local/00180.jpg,1,978-0-85374-741-3,6
181,Sanidad Animal para Profesionales,"Un texto actualizado que aborda los principios de Sanidad Animal, dirigido a estudiantes y profesionales del area. Incluye ejemplos practicos, casos de estudio y ejercicios para reforzar el aprendizaje.",https://covers.biblioteca.local/00181.jpg,4,978-0-490-35213-1,20
182,Zootecnia para Profesionales,"Un texto aplicado que aborda los principios de Zootecnia, dirigido a estudiantes y profesionales del area. Incluye ejemplos practicos, casos de estudio y ejercicios para reforzar el aprendizaje.",https://covers.biblioteca.local/00182.jpg,2,978-1-80442-067-6,25
183,Guia Practica de Programacion Orientada a Objetos,"Un texto completo que aborda los principios de Programacion Orientada a Objetos, dirigido a estudiantes y profesionales del area. Incluye ejemplos practicos, casos de estudio y ejercicios para reforzar el aprendizaje.",https://covers.biblioteca.local/00183.jpg,3,978-0-7121-0032-8,28
184,Fotografia Digital Aplicada,"Un texto aplicado que aborda los principios de Fotografia Digital, dirigido a estudiantes y profesionales del area. Incluye ejemplos practicos, casos de estudio y ejercicios para reforzar el aprendizaje.",https://covers.biblioteca.local/00184.jpg,3,978-1-5199-4101-5,37
185,Introduccion a Comercio Internacional,"Un texto riguroso que aborda los principios de Comercio Internacional, dirigido a estudiantes y profesionales del area. Incluye ejemplos practicos, casos de estudio y ejercicios para reforzar el aprendizaje.",https://covers.biblioteca.local/00185.jpg,3,978-1-215-10702-9,14
186,Contabilidad de Costos: teoria y practica,"Un texto completo que aborda los principios de Contabilidad de Costos, dirigido a estudiantes y profesionales del area. Incluye ejemplos practicos, casos de estudio y ejercicios para reforzar el aprendizaje.",https://covers.biblioteca.local/00186.jpg,1,978-1-70662-532-2,37
187,Cronicas profundo,"Un texto imprescindible para comprender las tensiones de su tiempo. La obra explora temas de identidad, perdida y esperanza. Un relato profundo sobre las relaciones humanas y el paso del tiempo.",https://covers.biblioteca.local/00187.jpg,3,978-1-72099-934-8,33
188,La camino de silencio,Un relato profundo sobre las relaciones humanas y el paso del tiempo. Una reflexion sobre la sociedad contemporanea contada con maestria.,https://covers.biblioteca.local/00188.jpg,3,978-1-870146-26-5,39
189,Bases de Redes de Computadores,"Un texto didactico que aborda los principios de Redes de Computadores, dirigido a estudiantes y profesionales del area. Incluye ejemplos practicos, casos de estudio y ejercicios para reforzar el aprendizaje.",https://covers.biblioteca.local/00189.jpg,1,978-0-8065-7875-0,23
190,Silencio silencioso,Un relato profundo sobre las relaciones humanas y el paso del tiempo. Un clasico recomendado para lectores de todas las edades. Los personajes enfrentan decisiones que cambiaran su destino para siempre.,https://covers.biblioteca.local/00190.jpg,1,978-1-4205-9304-4,16
191,Normas Internacionales de Informacion Financiera (NIIF): teoria y practica,"Un texto practico que aborda los principios de Normas Internacionales de Informacion Financiera (NIIF), dirigido a estudiantes y profesionales del area. Incluye ejemplos practicos, casos de estudio y ejercicios para reforzar el aprendizaje.",https://covers.biblioteca.local/00191.jpg,2,978-1-85932-133-1,25
192,La puente de rio,"Los personajes enfrentan decisiones que cambiaran su destino para siempre. Una trama envolvente que mezcla drama, misterio y superacion personal.",https://covers.biblioteca.local/00192.jpg,1,978-0-396-52239-3,24
193,Bases de Sistemas Operativos,"Un texto didactico que aborda los principios de Sistemas Operativos, dirigido a estudiantes y profesionales del area. Incluye ejemplos practicos, casos de estudio y ejercicios para reforzar el aprendizaje.",https://covers.biblioteca.local/00193.jpg,2,978-1-905992-93-5,36
194,Auditoria: teoria y practica,"Un texto aplicado que aborda los principios de Auditoria, dirigido a estudiantes y profesionales del area. Incluye ejemplos practicos, casos de estudio y ejercicios para reforzar el aprendizaje.",https://covers.biblioteca.local/00194.jpg,1,978-1-270-10393-6,6
195,La horizonte de espejo,El autor construye un mundo lleno de detalles y matices inolvidables. Un relato profundo sobre las relaciones humanas y el paso del tiempo. Considerada una de las obras mas influyentes de su genero.,https://covers.biblioteca.local/00195.jpg,2,978-1-05-932525-2,16
196,Guia Practica de Planeacion Estrategica,"Un texto aplicado que aborda los principios de Planeacion Estrategica, dirigido a estudiantes y profesionales del area. Incluye ejemplos practicos, casos de estudio y ejercicios para reforzar el aprendizaje.",https://covers.biblioteca.local/00196.jpg,3,978-0-292-18515-9,18
197,Castillo secreto,El autor construye un mundo lleno de detalles y matices inolvidables. Los personajes enfrentan decisiones que cambiaran su destino para siempre.,https://covers.biblioteca.local/00197.jpg,1,978-0-545-22675-2,27
198,Introduccion a Contabilidad de Costos,"Un texto aplicado que aborda los principios de Contabilidad de Costos, dirigido a estudiantes y profesionales del area. Incluye ejemplos practicos, casos de estudio y ejercicios para reforzar el aprendizaje.",https://covers.biblioteca.local/00198.jpg,1,978-1-392-64422-5,39
199,Escondido Bosque,Los personajes enfrentan decisiones que cambiaran su destino para siempre. Una historia que atrapa desde la primera pagina.,https://covers.biblioteca.local/00199.jpg,1,978-1-902959-39-9,26
200,Manual de Nutricion Animal,"Un texto riguroso que aborda los principios de Nutricion Animal, dirigido a estudiantes y profesionales del area. Incluye ejemplos practicos, casos de estudio y ejercicios para reforzar el aprendizaje.",https://covers.biblioteca.local/00200.jpg,1,978-1-251-35521-7,9
201,Programacion Orientada a Objetos para Profesionales,"Un texto completo que aborda los principios de Programacion Orientada a Objetos, dirigido a estudiantes y profesionales del area. Incluye ejemplos practicos, casos de estudio y ejercicios para reforzar el aprendizaje.",https://covers.biblioteca.local/00201.jpg,1,978-1-04-331541-2,12
202,Manual de Agroindustria,"Un texto actualizado que aborda los principios de Agroindustria, dirigido a estudiantes y profesionales del area. Incluye ejemplos practicos, casos de estudio y ejercicios para reforzar el aprendizaje.",https://covers.biblioteca.local/00202.jpg,1,978-0-676-26765-5,25
203,Introduccion a Realidad Aumentada,"Un texto riguroso que aborda los principios de Realidad Aumentada, dirigido a estudiantes y profesionales del area. Incluye ejemplos practicos, casos de estudio y ejercicios para reforzar el aprendizaje.",https://covers.biblioteca.local/00203.jpg,3,978-0-7932-7104-7,12
204,Principios de Gestion Empresarial,"Un texto actualizado que aborda los principios de Gestion Empresarial, dirigido a estudiantes y profesionales del area. Incluye ejemplos practicos, casos de estudio y ejercicios para reforzar el aprendizaje.",https://covers.biblioteca.local/00204.jpg,4,978-1-4115-2621-1,32
205,Manual de Edicion de Video,"Un texto practico que aborda los principios de Edicion de Video, dirigido a estudiantes y profesionales del area. Incluye ejemplos practicos, casos de estudio y ejercicios para reforzar el aprendizaje.",https://covers.biblioteca.local/00205.jpg,3,978-1-997062-96-7,25
206,Introduccion a Estados Financieros,"Un texto aplicado que aborda los principios de Estados Financieros, dirigido a estudiantes y profesionales del area. Incluye ejemplos practicos, casos de estudio y ejercicios para reforzar el aprendizaje.",https://covers.biblioteca.local/00206.jpg,1,978-0-15-336884-4,35
207,El Puente tras cielo,Un relato profundo sobre las relaciones humanas y el paso del tiempo. Un viaje narrativo que combina emocion e intriga en cada capitulo.,https://covers.biblioteca.local/00207.jpg,2,978-1-310-69872-9,23
208,Principios de Analisis Financiero,"Un texto actualizado que aborda los principios de Analisis Financiero, dirigido a estudiantes y profesionales del area. Incluye ejemplos practicos, casos de estudio y ejercicios para reforzar el aprendizaje.",https://covers.biblioteca.local/00208.jpg,3,978-1-06-149731-2,15
209,Principios de Gestion Empresarial,"Un texto riguroso que aborda los principios de Gestion Empresarial, dirigido a estudiantes y profesionales del area. Incluye ejemplos practicos, casos de estudio y ejercicios para reforzar el aprendizaje.",https://covers.biblioteca.local/00209.jpg,2,978-0-241-71467-6,33
210,Antiguo Jardin,Un relato profundo sobre las relaciones humanas y el paso del tiempo. Los personajes enfrentan decisiones que cambiaran su destino para siempre. El autor construye un mundo lleno de detalles y matices inolvidables.,https://covers.biblioteca.local/00210.jpg,1,978-1-186-25652-8,6
211,Manual de Estados Financieros,"Un texto riguroso que aborda los principios de Estados Financieros, dirigido a estudiantes y profesionales del area. Incluye ejemplos practicos, casos de estudio y ejercicios para reforzar el aprendizaje.",https://covers.biblioteca.local/00211.jpg,2,978-0-477-43490-4,31
212,Fundamentos de Redes de Computadores,"Un texto practico que aborda los principios de Redes de Computadores, dirigido a estudiantes y profesionales del area. Incluye ejemplos practicos, casos de estudio y ejercicios para reforzar el aprendizaje.",https://covers.biblioteca.local/00212.jpg,5,978-0-15-869380-4,3
213,Bases de Programacion,"Un texto actualizado que aborda los principios de Programacion, dirigido a estudiantes y profesionales del area. Incluye ejemplos practicos, casos de estudio y ejercicios para reforzar el aprendizaje.",https://covers.biblioteca.local/00213.jpg,1,978-1-879374-16-4,16
214,Recursos Humanos para Profesionales,"Un texto actualizado que aborda los principios de Recursos Humanos, dirigido a estudiantes y profesionales del area. Incluye ejemplos practicos, casos de estudio y ejercicios para reforzar el aprendizaje.",https://covers.biblioteca.local/00214.jpg,1,978-0-17-223320-8,28
215,Manual de Manejo de Suelos,"Un texto riguroso que aborda los principios de Manejo de Suelos, dirigido a estudiantes y profesionales del area. Incluye ejemplos practicos, casos de estudio y ejercicios para reforzar el aprendizaje.",https://covers.biblioteca.local/00215.jpg,3,978-0-632-94511-5,1
216,Bases de Revisoria Fiscal,"Un texto riguroso que aborda los principios de Revisoria Fiscal, dirigido a estudiantes y profesionales del area. Incluye ejemplos practicos, casos de estudio y ejercicios para reforzar el aprendizaje.",https://covers.biblioteca.local/00216.jpg,2,978-1-85487-099-5,35
217,Bases de Comercio Internacional,"Un texto practico que aborda los principios de Comercio Internacional, dirigido a estudiantes y profesionales del area. Incluye ejemplos practicos, casos de estudio y ejercicios para reforzar el aprendizaje.",https://covers.biblioteca.local/00217.jpg,2,978-0-622-99911-1,39
218,Desierto salvaje,Una reflexion sobre la sociedad contemporanea contada con maestria. Un texto imprescindible para comprender las tensiones de su tiempo.,https://covers.biblioteca.local/00218.jpg,2,978-1-85646-799-5,30
219,Normas Internacionales de Informacion Financiera (NIIF): teoria y practica,"Un texto actualizado que aborda los principios de Normas Internacionales de Informacion Financiera (NIIF), dirigido a estudiantes y profesionales del area. Incluye ejemplos practicos, casos de estudio y ejercicios para reforzar el aprendizaje.",https://covers.biblioteca.local/00219.jpg,3,978-0-246-29960-4,21
220,El Secreto en bosque,"Una reflexion sobre la sociedad contemporanea contada con maestria. La obra explora temas de identidad, perdida y esperanza.",https://covers.biblioteca.local/00220.jpg,1,978-1-307-45054-5,33
221,Diseno UX/UI: teoria y practica,"Un texto aplicado que aborda los principios de Diseno UX/UI, dirigido a estudiantes y profesionales del area. Incluye ejemplos practicos, casos de estudio y ejercicios para reforzar el aprendizaje.",https://covers.biblioteca.local/00221.jpg,2,978-1-71324-754-8,35
222,Sistemas de Riego para Profesionales,"Un texto practico que aborda los principios de Sistemas de Riego, dirigido a estudiantes y profesionales del area. Incluye ejemplos practicos, casos de estudio y ejercicios para reforzar el aprendizaje.",https://covers.biblioteca.local/00222.jpg,1,978-0-373-67850-1,29
223,Bases de Revisoria Fiscal,"Un texto practico que aborda los principios de Revisoria Fiscal, dirigido a estudiantes y profesionales del area. Incluye ejemplos practicos, casos de estudio y ejercicios para reforzar el aprendizaje.",https://covers.biblioteca.local/00223.jpg,1,978-0-486-28902-1,36
224,Guia Practica de Marketing Estrategico,"Un texto didactico que aborda los principios de Marketing Estrategico, dirigido a estudiantes y profesionales del area. Incluye ejemplos practicos, casos de estudio y ejercicios para reforzar el aprendizaje.",https://covers.biblioteca.local/00224.jpg,2,978-0-03-070534-2,11
225,El Mar de secreto,Una historia que atrapa desde la primera pagina. Los personajes enfrentan decisiones que cambiaran su destino para siempre. Un viaje narrativo que combina emocion e intriga en cada capitulo.,https://covers.biblioteca.local/00225.jpg,1,978-1-86103-579-0,35
226,Manual de Recursos Humanos,"Un texto actualizado que aborda los principios de Recursos Humanos, dirigido a estudiantes y profesionales del area. Incluye ejemplos practicos, casos de estudio y ejercicios para reforzar el aprendizaje.",https://covers.biblioteca.local/00226.jpg,3,978-0-7985-5241-7,37
227,Conceptos Clave de Recursos Humanos,"Un texto aplicado que aborda los principios de Recursos Humanos, dirigido a estudiantes y profesionales del area. Incluye ejemplos practicos, casos de estudio y ejercicios para reforzar el aprendizaje.",https://covers.biblioteca.local/00227.jpg,4,978-0-602-93333-3,35
228,Fundamentos de Algoritmos,"Un texto riguroso que aborda los principios de Algoritmos, dirigido a estudiantes y profesionales del area. Incluye ejemplos practicos, casos de estudio y ejercicios para reforzar el aprendizaje.",https://covers.biblioteca.local/00228.jpg,1,978-1-80072-290-3,29
229,La puente de destino,Un viaje narrativo que combina emocion e intriga en cada capitulo. Un texto imprescindible para comprender las tensiones de su tiempo.,https://covers.biblioteca.local/00229.jpg,3,978-1-944665-74-6,38
230,La legado sin fuego,"La obra explora temas de identidad, perdida y esperanza. Un clasico recomendado para lectores de todas las edades. Un texto imprescindible para comprender las tensiones de su tiempo.",https://covers.biblioteca.local/00230.jpg,2,978-1-4896-9108-8,14
231,Principios de Multimedia Interactiva,"Un texto actualizado que aborda los principios de Multimedia Interactiva, dirigido a estudiantes y profesionales del area. Incluye ejemplos practicos, casos de estudio y ejercicios para reforzar el aprendizaje.",https://covers.biblioteca.local/00231.jpg,2,978-1-4171-5454-8,37
232,Guia Practica de Manejo de Suelos,"Un texto actualizado que aborda los principios de Manejo de Suelos, dirigido a estudiantes y profesionales del area. Incluye ejemplos practicos, casos de estudio y ejercicios para reforzar el aprendizaje.",https://covers.biblioteca.local/00232.jpg,3,978-1-328-30965-5,18
233,Introduccion a Auditoria,"Un texto completo que aborda los principios de Auditoria, dirigido a estudiantes y profesionales del area. Incluye ejemplos practicos, casos de estudio y ejercicios para reforzar el aprendizaje.",https://covers.biblioteca.local/00233.jpg,2,978-0-7446-6609-0,16
234,Introduccion a Programacion Orientada a Objetos,"Un texto practico que aborda los principios de Programacion Orientada a Objetos, dirigido a estudiantes y profesionales del area. Incluye ejemplos practicos, casos de estudio y ejercicios para reforzar el aprendizaje.",https://covers.biblioteca.local/00234.jpg,1,978-1-387-58428-4,29
235,El Fuego de horizonte,"Un texto imprescindible para comprender las tensiones de su tiempo. Una reflexion sobre la sociedad contemporanea contada con maestria. Una trama envolvente que mezcla drama, misterio y superacion personal.",https://covers.biblioteca.local/00235.jpg,3,978-1-172-48251-1,32
236,Fundamentos de Gerencia de Proyectos,"Un texto completo que aborda los principios de Gerencia de Proyectos, dirigido a estudiantes y profesionales del area. Incluye ejemplos practicos, casos de estudio y ejercicios para reforzar el aprendizaje.",https://covers.biblioteca.local/00236.jpg,1,978-1-346-55494-5,5
237,Bases de Produccion Pecuaria,"Un texto actualizado que aborda los principios de Produccion Pecuaria, dirigido a estudiantes y profesionales del area. Incluye ejemplos practicos, casos de estudio y ejercicios para reforzar el aprendizaje.",https://covers.biblioteca.local/00237.jpg,4,978-0-7099-9173-1,21
238,Bases de Estados Financieros,"Un texto actualizado que aborda los principios de Estados Financieros, dirigido a estudiantes y profesionales del area. Incluye ejemplos practicos, casos de estudio y ejercicios para reforzar el aprendizaje.",https://covers.biblioteca.local/00238.jpg,4,978-1-84602-235-7,22
239,Principios de Fotografia Digital,"Un texto riguroso que aborda los principios de Fotografia Digital, dirigido a estudiantes y profesionales del area. Incluye ejemplos practicos, casos de estudio y ejercicios para reforzar el aprendizaje.",https://covers.biblioteca.local/00239.jpg,3,978-1-252-17525-8,29
240,Introduccion a Talento Humano,"Un texto aplicado que aborda los principios de Talento Humano, dirigido a estudiantes y profesionales del area. Incluye ejemplos practicos, casos de estudio y ejercicios para reforzar el aprendizaje.",https://covers.biblioteca.local/00240.jpg,1,978-0-7432-9271-9,20
241,Cloud Computing Aplicada,"Un texto actualizado que aborda los principios de Cloud Computing, dirigido a estudiantes y profesionales del area. Incluye ejemplos practicos, casos de estudio y ejercicios para reforzar el aprendizaje.",https://covers.biblioteca.local/00241.jpg,1,978-1-66676-008-8,11
242,Introduccion a Sistemas Operativos,"Un texto aplicado que aborda los principios de Sistemas Operativos, dirigido a estudiantes y profesionales del area. Incluye ejemplos practicos, casos de estudio y ejercicios para reforzar el aprendizaje.",https://covers.biblioteca.local/00242.jpg,2,978-1-05-830033-5,6
243,Principios de Analisis Financiero,"Un texto riguroso que aborda los principios de Analisis Financiero, dirigido a estudiantes y profesionales del area. Incluye ejemplos practicos, casos de estudio y ejercicios para reforzar el aprendizaje.",https://covers.biblioteca.local/00243.jpg,1,978-1-216-89421-8,15
244,La bosque y el legado 4,Un relato profundo sobre las relaciones humanas y el paso del tiempo. Un viaje narrativo que combina emocion e intriga en cada capitulo. El autor construye un mundo lleno de detalles y matices inolvidables.,https://covers.biblioteca.local/00244.jpg,2,978-1-4789-8562-4,6
245,Diseno UX/UI para Profesionales,"Un texto aplicado que aborda los principios de Diseno UX/UI, dirigido a estudiantes y profesionales del area. Incluye ejemplos practicos, casos de estudio y ejercicios para reforzar el aprendizaje.",https://covers.biblioteca.local/00245.jpg,5,978-1-5326-0332-7,10
246,Bases de Estructuras de Datos,"Un texto practico que aborda los principios de Estructuras de Datos, dirigido a estudiantes y profesionales del area. Incluye ejemplos practicos, casos de estudio y ejercicios para reforzar el aprendizaje.",https://covers.biblioteca.local/00246.jpg,1,978-0-9821506-4-1,14
247,Contabilidad Financiera para Profesionales,"Un texto completo que aborda los principios de Contabilidad Financiera, dirigido a estudiantes y profesionales del area. Incluye ejemplos practicos, casos de estudio y ejercicios para reforzar el aprendizaje.",https://covers.biblioteca.local/00247.jpg,1,978-0-10-016761-2,9
248,El Mar tras horizonte,"El autor construye un mundo lleno de detalles y matices inolvidables. Una reflexion sobre la sociedad contemporanea contada con maestria. La obra explora temas de identidad, perdida y esperanza.",https://covers.biblioteca.local/00248.jpg,2,978-1-230-46184-7,16
249,La fuego de secreto,Un texto imprescindible para comprender las tensiones de su tiempo. Una historia que atrapa desde la primera pagina. Los personajes enfrentan decisiones que cambiaran su destino para siempre.,https://covers.biblioteca.local/00249.jpg,3,978-1-189-14117-3,14
250,Introduccion a Comercio Internacional,"Un texto riguroso que aborda los principios de Comercio Internacional, dirigido a estudiantes y profesionales del area. Incluye ejemplos practicos, casos de estudio y ejercicios para reforzar el aprendizaje.",https://covers.biblioteca.local/00250.jpg,1,978-0-483-56420-6,25
251,Redes de Computadores: teoria y practica,"Un texto completo que aborda los principios de Redes de Computadores, dirigido a estudiantes y profesionales del area. Incluye ejemplos practicos, casos de estudio y ejercicios para reforzar el aprendizaje.",https://covers.biblioteca.local/00251.jpg,2,978-0-7530-0119-6,24
252,Conceptos Clave de Produccion Pecuaria,"Un texto completo que aborda los principios de Produccion Pecuaria, dirigido a estudiantes y profesionales del area. Incluye ejemplos practicos, casos de estudio y ejercicios para reforzar el aprendizaje.",https://covers.biblioteca.local/00252.jpg,2,978-0-18-114374-1,31
253,Conceptos Clave de Contabilidad Tributaria,"Un texto completo que aborda los principios de Contabilidad Tributaria, dirigido a estudiantes y profesionales del area. Incluye ejemplos practicos, casos de estudio y ejercicios para reforzar el aprendizaje.",https://covers.biblioteca.local/00253.jpg,1,978-1-01-204556-2,3
254,Fundamentos de Diseno UX/UI,"Un texto practico que aborda los principios de Diseno UX/UI, dirigido a estudiantes y profesionales del area. Incluye ejemplos practicos, casos de estudio y ejercicios para reforzar el aprendizaje.",https://covers.biblioteca.local/00254.jpg,5,978-0-00-225579-0,35
255,La rio sin viaje 4,El autor construye un mundo lleno de detalles y matices inolvidables. Un clasico recomendado para lectores de todas las edades. Un relato profundo sobre las relaciones humanas y el paso del tiempo.,https://covers.biblioteca.local/00255.jpg,3,978-0-552-16674-4,20
256,Secreto oscuro,Un relato profundo sobre las relaciones humanas y el paso del tiempo. El autor construye un mundo lleno de detalles y matices inolvidables.,https://covers.biblioteca.local/00256.jpg,2,978-1-62120-216-5,8
257,Guia Practica de Machine Learning,"Un texto riguroso que aborda los principios de Machine Learning, dirigido a estudiantes y profesionales del area. Incluye ejemplos practicos, casos de estudio y ejercicios para reforzar el aprendizaje.",https://covers.biblioteca.local/00257.jpg,1,978-1-296-59027-7,8
258,El Legado del legado,"La obra explora temas de identidad, perdida y esperanza. Una trama envolvente que mezcla drama, misterio y superacion personal.",https://covers.biblioteca.local/00258.jpg,2,978-0-670-14508-9,23
259,Principios de Revisoria Fiscal,"Un texto riguroso que aborda los principios de Revisoria Fiscal, dirigido a estudiantes y profesionales del area. Incluye ejemplos practicos, casos de estudio y ejercicios para reforzar el aprendizaje.",https://covers.biblioteca.local/00259.jpg,2,978-1-889163-75-8,22
260,Contabilidad Tributaria: teoria y practica,"Un texto completo que aborda los principios de Contabilidad Tributaria, dirigido a estudiantes y profesionales del area. Incluye ejemplos practicos, casos de estudio y ejercicios para reforzar el aprendizaje.",https://covers.biblioteca.local/00260.jpg,2,978-0-89002-877-3,5
261,Principios de Multimedia Interactiva,"Un texto riguroso que aborda los principios de Multimedia Interactiva, dirigido a estudiantes y profesionales del area. Incluye ejemplos practicos, casos de estudio y ejercicios para reforzar el aprendizaje.",https://covers.biblioteca.local/00261.jpg,2,978-0-7535-4083-1,11
262,Fundamentos de Liderazgo Organizacional,"Un texto didactico que aborda los principios de Liderazgo Organizacional, dirigido a estudiantes y profesionales del area. Incluye ejemplos practicos, casos de estudio y ejercicios para reforzar el aprendizaje.",https://covers.biblioteca.local/00262.jpg,2,978-1-317-79717-3,1
263,El Jardin del camino,"Una reflexion sobre la sociedad contemporanea contada con maestria. El autor construye un mundo lleno de detalles y matices inolvidables. La obra explora temas de identidad, perdida y esperanza.",https://covers.biblioteca.local/00263.jpg,2,978-1-170-16608-6,12
264,Fundamentos de Finanzas Corporativas,"Un texto aplicado que aborda los principios de Finanzas Corporativas, dirigido a estudiantes y profesionales del area. Incluye ejemplos practicos, casos de estudio y ejercicios para reforzar el aprendizaje.",https://covers.biblioteca.local/00264.jpg,1,978-0-9948837-5-9,27
265,Bases de Desarrollo Web,"Un texto riguroso que aborda los principios de Desarrollo Web, dirigido a estudiantes y profesionales del area. Incluye ejemplos practicos, casos de estudio y ejercicios para reforzar el aprendizaje.",https://covers.biblioteca.local/00265.jpg,1,978-0-375-89975-1,12
266,Arquitectura de Software: teoria y practica,"Un texto aplicado que aborda los principios de Arquitectura de Software, dirigido a estudiantes y profesionales del area. Incluye ejemplos practicos, casos de estudio y ejercicios para reforzar el aprendizaje.",https://covers.biblioteca.local/00266.jpg,1,978-0-13-055488-8,20
267,Costos y Presupuestos para Profesionales,"Un texto actualizado que aborda los principios de Costos y Presupuestos, dirigido a estudiantes y profesionales del area. Incluye ejemplos practicos, casos de estudio y ejercicios para reforzar el aprendizaje.",https://covers.biblioteca.local/00267.jpg,3,978-0-02-726149-3,19
268,Realidad Aumentada: teoria y practica,"Un texto practico que aborda los principios de Realidad Aumentada, dirigido a estudiantes y profesionales del area. Incluye ejemplos practicos, casos de estudio y ejercicios para reforzar el aprendizaje.",https://covers.biblioteca.local/00268.jpg,2,978-0-16-373516-2,35
269,Sistemas Operativos: teoria y practica,"Un texto practico que aborda los principios de Sistemas Operativos, dirigido a estudiantes y profesionales del area. Incluye ejemplos practicos, casos de estudio y ejercicios para reforzar el aprendizaje.",https://covers.biblioteca.local/00269.jpg,3,978-0-7798-2708-4,23
270,Gerencia de Proyectos: teoria y practica,"Un texto practico que aborda los principios de Gerencia de Proyectos, dirigido a estudiantes y profesionales del area. Incluye ejemplos practicos, casos de estudio y ejercicios para reforzar el aprendizaje.",https://covers.biblioteca.local/00270.jpg,3,978-1-9782-9221-5,14
271,Fundamentos de Arquitectura de Software,"Un texto actualizado que aborda los principios de Arquitectura de Software, dirigido a estudiantes y profesionales del area. Incluye ejemplos practicos, casos de estudio y ejercicios para reforzar el aprendizaje.",https://covers.biblioteca.local/00271.jpg,1,978-1-86693-465-4,6
272,Conceptos Clave de Cultivos Tropicales,"Un texto completo que aborda los principios de Cultivos Tropicales, dirigido a estudiantes y profesionales del area. Incluye ejemplos practicos, casos de estudio y ejercicios para reforzar el aprendizaje.",https://covers.biblioteca.local/00272.jpg,1,978-1-226-98485-5,7
273,Introduccion a Contabilidad de Costos,"Un texto practico que aborda los principios de Contabilidad de Costos, dirigido a estudiantes y profesionales del area. Incluye ejemplos practicos, casos de estudio y ejercicios para reforzar el aprendizaje.",https://covers.biblioteca.local/00273.jpg,2,978-0-394-52288-3,21
274,Manejo de Cultivos: teoria y practica,"Un texto aplicado que aborda los principios de Manejo de Cultivos, dirigido a estudiantes y profesionales del area. Incluye ejemplos practicos, casos de estudio y ejercicios para reforzar el aprendizaje.",https://covers.biblioteca.local/00274.jpg,2,978-0-587-99684-2,38
275,Produccion Agricola: teoria y practica,"Un texto didactico que aborda los principios de Produccion Agricola, dirigido a estudiantes y profesionales del area. Incluye ejemplos practicos, casos de estudio y ejercicios para reforzar el aprendizaje.",https://covers.biblioteca.local/00275.jpg,1,978-0-8106-2003-2,8
276,Sanidad Animal: teoria y practica,"Un texto completo que aborda los principios de Sanidad Animal, dirigido a estudiantes y profesionales del area. Incluye ejemplos practicos, casos de estudio y ejercicios para reforzar el aprendizaje.",https://covers.biblioteca.local/00276.jpg,1,978-0-442-04380-3,11
277,Fundamentos de Estados Financieros,"Un texto completo que aborda los principios de Estados Financieros, dirigido a estudiantes y profesionales del area. Incluye ejemplos practicos, casos de estudio y ejercicios para reforzar el aprendizaje.",https://covers.biblioteca.local/00277.jpg,2,978-1-198-38638-1,10
278,Conceptos Clave de Desarrollo Web,"Un texto didactico que aborda los principios de Desarrollo Web, dirigido a estudiantes y profesionales del area. Incluye ejemplos practicos, casos de estudio y ejercicios para reforzar el aprendizaje.",https://covers.biblioteca.local/00278.jpg,1,978-0-666-58004-7,17
279,Manual de Fotografia Digital,"Un texto practico que aborda los principios de Fotografia Digital, dirigido a estudiantes y profesionales del area. Incluye ejemplos practicos, casos de estudio y ejercicios para reforzar el aprendizaje.",https://covers.biblioteca.local/00279.jpg,4,978-1-359-89334-5,7
280,Machine Learning: teoria y practica,"Un texto completo que aborda los principios de Machine Learning, dirigido a estudiantes y profesionales del area. Incluye ejemplos practicos, casos de estudio y ejercicios para reforzar el aprendizaje.",https://covers.biblioteca.local/00280.jpg,2,978-0-12-281606-2,15
281,Estados Financieros para Profesionales,"Un texto aplicado que aborda los principios de Estados Financieros, dirigido a estudiantes y profesionales del area. Incluye ejemplos practicos, casos de estudio y ejercicios para reforzar el aprendizaje.",https://covers.biblioteca.local/00281.jpg,2,978-1-229-40572-2,38
282,Manual de Diseno Web,"Un texto aplicado que aborda los principios de Diseno Web, dirigido a estudiantes y profesionales del area. Incluye ejemplos practicos, casos de estudio y ejercicios para reforzar el aprendizaje.",https://covers.biblioteca.local/00282.jpg,1,978-0-590-94798-5,9
283,Desarrollo Web Aplicada,"Un texto completo que aborda los principios de Desarrollo Web, dirigido a estudiantes y profesionales del area. Incluye ejemplos practicos, casos de estudio y ejercicios para reforzar el aprendizaje.",https://covers.biblioteca.local/00283.jpg,3,978-0-583-28182-9,28
284,Umbral ultimo,"La narracion se despliega entre distintos escenarios y epocas. El autor construye un mundo lleno de detalles y matices inolvidables. La obra explora temas de identidad, perdida y esperanza.",https://covers.biblioteca.local/00284.jpg,3,978-1-153-35554-4,23
285,Recursos Humanos Aplicada,"Un texto didactico que aborda los principios de Recursos Humanos, dirigido a estudiantes y profesionales del area. Incluye ejemplos practicos, casos de estudio y ejercicios para reforzar el aprendizaje.",https://covers.biblioteca.local/00285.jpg,4,978-1-80157-399-3,40
286,Lejano Umbral,"Considerada una de las obras mas influyentes de su genero. Una trama envolvente que mezcla drama, misterio y superacion personal. Una historia que atrapa desde la primera pagina.",https://covers.biblioteca.local/00286.jpg,3,978-0-561-64840-8,6
287,Manual de Contabilidad Tributaria,"Un texto riguroso que aborda los principios de Contabilidad Tributaria, dirigido a estudiantes y profesionales del area. Incluye ejemplos practicos, casos de estudio y ejercicios para reforzar el aprendizaje.",https://covers.biblioteca.local/00287.jpg,4,978-1-70435-811-6,16
288,Manual de Cultivos Tropicales,"Un texto riguroso que aborda los principios de Cultivos Tropicales, dirigido a estudiantes y profesionales del area. Incluye ejemplos practicos, casos de estudio y ejercicios para reforzar el aprendizaje.",https://covers.biblioteca.local/00288.jpg,3,978-0-13-361386-5,37
289,Marketing Estrategico Aplicada,"Un texto completo que aborda los principios de Marketing Estrategico, dirigido a estudiantes y profesionales del area. Incluye ejemplos practicos, casos de estudio y ejercicios para reforzar el aprendizaje.",https://covers.biblioteca.local/00289.jpg,3,978-0-07-501102-6,15
290,Algoritmos Aplicada,"Un texto actualizado que aborda los principios de Algoritmos, dirigido a estudiantes y profesionales del area. Incluye ejemplos practicos, casos de estudio y ejercicios para reforzar el aprendizaje.",https://covers.biblioteca.local/00290.jpg,2,978-0-934667-66-1,7
291,Principios de Sanidad Animal,"Un texto actualizado que aborda los principios de Sanidad Animal, dirigido a estudiantes y profesionales del area. Incluye ejemplos practicos, casos de estudio y ejercicios para reforzar el aprendizaje.",https://covers.biblioteca.local/00291.jpg,1,978-0-618-09190-4,25
292,Manual de Gestion Empresarial,"Un texto completo que aborda los principios de Gestion Empresarial, dirigido a estudiantes y profesionales del area. Incluye ejemplos practicos, casos de estudio y ejercicios para reforzar el aprendizaje.",https://covers.biblioteca.local/00292.jpg,2,978-1-81449-147-5,2
293,La mar sin castillo,"Una trama envolvente que mezcla drama, misterio y superacion personal. Considerada una de las obras mas influyentes de su genero.",https://covers.biblioteca.local/00293.jpg,2,978-1-07-283268-3,20
294,Conceptos Clave de Contabilidad Publica,"Un texto aplicado que aborda los principios de Contabilidad Publica, dirigido a estudiantes y profesionales del area. Incluye ejemplos practicos, casos de estudio y ejercicios para reforzar el aprendizaje.",https://covers.biblioteca.local/00294.jpg,1,978-0-450-88210-4,39
295,Comercio Internacional para Profesionales,"Un texto completo que aborda los principios de Comercio Internacional, dirigido a estudiantes y profesionales del area. Incluye ejemplos practicos, casos de estudio y ejercicios para reforzar el aprendizaje.",https://covers.biblioteca.local/00295.jpg,3,978-1-881435-36-5,13
296,Gerencia de Proyectos para Profesionales,"Un texto practico que aborda los principios de Gerencia de Proyectos, dirigido a estudiantes y profesionales del area. Incluye ejemplos practicos, casos de estudio y ejercicios para reforzar el aprendizaje.",https://covers.biblioteca.local/00296.jpg,3,978-0-239-43129-5,2
297,Manejo de Cultivos Aplicada,"Un texto aplicado que aborda los principios de Manejo de Cultivos, dirigido a estudiantes y profesionales del area. Incluye ejemplos practicos, casos de estudio y ejercicios para reforzar el aprendizaje.",https://covers.biblioteca.local/00297.jpg,2,978-1-81414-139-4,38
298,Fundamentos de Contabilidad Financiera,"Un texto actualizado que aborda los principios de Contabilidad Financiera, dirigido a estudiantes y profesionales del area. Incluye ejemplos practicos, casos de estudio y ejercicios para reforzar el aprendizaje.",https://covers.biblioteca.local/00298.jpg,5,978-1-5231-4913-1,32
299,Realidad Aumentada para Profesionales,"Un texto completo que aborda los principios de Realidad Aumentada, dirigido a estudiantes y profesionales del area. Incluye ejemplos practicos, casos de estudio y ejercicios para reforzar el aprendizaje.",https://covers.biblioteca.local/00299.jpg,1,978-1-75949-299-5,12
300,Principios de Arquitectura de Software,"Un texto completo que aborda los principios de Arquitectura de Software, dirigido a estudiantes y profesionales del area. Incluye ejemplos practicos, casos de estudio y ejercicios para reforzar el aprendizaje.",https://covers.biblioteca.local/00300.jpg,3,978-1-62053-364-2,37
301,Guia Practica de Costos y Presupuestos,"Un texto practico que aborda los principios de Costos y Presupuestos, dirigido a estudiantes y profesionales del area. Incluye ejemplos practicos, casos de estudio y ejercicios para reforzar el aprendizaje.",https://covers.biblioteca.local/00301.jpg,1,978-0-577-75478-0,40
302,Conceptos Clave de Contabilidad de Costos,"Un texto aplicado que aborda los principios de Contabilidad de Costos, dirigido a estudiantes y profesionales del area. Incluye ejemplos practicos, casos de estudio y ejercicios para reforzar el aprendizaje.",https://covers.biblioteca.local/00302.jpg,2,978-0-914283-41-6,16
303,Bases de Datos: teoria y practica,"Un texto actualizado que aborda los principios de Bases de Datos, dirigido a estudiantes y profesionales del area. Incluye ejemplos practicos, casos de estudio y ejercicios para reforzar el aprendizaje.",https://covers.biblioteca.local/00303.jpg,4,978-0-8099-6930-2,22
304,Bases de Manejo de Cultivos,"Un texto completo que aborda los principios de Manejo de Cultivos, dirigido a estudiantes y profesionales del area. Incluye ejemplos practicos, casos de estudio y ejercicios para reforzar el aprendizaje.",https://covers.biblioteca.local/00304.jpg,1,978-1-256-39427-3,23
305,Conceptos Clave de Ilustracion Digital,"Un texto actualizado que aborda los principios de Ilustracion Digital, dirigido a estudiantes y profesionales del area. Incluye ejemplos practicos, casos de estudio y ejercicios para reforzar el aprendizaje.",https://covers.biblioteca.local/00305.jpg,2,978-1-58039-282-2,27
306,Agroecologia para Profesionales,"Un texto didactico que aborda los principios de Agroecologia, dirigido a estudiantes y profesionales del area. Incluye ejemplos practicos, casos de estudio y ejercicios para reforzar el aprendizaje.",https://covers.biblioteca.local/00306.jpg,2,978-0-299-27503-7,11
307,Bases de Diseno UX/UI,"Un texto riguroso que aborda los principios de Diseno UX/UI, dirigido a estudiantes y profesionales del area. Incluye ejemplos practicos, casos de estudio y ejercicios para reforzar el aprendizaje.",https://covers.biblioteca.local/00307.jpg,1,978-0-14-530385-3,25
308,Principios de Gestion Empresarial,"Un texto aplicado que aborda los principios de Gestion Empresarial, dirigido a estudiantes y profesionales del area. Incluye ejemplos practicos, casos de estudio y ejercicios para reforzar el aprendizaje.",https://covers.biblioteca.local/00308.jpg,1,978-1-70051-844-6,40
309,Introduccion a Contabilidad de Costos,"Un texto completo que aborda los principios de Contabilidad de Costos, dirigido a estudiantes y profesionales del area. Incluye ejemplos practicos, casos de estudio y ejercicios para reforzar el aprendizaje.",https://covers.biblioteca.local/00309.jpg,4,978-1-65918-463-1,28
310,Conceptos Clave de Finanzas Corporativas,"Un texto practico que aborda los principios de Finanzas Corporativas, dirigido a estudiantes y profesionales del area. Incluye ejemplos practicos, casos de estudio y ejercicios para reforzar el aprendizaje.",https://covers.biblioteca.local/00310.jpg,5,978-1-57790-827-2,36
311,Bases de Talento Humano,"Un texto practico que aborda los principios de Talento Humano, dirigido a estudiantes y profesionales del area. Incluye ejemplos practicos, casos de estudio y ejercicios para reforzar el aprendizaje.",https://covers.biblioteca.local/00311.jpg,2,978-0-18-432225-9,26
312,Introduccion a Zootecnia,"Un texto practico que aborda los principios de Zootecnia, dirigido a estudiantes y profesionales del area. Incluye ejemplos practicos, casos de estudio y ejercicios para reforzar el aprendizaje.",https://covers.biblioteca.local/00312.jpg,5,978-0-651-77739-1,19
313,Conceptos Clave de Normas Internacionales de Informacion Financiera (NIIF),"Un texto aplicado que aborda los principios de Normas Internacionales de Informacion Financiera (NIIF), dirigido a estudiantes y profesionales del area. Incluye ejemplos practicos, casos de estudio y ejercicios para reforzar el aprendizaje.",https://covers.biblioteca.local/00313.jpg,5,978-1-03-029922-0,19
314,El Umbral de espejo,"Una trama envolvente que mezcla drama, misterio y superacion personal. Un texto imprescindible para comprender las tensiones de su tiempo. Los personajes enfrentan decisiones que cambiaran su destino para siempre.",https://covers.biblioteca.local/00314.jpg,1,978-0-02-428699-4,6
315,Bases de Planeacion Estrategica,"Un texto riguroso que aborda los principios de Planeacion Estrategica, dirigido a estudiantes y profesionales del area. Incluye ejemplos practicos, casos de estudio y ejercicios para reforzar el aprendizaje.",https://covers.biblioteca.local/00315.jpg,3,978-1-137-97723-6,3
316,Emprendimiento Aplicada,"Un texto aplicado que aborda los principios de Emprendimiento, dirigido a estudiantes y profesionales del area. Incluye ejemplos practicos, casos de estudio y ejercicios para reforzar el aprendizaje.",https://covers.biblioteca.local/00316.jpg,3,978-0-929842-57-8,4
317,Bases de Datos Aplicada,"Un texto completo que aborda los principios de Bases de Datos, dirigido a estudiantes y profesionales del area. Incluye ejemplos practicos, casos de estudio y ejercicios para reforzar el aprendizaje.",https://covers.biblioteca.local/00317.jpg,1,978-0-662-10388-2,15
318,Guia Practica de Estructuras de Datos,"Un texto didactico que aborda los principios de Estructuras de Datos, dirigido a estudiantes y profesionales del area. Incluye ejemplos practicos, casos de estudio y ejercicios para reforzar el aprendizaje.",https://covers.biblioteca.local/00318.jpg,1,978-0-912799-08-7,20
319,El Horizonte tras camino,"Un relato profundo sobre las relaciones humanas y el paso del tiempo. Una trama envolvente que mezcla drama, misterio y superacion personal.",https://covers.biblioteca.local/00319.jpg,1,978-0-7298-0686-2,12
320,Introduccion a Contabilidad Publica,"Un texto actualizado que aborda los principios de Contabilidad Publica, dirigido a estudiantes y profesionales del area. Incluye ejemplos practicos, casos de estudio y ejercicios para reforzar el aprendizaje.",https://covers.biblioteca.local/00320.jpg,2,978-0-86376-599-5,6
321,Costos y Presupuestos: teoria y practica,"Un texto actualizado que aborda los principios de Costos y Presupuestos, dirigido a estudiantes y profesionales del area. Incluye ejemplos practicos, casos de estudio y ejercicios para reforzar el aprendizaje.",https://covers.biblioteca.local/00321.jpg,1,978-1-247-31498-3,25
322,Produccion Audiovisual para Profesionales,"Un texto practico que aborda los principios de Produccion Audiovisual, dirigido a estudiantes y profesionales del area. Incluye ejemplos practicos, casos de estudio y ejercicios para reforzar el aprendizaje.",https://covers.biblioteca.local/00322.jpg,4,978-1-300-98180-0,40
323,Zootecnia: teoria y practica,"Un texto actualizado que aborda los principios de Zootecnia, dirigido a estudiantes y profesionales del area. Incluye ejemplos practicos, casos de estudio y ejercicios para reforzar el aprendizaje.",https://covers.biblioteca.local/00323.jpg,1,978-0-565-12694-0,38
324,El Bosque sin bosque,Considerada una de las obras mas influyentes de su genero. Una reflexion sobre la sociedad contemporanea contada con maestria. El autor construye un mundo lleno de detalles y matices inolvidables.,https://covers.biblioteca.local/00324.jpg,3,978-1-959463-68-9,17
325,Conceptos Clave de Diseno UX/UI,"Un texto riguroso que aborda los principios de Diseno UX/UI, dirigido a estudiantes y profesionales del area. Incluye ejemplos practicos, casos de estudio y ejercicios para reforzar el aprendizaje.",https://covers.biblioteca.local/00325.jpg,1,978-0-588-74495-4,26
326,Fundamentos de Desarrollo Web,"Un texto practico que aborda los principios de Desarrollo Web, dirigido a estudiantes y profesionales del area. Incluye ejemplos practicos, casos de estudio y ejercicios para reforzar el aprendizaje.",https://covers.biblioteca.local/00326.jpg,2,978-0-13-721386-3,31
327,La puente de laberinto,"Los personajes enfrentan decisiones que cambiaran su destino para siempre. Un texto imprescindible para comprender las tensiones de su tiempo. Una trama envolvente que mezcla drama, misterio y superacion personal.",https://covers.biblioteca.local/00327.jpg,1,978-0-260-12796-9,7
328,Perdido Espejo,Una reflexion sobre la sociedad contemporanea contada con maestria. Los personajes enfrentan decisiones que cambiaran su destino para siempre. El autor construye un mundo lleno de detalles y matices inolvidables.,https://covers.biblioteca.local/00328.jpg,1,978-0-435-19066-8,39
329,Bases de Manejo de Cultivos,"Un texto actualizado que aborda los principios de Manejo de Cultivos, dirigido a estudiantes y profesionales del area. Incluye ejemplos practicos, casos de estudio y ejercicios para reforzar el aprendizaje.",https://covers.biblioteca.local/00329.jpg,1,978-0-277-03843-2,24
330,Principios de Contabilidad de Costos,"Un texto completo que aborda los principios de Contabilidad de Costos, dirigido a estudiantes y profesionales del area. Incluye ejemplos practicos, casos de estudio y ejercicios para reforzar el aprendizaje.",https://covers.biblioteca.local/00330.jpg,3,978-0-920530-21-4,9
331,El Reino del viaje,Un viaje narrativo que combina emocion e intriga en cada capitulo. Una historia que atrapa desde la primera pagina.,https://covers.biblioteca.local/00331.jpg,2,978-1-56693-801-3,30
332,Machine Learning para Profesionales,"Un texto aplicado que aborda los principios de Machine Learning, dirigido a estudiantes y profesionales del area. Incluye ejemplos practicos, casos de estudio y ejercicios para reforzar el aprendizaje.",https://covers.biblioteca.local/00332.jpg,3,978-1-895543-93-3,26
333,Edicion de Video Aplicada,"Un texto completo que aborda los principios de Edicion de Video, dirigido a estudiantes y profesionales del area. Incluye ejemplos practicos, casos de estudio y ejercicios para reforzar el aprendizaje.",https://covers.biblioteca.local/00333.jpg,1,978-1-904268-18-5,12
334,Mar antiguo,"La obra explora temas de identidad, perdida y esperanza. Los personajes enfrentan decisiones que cambiaran su destino para siempre. Un relato profundo sobre las relaciones humanas y el paso del tiempo.",https://covers.biblioteca.local/00334.jpg,1,978-1-5184-8947-1,19
335,El Horizonte de reino,Un viaje narrativo que combina emocion e intriga en cada capitulo. La narracion se despliega entre distintos escenarios y epocas.,https://covers.biblioteca.local/00335.jpg,1,978-1-357-79071-4,15
336,Manual de Ilustracion Digital,"Un texto actualizado que aborda los principios de Ilustracion Digital, dirigido a estudiantes y profesionales del area. Incluye ejemplos practicos, casos de estudio y ejercicios para reforzar el aprendizaje.",https://covers.biblioteca.local/00336.jpg,3,978-0-633-56588-6,31
337,Fundamentos de Fotografia Digital,"Un texto aplicado que aborda los principios de Fotografia Digital, dirigido a estudiantes y profesionales del area. Incluye ejemplos practicos, casos de estudio y ejercicios para reforzar el aprendizaje.",https://covers.biblioteca.local/00337.jpg,2,978-1-341-65182-3,39
338,Bases de Recursos Humanos,"Un texto actualizado que aborda los principios de Recursos Humanos, dirigido a estudiantes y profesionales del area. Incluye ejemplos practicos, casos de estudio y ejercicios para reforzar el aprendizaje.",https://covers.biblioteca.local/00338.jpg,2,978-1-5394-2373-7,30
339,Mar eterno 2,Considerada una de las obras mas influyentes de su genero. La narracion se despliega entre distintos escenarios y epocas. Un clasico recomendado para lectores de todas las edades.,https://covers.biblioteca.local/00339.jpg,2,978-0-433-33952-6,39
340,Realidad Aumentada para Profesionales,"Un texto didactico que aborda los principios de Realidad Aumentada, dirigido a estudiantes y profesionales del area. Incluye ejemplos practicos, casos de estudio y ejercicios para reforzar el aprendizaje.",https://covers.biblioteca.local/00340.jpg,1,978-0-17-908075-1,21
341,Principios de Sistemas de Riego,"Un texto didactico que aborda los principios de Sistemas de Riego, dirigido a estudiantes y profesionales del area. Incluye ejemplos practicos, casos de estudio y ejercicios para reforzar el aprendizaje.",https://covers.biblioteca.local/00341.jpg,2,978-1-947284-63-0,16
342,Diseno Grafico Aplicada,"Un texto practico que aborda los principios de Diseno Grafico, dirigido a estudiantes y profesionales del area. Incluye ejemplos practicos, casos de estudio y ejercicios para reforzar el aprendizaje.",https://covers.biblioteca.local/00342.jpg,1,978-0-86780-856-8,32
343,Conceptos Clave de Ilustracion Digital,"Un texto completo que aborda los principios de Ilustracion Digital, dirigido a estudiantes y profesionales del area. Incluye ejemplos practicos, casos de estudio y ejercicios para reforzar el aprendizaje.",https://covers.biblioteca.local/00343.jpg,3,978-1-187-50036-1,37
344,Planeacion Estrategica para Profesionales,"Un texto actualizado que aborda los principios de Planeacion Estrategica, dirigido a estudiantes y profesionales del area. Incluye ejemplos practicos, casos de estudio y ejercicios para reforzar el aprendizaje.",https://covers.biblioteca.local/00344.jpg,3,978-1-59428-434-2,12
345,Guia Practica de Ingenieria de Software,"Un texto riguroso que aborda los principios de Ingenieria de Software, dirigido a estudiantes y profesionales del area. Incluye ejemplos practicos, casos de estudio y ejercicios para reforzar el aprendizaje.",https://covers.biblioteca.local/00345.jpg,5,978-1-5276-3655-2,22
346,Manual de Inteligencia Artificial,"Un texto actualizado que aborda los principios de Inteligencia Artificial, dirigido a estudiantes y profesionales del area. Incluye ejemplos practicos, casos de estudio y ejercicios para reforzar el aprendizaje.",https://covers.biblioteca.local/00346.jpg,2,978-1-72929-314-0,17
347,Produccion Pecuaria para Profesionales,"Un texto completo que aborda los principios de Produccion Pecuaria, dirigido a estudiantes y profesionales del area. Incluye ejemplos practicos, casos de estudio y ejercicios para reforzar el aprendizaje.",https://covers.biblioteca.local/00347.jpg,4,978-1-63227-026-9,38
348,El Umbral del corazon,La narracion se despliega entre distintos escenarios y epocas. El autor construye un mundo lleno de detalles y matices inolvidables.,https://covers.biblioteca.local/00348.jpg,4,978-0-88574-489-3,34
349,Guia Practica de Agroecologia,"Un texto completo que aborda los principios de Agroecologia, dirigido a estudiantes y profesionales del area. Incluye ejemplos practicos, casos de estudio y ejercicios para reforzar el aprendizaje.",https://covers.biblioteca.local/00349.jpg,3,978-1-120-34717-6,27
350,Produccion Agricola Aplicada,"Un texto riguroso que aborda los principios de Produccion Agricola, dirigido a estudiantes y profesionales del area. Incluye ejemplos practicos, casos de estudio y ejercicios para reforzar el aprendizaje.",https://covers.biblioteca.local/00350.jpg,2,978-1-55884-506-0,22
351,El Jardin y el sueno 5,"Un clasico recomendado para lectores de todas las edades. La obra explora temas de identidad, perdida y esperanza.",https://covers.biblioteca.local/00351.jpg,1,978-1-939982-45-2,32
352,Bases de Produccion Audiovisual,"Un texto didactico que aborda los principios de Produccion Audiovisual, dirigido a estudiantes y profesionales del area. Incluye ejemplos practicos, casos de estudio y ejercicios para reforzar el aprendizaje.",https://covers.biblioteca.local/00352.jpg,1,978-1-71694-722-3,25
353,Agroecologia Aplicada,"Un texto completo que aborda los principios de Agroecologia, dirigido a estudiantes y profesionales del area. Incluye ejemplos practicos, casos de estudio y ejercicios para reforzar el aprendizaje.",https://covers.biblioteca.local/00353.jpg,3,978-1-996112-53-3,13
354,Conceptos Clave de Emprendimiento,"Un texto practico que aborda los principios de Emprendimiento, dirigido a estudiantes y profesionales del area. Incluye ejemplos practicos, casos de estudio y ejercicios para reforzar el aprendizaje.",https://covers.biblioteca.local/00354.jpg,1,978-1-4496-4759-9,20
355,Ciberseguridad: teoria y practica,"Un texto actualizado que aborda los principios de Ciberseguridad, dirigido a estudiantes y profesionales del area. Incluye ejemplos practicos, casos de estudio y ejercicios para reforzar el aprendizaje.",https://covers.biblioteca.local/00355.jpg,2,978-1-220-23413-0,20
356,Fundamentos de Manejo de Suelos,"Un texto actualizado que aborda los principios de Manejo de Suelos, dirigido a estudiantes y profesionales del area. Incluye ejemplos practicos, casos de estudio y ejercicios para reforzar el aprendizaje.",https://covers.biblioteca.local/00356.jpg,2,978-1-111-78006-7,22
357,Manual de Multimedia Interactiva,"Un texto practico que aborda los principios de Multimedia Interactiva, dirigido a estudiantes y profesionales del area. Incluye ejemplos practicos, casos de estudio y ejercicios para reforzar el aprendizaje.",https://covers.biblioteca.local/00357.jpg,1,978-0-492-16433-6,15
358,Manual de Cultivos Tropicales,"Un texto didactico que aborda los principios de Cultivos Tropicales, dirigido a estudiantes y profesionales del area. Incluye ejemplos practicos, casos de estudio y ejercicios para reforzar el aprendizaje.",https://covers.biblioteca.local/00358.jpg,3,978-1-228-20055-7,11
359,Conceptos Clave de Cultivos Tropicales,"Un texto aplicado que aborda los principios de Cultivos Tropicales, dirigido a estudiantes y profesionales del area. Incluye ejemplos practicos, casos de estudio y ejercicios para reforzar el aprendizaje.",https://covers.biblioteca.local/00359.jpg,3,978-1-84872-829-5,17
360,Algoritmos para Profesionales,"Un texto riguroso que aborda los principios de Algoritmos, dirigido a estudiantes y profesionales del area. Incluye ejemplos practicos, casos de estudio y ejercicios para reforzar el aprendizaje.",https://covers.biblioteca.local/00360.jpg,2,978-1-884578-31-1,4
361,Guia Practica de Recursos Humanos,"Un texto practico que aborda los principios de Recursos Humanos, dirigido a estudiantes y profesionales del area. Incluye ejemplos practicos, casos de estudio y ejercicios para reforzar el aprendizaje.",https://covers.biblioteca.local/00361.jpg,4,978-1-56424-008-8,31
362,Introduccion a Emprendimiento,"Un texto actualizado que aborda los principios de Emprendimiento, dirigido a estudiantes y profesionales del area. Incluye ejemplos practicos, casos de estudio y ejercicios para reforzar el aprendizaje.",https://covers.biblioteca.local/00362.jpg,1,978-1-4780-7740-4,7
363,La desierto sin legado,El autor construye un mundo lleno de detalles y matices inolvidables. Un relato profundo sobre las relaciones humanas y el paso del tiempo.,https://covers.biblioteca.local/00363.jpg,5,978-1-930853-68-3,33
364,Multimedia Interactiva: teoria y practica,"Un texto practico que aborda los principios de Multimedia Interactiva, dirigido a estudiantes y profesionales del area. Incluye ejemplos practicos, casos de estudio y ejercicios para reforzar el aprendizaje.",https://covers.biblioteca.local/00364.jpg,2,978-1-326-63416-2,17
365,Introduccion a Recursos Humanos,"Un texto didactico que aborda los principios de Recursos Humanos, dirigido a estudiantes y profesionales del area. Incluye ejemplos practicos, casos de estudio y ejercicios para reforzar el aprendizaje.",https://covers.biblioteca.local/00365.jpg,2,978-1-4846-3122-5,36
366,Viaje prohibido,Un viaje narrativo que combina emocion e intriga en cada capitulo. Una historia que atrapa desde la primera pagina. La narracion se despliega entre distintos escenarios y epocas.,https://covers.biblioteca.local/00366.jpg,3,978-0-7974-9735-1,6
367,Guia Practica de Bases de Datos,"Un texto actualizado que aborda los principios de Bases de Datos, dirigido a estudiantes y profesionales del area. Incluye ejemplos practicos, casos de estudio y ejercicios para reforzar el aprendizaje.",https://covers.biblioteca.local/00367.jpg,1,978-0-08-021442-9,5
368,Edicion de Video: teoria y practica,"Un texto aplicado que aborda los principios de Edicion de Video, dirigido a estudiantes y profesionales del area. Incluye ejemplos practicos, casos de estudio y ejercicios para reforzar el aprendizaje.",https://covers.biblioteca.local/00368.jpg,3,978-0-312-07356-5,4
369,Contabilidad Publica: teoria y practica,"Un texto actualizado que aborda los principios de Contabilidad Publica, dirigido a estudiantes y profesionales del area. Incluye ejemplos practicos, casos de estudio y ejercicios para reforzar el aprendizaje.",https://covers.biblioteca.local/00369.jpg,1,978-1-57051-204-9,8
370,Introduccion a Desarrollo Web,"Un texto didactico que aborda los principios de Desarrollo Web, dirigido a estudiantes y profesionales del area. Incluye ejemplos practicos, casos de estudio y ejercicios para reforzar el aprendizaje.",https://covers.biblioteca.local/00370.jpg,1,978-0-87234-601-7,29
371,Fundamentos de Algoritmos,"Un texto completo que aborda los principios de Algoritmos, dirigido a estudiantes y profesionales del area. Incluye ejemplos practicos, casos de estudio y ejercicios para reforzar el aprendizaje.",https://covers.biblioteca.local/00371.jpg,1,978-1-73037-183-7,26
372,Programacion Orientada a Objetos para Profesionales,"Un texto didactico que aborda los principios de Programacion Orientada a Objetos, dirigido a estudiantes y profesionales del area. Incluye ejemplos practicos, casos de estudio y ejercicios para reforzar el aprendizaje.",https://covers.biblioteca.local/00372.jpg,2,978-1-4520-8814-3,8
373,Fundamentos de Contabilidad de Costos,"Un texto aplicado que aborda los principios de Contabilidad de Costos, dirigido a estudiantes y profesionales del area. Incluye ejemplos practicos, casos de estudio y ejercicios para reforzar el aprendizaje.",https://covers.biblioteca.local/00373.jpg,1,978-1-350-31365-1,31
374,Manejo de Cultivos: teoria y practica,"Un texto completo que aborda los principios de Manejo de Cultivos, dirigido a estudiantes y profesionales del area. Incluye ejemplos practicos, casos de estudio y ejercicios para reforzar el aprendizaje.",https://covers.biblioteca.local/00374.jpg,1,978-0-491-63009-2,31
375,Guia Practica de Contabilidad de Costos,"Un texto practico que aborda los principios de Contabilidad de Costos, dirigido a estudiantes y profesionales del area. Incluye ejemplos practicos, casos de estudio y ejercicios para reforzar el aprendizaje.",https://covers.biblioteca.local/00375.jpg,1,978-0-513-27195-1,37
376,Introduccion a Finanzas Corporativas,"Un texto aplicado que aborda los principios de Finanzas Corporativas, dirigido a estudiantes y profesionales del area. Incluye ejemplos practicos, casos de estudio y ejercicios para reforzar el aprendizaje.",https://covers.biblioteca.local/00376.jpg,3,978-0-528-12735-9,16
377,Ilustracion Digital para Profesionales,"Un texto actualizado que aborda los principios de Ilustracion Digital, dirigido a estudiantes y profesionales del area. Incluye ejemplos practicos, casos de estudio y ejercicios para reforzar el aprendizaje.",https://covers.biblioteca.local/00377.jpg,1,978-1-306-52407-0,4
378,Costos y Presupuestos para Profesionales,"Un texto didactico que aborda los principios de Costos y Presupuestos, dirigido a estudiantes y profesionales del area. Incluye ejemplos practicos, casos de estudio y ejercicios para reforzar el aprendizaje.",https://covers.biblioteca.local/00378.jpg,2,978-1-873928-55-4,32
379,Guia Practica de Motion Graphics,"Un texto didactico que aborda los principios de Motion Graphics, dirigido a estudiantes y profesionales del area. Incluye ejemplos practicos, casos de estudio y ejercicios para reforzar el aprendizaje.",https://covers.biblioteca.local/00379.jpg,1,978-1-9821-8274-8,36
380,Introduccion a Emprendimiento,"Un texto practico que aborda los principios de Emprendimiento, dirigido a estudiantes y profesionales del area. Incluye ejemplos practicos, casos de estudio y ejercicios para reforzar el aprendizaje.",https://covers.biblioteca.local/00380.jpg,1,978-1-70862-095-0,37
381,Introduccion a Bases de Datos,"Un texto riguroso que aborda los principios de Bases de Datos, dirigido a estudiantes y profesionales del area. Incluye ejemplos practicos, casos de estudio y ejercicios para reforzar el aprendizaje.",https://covers.biblioteca.local/00381.jpg,5,978-1-186-38782-6,2
382,Finanzas Corporativas: teoria y practica,"Un texto aplicado que aborda los principios de Finanzas Corporativas, dirigido a estudiantes y profesionales del area. Incluye ejemplos practicos, casos de estudio y ejercicios para reforzar el aprendizaje.",https://covers.biblioteca.local/00382.jpg,4,978-1-65118-102-7,40
383,Principios de Machine Learning,"Un texto actualizado que aborda los principios de Machine Learning, dirigido a estudiantes y profesionales del area. Incluye ejemplos practicos, casos de estudio y ejercicios para reforzar el aprendizaje.",https://covers.biblioteca.local/00383.jpg,3,978-0-317-31096-2,15
384,Contabilidad de Costos: teoria y practica,"Un texto practico que aborda los principios de Contabilidad de Costos, dirigido a estudiantes y profesionales del area. Incluye ejemplos practicos, casos de estudio y ejercicios para reforzar el aprendizaje.",https://covers.biblioteca.local/00384.jpg,3,978-1-05-391037-9,7
385,Guia Practica de Nutricion Animal,"Un texto aplicado que aborda los principios de Nutricion Animal, dirigido a estudiantes y profesionales del area. Incluye ejemplos practicos, casos de estudio y ejercicios para reforzar el aprendizaje.",https://covers.biblioteca.local/00385.jpg,4,978-1-05-865094-2,32
386,Bases de Fotografia Digital,"Un texto actualizado que aborda los principios de Fotografia Digital, dirigido a estudiantes y profesionales del area. Incluye ejemplos practicos, casos de estudio y ejercicios para reforzar el aprendizaje.",https://covers.biblioteca.local/00386.jpg,3,978-0-413-81138-7,22
387,Diseno Web para Profesionales,"Un texto completo que aborda los principios de Diseno Web, dirigido a estudiantes y profesionales del area. Incluye ejemplos practicos, casos de estudio y ejercicios para reforzar el aprendizaje.",https://covers.biblioteca.local/00387.jpg,1,978-0-383-92886-3,38
388,Fundamentos de Nutricion Animal,"Un texto completo que aborda los principios de Nutricion Animal, dirigido a estudiantes y profesionales del area. Incluye ejemplos practicos, casos de estudio y ejercicios para reforzar el aprendizaje.",https://covers.biblioteca.local/00388.jpg,2,978-1-76122-868-1,12
389,Programacion Orientada a Objetos para Profesionales,"Un texto riguroso que aborda los principios de Programacion Orientada a Objetos, dirigido a estudiantes y profesionales del area. Incluye ejemplos practicos, casos de estudio y ejercicios para reforzar el aprendizaje.",https://covers.biblioteca.local/00389.jpg,3,978-0-89755-855-6,29
390,Bases de Contabilidad Financiera,"Un texto completo que aborda los principios de Contabilidad Financiera, dirigido a estudiantes y profesionales del area. Incluye ejemplos practicos, casos de estudio y ejercicios para reforzar el aprendizaje.",https://covers.biblioteca.local/00390.jpg,2,978-1-59398-368-0,19
391,Introduccion a Nutricion Animal,"Un texto actualizado que aborda los principios de Nutricion Animal, dirigido a estudiantes y profesionales del area. Incluye ejemplos practicos, casos de estudio y ejercicios para reforzar el aprendizaje.",https://covers.biblioteca.local/00391.jpg,2,978-1-77600-490-4,21
392,Liderazgo Organizacional Aplicada,"Un texto actualizado que aborda los principios de Liderazgo Organizacional, dirigido a estudiantes y profesionales del area. Incluye ejemplos practicos, casos de estudio y ejercicios para reforzar el aprendizaje.",https://covers.biblioteca.local/00392.jpg,1,978-1-04-335048-2,28
393,Manual de Auditoria,"Un texto practico que aborda los principios de Auditoria, dirigido a estudiantes y profesionales del area. Incluye ejemplos practicos, casos de estudio y ejercicios para reforzar el aprendizaje.",https://covers.biblioteca.local/00393.jpg,3,978-0-07-522459-4,13
394,La reino en cronicas,"La obra explora temas de identidad, perdida y esperanza. Una historia que atrapa desde la primera pagina. Los personajes enfrentan decisiones que cambiaran su destino para siempre.",https://covers.biblioteca.local/00394.jpg,1,978-0-441-96931-9,14
395,Manejo de Cultivos Aplicada,"Un texto riguroso que aborda los principios de Manejo de Cultivos, dirigido a estudiantes y profesionales del area. Incluye ejemplos practicos, casos de estudio y ejercicios para reforzar el aprendizaje.",https://covers.biblioteca.local/00395.jpg,1,978-1-279-19409-6,36
396,Marketing Estrategico Aplicada,"Un texto actualizado que aborda los principios de Marketing Estrategico, dirigido a estudiantes y profesionales del area. Incluye ejemplos practicos, casos de estudio y ejercicios para reforzar el aprendizaje.",https://covers.biblioteca.local/00396.jpg,1,978-0-05-566139-5,25
397,Contabilidad Publica Aplicada,"Un texto riguroso que aborda los principios de Contabilidad Publica, dirigido a estudiantes y profesionales del area. Incluye ejemplos practicos, casos de estudio y ejercicios para reforzar el aprendizaje.",https://covers.biblioteca.local/00397.jpg,1,978-1-04-805892-5,13
398,Fundamentos de Finanzas Corporativas,"Un texto actualizado que aborda los principios de Finanzas Corporativas, dirigido a estudiantes y profesionales del area. Incluye ejemplos practicos, casos de estudio y ejercicios para reforzar el aprendizaje.",https://covers.biblioteca.local/00398.jpg,3,978-0-206-79981-6,12
399,Emprendimiento: teoria y practica,"Un texto aplicado que aborda los principios de Emprendimiento, dirigido a estudiantes y profesionales del area. Incluye ejemplos practicos, casos de estudio y ejercicios para reforzar el aprendizaje.",https://covers.biblioteca.local/00399.jpg,1,978-1-4622-5179-7,17
400,Conceptos Clave de Liderazgo Organizacional,"Un texto riguroso que aborda los principios de Liderazgo Organizacional, dirigido a estudiantes y profesionales del area. Incluye ejemplos practicos, casos de estudio y ejercicios para reforzar el aprendizaje.",https://covers.biblioteca.local/00400.jpg,1,978-1-4168-6227-7,21
401,Manual de Ilustracion Digital,"Un texto didactico que aborda los principios de Ilustracion Digital, dirigido a estudiantes y profesionales del area. Incluye ejemplos practicos, casos de estudio y ejercicios para reforzar el aprendizaje.",https://covers.biblioteca.local/00401.jpg,2,978-1-69389-833-4,23
402,Bases de Sistemas de Riego,"Un texto aplicado que aborda los principios de Sistemas de Riego, dirigido a estudiantes y profesionales del area. Incluye ejemplos practicos, casos de estudio y ejercicios para reforzar el aprendizaje.",https://covers.biblioteca.local/00402.jpg,1,978-1-65911-665-6,5
403,Manual de Revisoria Fiscal,"Un texto riguroso que aborda los principios de Revisoria Fiscal, dirigido a estudiantes y profesionales del area. Incluye ejemplos practicos, casos de estudio y ejercicios para reforzar el aprendizaje.",https://covers.biblioteca.local/00403.jpg,3,978-0-559-04259-1,14
404,Introduccion a Diseno Web,"Un texto aplicado que aborda los principios de Diseno Web, dirigido a estudiantes y profesionales del area. Incluye ejemplos practicos, casos de estudio y ejercicios para reforzar el aprendizaje.",https://covers.biblioteca.local/00404.jpg,1,978-0-7033-5211-8,31
405,Guia Practica de Gerencia de Proyectos,"Un texto completo que aborda los principios de Gerencia de Proyectos, dirigido a estudiantes y profesionales del area. Incluye ejemplos practicos, casos de estudio y ejercicios para reforzar el aprendizaje.",https://covers.biblioteca.local/00405.jpg,1,978-0-924051-47-0,40
406,Introduccion a Sanidad Animal,"Un texto completo que aborda los principios de Sanidad Animal, dirigido a estudiantes y profesionales del area. Incluye ejemplos practicos, casos de estudio y ejercicios para reforzar el aprendizaje.",https://covers.biblioteca.local/00406.jpg,3,978-0-538-33884-4,17
407,Recursos Humanos Aplicada,"Un texto completo que aborda los principios de Recursos Humanos, dirigido a estudiantes y profesionales del area. Incluye ejemplos practicos, casos de estudio y ejercicios para reforzar el aprendizaje.",https://covers.biblioteca.local/00407.jpg,2,978-0-06-980420-7,13
408,La corazon de bosque,Considerada una de las obras mas influyentes de su genero. Un texto imprescindible para comprender las tensiones de su tiempo.,https://covers.biblioteca.local/00408.jpg,3,978-0-940701-64-9,1
409,Bases de Estructuras de Datos,"Un texto practico que aborda los principios de Estructuras de Datos, dirigido a estudiantes y profesionales del area. Incluye ejemplos practicos, casos de estudio y ejercicios para reforzar el aprendizaje.",https://covers.biblioteca.local/00409.jpg,3,978-0-04-636815-9,7
410,Manual de Produccion Agricola,"Un texto actualizado que aborda los principios de Produccion Agricola, dirigido a estudiantes y profesionales del area. Incluye ejemplos practicos, casos de estudio y ejercicios para reforzar el aprendizaje.",https://covers.biblioteca.local/00410.jpg,1,978-0-238-78003-5,4
411,Bases de Diseno Grafico,"Un texto didactico que aborda los principios de Diseno Grafico, dirigido a estudiantes y profesionales del area. Incluye ejemplos practicos, casos de estudio y ejercicios para reforzar el aprendizaje.",https://covers.biblioteca.local/00411.jpg,3,978-1-76205-554-5,28
412,La jardin y el cronicas,Considerada una de las obras mas influyentes de su genero. Una historia que atrapa desde la primera pagina.,https://covers.biblioteca.local/00412.jpg,1,978-1-04-608432-2,40
413,El Mar de legado,Una reflexion sobre la sociedad contemporanea contada con maestria. Considerada una de las obras mas influyentes de su genero.,https://covers.biblioteca.local/00413.jpg,5,978-1-216-89363-1,7
414,Bases de Ilustracion Digital,"Un texto completo que aborda los principios de Ilustracion Digital, dirigido a estudiantes y profesionales del area. Incluye ejemplos practicos, casos de estudio y ejercicios para reforzar el aprendizaje.",https://covers.biblioteca.local/00414.jpg,3,978-1-4957-8232-9,25
415,Guia Practica de Fotografia Digital,"Un texto actualizado que aborda los principios de Fotografia Digital, dirigido a estudiantes y profesionales del area. Incluye ejemplos practicos, casos de estudio y ejercicios para reforzar el aprendizaje.",https://covers.biblioteca.local/00415.jpg,3,978-0-482-62925-8,9
416,Principios de Arquitectura de Software,"Un texto actualizado que aborda los principios de Arquitectura de Software, dirigido a estudiantes y profesionales del area. Incluye ejemplos practicos, casos de estudio y ejercicios para reforzar el aprendizaje.",https://covers.biblioteca.local/00416.jpg,1,978-0-252-05664-2,24
417,El Cielo sin castillo,Una historia que atrapa desde la primera pagina. Un texto imprescindible para comprender las tensiones de su tiempo.,https://covers.biblioteca.local/00417.jpg,1,978-1-231-22099-3,37
418,Fundamentos de Contabilidad de Costos,"Un texto completo que aborda los principios de Contabilidad de Costos, dirigido a estudiantes y profesionales del area. Incluye ejemplos practicos, casos de estudio y ejercicios para reforzar el aprendizaje.",https://covers.biblioteca.local/00418.jpg,3,978-0-933051-72-0,27
419,Liderazgo Organizacional para Profesionales,"Un texto completo que aborda los principios de Liderazgo Organizacional, dirigido a estudiantes y profesionales del area. Incluye ejemplos practicos, casos de estudio y ejercicios para reforzar el aprendizaje.",https://covers.biblioteca.local/00419.jpg,3,978-1-267-72233-1,13
420,Introduccion a Analisis Financiero,"Un texto riguroso que aborda los principios de Analisis Financiero, dirigido a estudiantes y profesionales del area. Incluye ejemplos practicos, casos de estudio y ejercicios para reforzar el aprendizaje.",https://covers.biblioteca.local/00420.jpg,3,978-1-04-633312-3,36
421,El Espejo tras rio,Un relato profundo sobre las relaciones humanas y el paso del tiempo. Un viaje narrativo que combina emocion e intriga en cada capitulo. Un clasico recomendado para lectores de todas las edades.,https://covers.biblioteca.local/00421.jpg,5,978-1-57366-096-9,32
422,Impuestos Aplicada,"Un texto aplicado que aborda los principios de Impuestos, dirigido a estudiantes y profesionales del area. Incluye ejemplos practicos, casos de estudio y ejercicios para reforzar el aprendizaje.",https://covers.biblioteca.local/00422.jpg,3,978-1-9998808-1-1,40
423,Conceptos Clave de Analisis Financiero,"Un texto completo que aborda los principios de Analisis Financiero, dirigido a estudiantes y profesionales del area. Incluye ejemplos practicos, casos de estudio y ejercicios para reforzar el aprendizaje.",https://covers.biblioteca.local/00423.jpg,3,978-1-03-886086-6,38
424,Introduccion a Finanzas Corporativas,"Un texto practico que aborda los principios de Finanzas Corporativas, dirigido a estudiantes y profesionales del area. Incluye ejemplos practicos, casos de estudio y ejercicios para reforzar el aprendizaje.",https://covers.biblioteca.local/00424.jpg,2,978-0-476-44726-4,28
425,Ilustracion Digital: teoria y practica,"Un texto practico que aborda los principios de Ilustracion Digital, dirigido a estudiantes y profesionales del area. Incluye ejemplos practicos, casos de estudio y ejercicios para reforzar el aprendizaje.",https://covers.biblioteca.local/00425.jpg,2,978-0-8277-1812-8,12
426,Conceptos Clave de Produccion Agricola,"Un texto aplicado que aborda los principios de Produccion Agricola, dirigido a estudiantes y profesionales del area. Incluye ejemplos practicos, casos de estudio y ejercicios para reforzar el aprendizaje.",https://covers.biblioteca.local/00426.jpg,2,978-1-65702-793-0,5
427,Bases de Gerencia de Proyectos,"Un texto practico que aborda los principios de Gerencia de Proyectos, dirigido a estudiantes y profesionales del area. Incluye ejemplos practicos, casos de estudio y ejercicios para reforzar el aprendizaje.",https://covers.biblioteca.local/00427.jpg,4,978-0-452-11175-2,26
428,Principios de Revisoria Fiscal,"Un texto aplicado que aborda los principios de Revisoria Fiscal, dirigido a estudiantes y profesionales del area. Incluye ejemplos practicos, casos de estudio y ejercicios para reforzar el aprendizaje.",https://covers.biblioteca.local/00428.jpg,1,978-1-892686-02-2,10
429,Fundamentos de Fotografia Digital,"Un texto completo que aborda los principios de Fotografia Digital, dirigido a estudiantes y profesionales del area. Incluye ejemplos practicos, casos de estudio y ejercicios para reforzar el aprendizaje.",https://covers.biblioteca.local/00429.jpg,2,978-0-222-06447-9,33
430,El Horizonte en corazon,La narracion se despliega entre distintos escenarios y epocas. Un viaje narrativo que combina emocion e intriga en cada capitulo.,https://covers.biblioteca.local/00430.jpg,2,978-0-12-309407-0,40
431,Conceptos Clave de Estados Financieros,"Un texto aplicado que aborda los principios de Estados Financieros, dirigido a estudiantes y profesionales del area. Incluye ejemplos practicos, casos de estudio y ejercicios para reforzar el aprendizaje.",https://covers.biblioteca.local/00431.jpg,3,978-1-80973-397-9,37
432,Principios de Cultivos Tropicales,"Un texto didactico que aborda los principios de Cultivos Tropicales, dirigido a estudiantes y profesionales del area. Incluye ejemplos practicos, casos de estudio y ejercicios para reforzar el aprendizaje.",https://covers.biblioteca.local/00432.jpg,4,978-1-71990-384-4,15
433,El Sueno en secreto,La narracion se despliega entre distintos escenarios y epocas. Un viaje narrativo que combina emocion e intriga en cada capitulo.,https://covers.biblioteca.local/00433.jpg,3,978-0-220-50209-6,34
434,La horizonte y el destino,Una historia que atrapa desde la primera pagina. La narracion se despliega entre distintos escenarios y epocas.,https://covers.biblioteca.local/00434.jpg,2,978-1-101-62249-0,21
435,Agroecologia: teoria y practica,"Un texto riguroso que aborda los principios de Agroecologia, dirigido a estudiantes y profesionales del area. Incluye ejemplos practicos, casos de estudio y ejercicios para reforzar el aprendizaje.",https://covers.biblioteca.local/00435.jpg,5,978-1-950145-56-0,35
436,Salvaje Fuego,Una reflexion sobre la sociedad contemporanea contada con maestria. Un clasico recomendado para lectores de todas las edades. Un relato profundo sobre las relaciones humanas y el paso del tiempo.,https://covers.biblioteca.local/00436.jpg,1,978-1-81472-145-9,34
437,Bases de Costos y Presupuestos,"Un texto aplicado que aborda los principios de Costos y Presupuestos, dirigido a estudiantes y profesionales del area. Incluye ejemplos practicos, casos de estudio y ejercicios para reforzar el aprendizaje.",https://covers.biblioteca.local/00437.jpg,2,978-0-390-19817-4,31
438,Manual de Diseno UX/UI,"Un texto aplicado que aborda los principios de Diseno UX/UI, dirigido a estudiantes y profesionales del area. Incluye ejemplos practicos, casos de estudio y ejercicios para reforzar el aprendizaje.",https://covers.biblioteca.local/00438.jpg,1,978-1-954899-52-0,33
439,Bases de Impuestos,"Un texto practico que aborda los principios de Impuestos, dirigido a estudiantes y profesionales del area. Incluye ejemplos practicos, casos de estudio y ejercicios para reforzar el aprendizaje.",https://covers.biblioteca.local/00439.jpg,2,978-1-72934-301-2,8
440,Inteligencia Artificial para Profesionales,"Un texto aplicado que aborda los principios de Inteligencia Artificial, dirigido a estudiantes y profesionales del area. Incluye ejemplos practicos, casos de estudio y ejercicios para reforzar el aprendizaje.",https://covers.biblioteca.local/00440.jpg,4,978-1-139-66055-6,31
441,Viaje silencioso,Una historia que atrapa desde la primera pagina. Un viaje narrativo que combina emocion e intriga en cada capitulo. Un texto imprescindible para comprender las tensiones de su tiempo.,https://covers.biblioteca.local/00441.jpg,1,978-0-344-14488-2,9
442,Perdido Fuego,"Un clasico recomendado para lectores de todas las edades. La obra explora temas de identidad, perdida y esperanza.",https://covers.biblioteca.local/00442.jpg,3,978-0-15-569902-1,4
443,Zootecnia para Profesionales,"Un texto actualizado que aborda los principios de Zootecnia, dirigido a estudiantes y profesionales del area. Incluye ejemplos practicos, casos de estudio y ejercicios para reforzar el aprendizaje.",https://covers.biblioteca.local/00443.jpg,1,978-1-57702-727-0,19
444,Principios de Gestion de la Calidad,"Un texto actualizado que aborda los principios de Gestion de la Calidad, dirigido a estudiantes y profesionales del area. Incluye ejemplos practicos, casos de estudio y ejercicios para reforzar el aprendizaje.",https://covers.biblioteca.local/00444.jpg,1,978-1-60849-588-7,27
445,Principios de Multimedia Interactiva,"Un texto didactico que aborda los principios de Multimedia Interactiva, dirigido a estudiantes y profesionales del area. Incluye ejemplos practicos, casos de estudio y ejercicios para reforzar el aprendizaje.",https://covers.biblioteca.local/00445.jpg,2,978-0-9551240-5-1,15
446,Fundamentos de Contabilidad Tributaria,"Un texto aplicado que aborda los principios de Contabilidad Tributaria, dirigido a estudiantes y profesionales del area. Incluye ejemplos practicos, casos de estudio y ejercicios para reforzar el aprendizaje.",https://covers.biblioteca.local/00446.jpg,1,978-0-9962914-5-3,34
447,Guia Practica de Auditoria,"Un texto aplicado que aborda los principios de Auditoria, dirigido a estudiantes y profesionales del area. Incluye ejemplos practicos, casos de estudio y ejercicios para reforzar el aprendizaje.",https://covers.biblioteca.local/00447.jpg,2,978-1-61735-743-5,39
448,El Cielo sin bosque,"Una trama envolvente que mezcla drama, misterio y superacion personal. La narracion se despliega entre distintos escenarios y epocas.",https://covers.biblioteca.local/00448.jpg,1,978-0-15-031780-7,9
449,Introduccion a Revisoria Fiscal,"Un texto practico que aborda los principios de Revisoria Fiscal, dirigido a estudiantes y profesionales del area. Incluye ejemplos practicos, casos de estudio y ejercicios para reforzar el aprendizaje.",https://covers.biblioteca.local/00449.jpg,1,978-0-357-84521-9,28
450,Prohibido Horizonte,Un clasico recomendado para lectores de todas las edades. Un texto imprescindible para comprender las tensiones de su tiempo. Un relato profundo sobre las relaciones humanas y el paso del tiempo.,https://covers.biblioteca.local/00450.jpg,1,978-0-07-681040-6,28
451,Bases de Marketing Estrategico,"Un texto completo que aborda los principios de Marketing Estrategico, dirigido a estudiantes y profesionales del area. Incluye ejemplos practicos, casos de estudio y ejercicios para reforzar el aprendizaje.",https://covers.biblioteca.local/00451.jpg,2,978-1-70184-094-2,39
452,Sueno roto,Un texto imprescindible para comprender las tensiones de su tiempo. Una historia que atrapa desde la primera pagina.,https://covers.biblioteca.local/00452.jpg,1,978-1-334-48571-8,37
453,Introduccion a Zootecnia,"Un texto practico que aborda los principios de Zootecnia, dirigido a estudiantes y profesionales del area. Incluye ejemplos practicos, casos de estudio y ejercicios para reforzar el aprendizaje.",https://covers.biblioteca.local/00453.jpg,2,978-0-241-09881-3,27
454,La bosque del silencio,Los personajes enfrentan decisiones que cambiaran su destino para siempre. Considerada una de las obras mas influyentes de su genero. El autor construye un mundo lleno de detalles y matices inolvidables.,https://covers.biblioteca.local/00454.jpg,1,978-1-85424-932-6,37
455,Guia Practica de Programacion,"Un texto actualizado que aborda los principios de Programacion, dirigido a estudiantes y profesionales del area. Incluye ejemplos practicos, casos de estudio y ejercicios para reforzar el aprendizaje.",https://covers.biblioteca.local/00455.jpg,2,978-1-958702-07-9,36
456,Principios de Revisoria Fiscal,"Un texto actualizado que aborda los principios de Revisoria Fiscal, dirigido a estudiantes y profesionales del area. Incluye ejemplos practicos, casos de estudio y ejercicios para reforzar el aprendizaje.",https://covers.biblioteca.local/00456.jpg,1,978-0-601-66299-9,15
457,Guia Practica de Fotografia Digital,"Un texto didactico que aborda los principios de Fotografia Digital, dirigido a estudiantes y profesionales del area. Incluye ejemplos practicos, casos de estudio y ejercicios para reforzar el aprendizaje.",https://covers.biblioteca.local/00457.jpg,1,978-1-4538-1792-6,26
458,La cielo sin legado,"La obra explora temas de identidad, perdida y esperanza. El autor construye un mundo lleno de detalles y matices inolvidables.",https://covers.biblioteca.local/00458.jpg,3,978-1-174-77332-7,1
459,Manual de Produccion Audiovisual,"Un texto completo que aborda los principios de Produccion Audiovisual, dirigido a estudiantes y profesionales del area. Incluye ejemplos practicos, casos de estudio y ejercicios para reforzar el aprendizaje.",https://covers.biblioteca.local/00459.jpg,3,978-1-62557-701-6,15
460,La rio sin camino,El autor construye un mundo lleno de detalles y matices inolvidables. Un clasico recomendado para lectores de todas las edades. Considerada una de las obras mas influyentes de su genero.,https://covers.biblioteca.local/00460.jpg,1,978-0-577-24599-8,19
461,El Reino tras umbral,Una historia que atrapa desde la primera pagina. Un viaje narrativo que combina emocion e intriga en cada capitulo. Considerada una de las obras mas influyentes de su genero.,https://covers.biblioteca.local/00461.jpg,2,978-0-615-81487-2,19
462,Manual de Bases de Datos,"Un texto aplicado que aborda los principios de Bases de Datos, dirigido a estudiantes y profesionales del area. Incluye ejemplos practicos, casos de estudio y ejercicios para reforzar el aprendizaje.",https://covers.biblioteca.local/00462.jpg,3,978-1-393-82761-0,3
463,Guia Practica de Analisis Financiero,"Un texto didactico que aborda los principios de Analisis Financiero, dirigido a estudiantes y profesionales del area. Incluye ejemplos practicos, casos de estudio y ejercicios para reforzar el aprendizaje.",https://covers.biblioteca.local/00463.jpg,2,978-0-9669583-2-4,26
464,Introduccion a Contabilidad de Costos,"Un texto actualizado que aborda los principios de Contabilidad de Costos, dirigido a estudiantes y profesionales del area. Incluye ejemplos practicos, casos de estudio y ejercicios para reforzar el aprendizaje.",https://covers.biblioteca.local/00464.jpg,3,978-1-199-75817-0,5
465,Manual de Costos y Presupuestos,"Un texto aplicado que aborda los principios de Costos y Presupuestos, dirigido a estudiantes y profesionales del area. Incluye ejemplos practicos, casos de estudio y ejercicios para reforzar el aprendizaje.",https://covers.biblioteca.local/00465.jpg,2,978-1-61919-657-5,39
466,Principios de Multimedia Interactiva,"Un texto actualizado que aborda los principios de Multimedia Interactiva, dirigido a estudiantes y profesionales del area. Incluye ejemplos practicos, casos de estudio y ejercicios para reforzar el aprendizaje.",https://covers.biblioteca.local/00466.jpg,1,978-0-329-02278-5,27
467,El Cielo de corazon,Una reflexion sobre la sociedad contemporanea contada con maestria. Un relato profundo sobre las relaciones humanas y el paso del tiempo. Considerada una de las obras mas influyentes de su genero.,https://covers.biblioteca.local/00467.jpg,3,978-1-997335-49-8,17
468,Introduccion a Ciberseguridad,"Un texto riguroso que aborda los principios de Ciberseguridad, dirigido a estudiantes y profesionales del area. Incluye ejemplos practicos, casos de estudio y ejercicios para reforzar el aprendizaje.",https://covers.biblioteca.local/00468.jpg,1,978-1-5190-9862-7,30
469,El Umbral de sueno,El autor construye un mundo lleno de detalles y matices inolvidables. La narracion se despliega entre distintos escenarios y epocas.,https://covers.biblioteca.local/00469.jpg,3,978-0-580-08514-7,15
470,Profundo Silencio,Considerada una de las obras mas influyentes de su genero. Un texto imprescindible para comprender las tensiones de su tiempo. Una historia que atrapa desde la primera pagina.,https://covers.biblioteca.local/00470.jpg,2,978-0-696-56666-0,17
471,Guia Practica de Redes de Computadores,"Un texto aplicado que aborda los principios de Redes de Computadores, dirigido a estudiantes y profesionales del area. Incluye ejemplos practicos, casos de estudio y ejercicios para reforzar el aprendizaje.",https://covers.biblioteca.local/00471.jpg,3,978-0-7238-6562-9,36
472,Prohibido Laberinto,Un viaje narrativo que combina emocion e intriga en cada capitulo. Un clasico recomendado para lectores de todas las edades. Los personajes enfrentan decisiones que cambiaran su destino para siempre.,https://covers.biblioteca.local/00472.jpg,2,978-0-201-02762-4,12
473,Conceptos Clave de Ilustracion Digital,"Un texto riguroso que aborda los principios de Ilustracion Digital, dirigido a estudiantes y profesionales del area. Incluye ejemplos practicos, casos de estudio y ejercicios para reforzar el aprendizaje.",https://covers.biblioteca.local/00473.jpg,5,978-0-679-69278-2,17
474,Antiguo Castillo 3,Un relato profundo sobre las relaciones humanas y el paso del tiempo. La narracion se despliega entre distintos escenarios y epocas.,https://covers.biblioteca.local/00474.jpg,5,978-1-65326-909-9,32
475,Bases de Impuestos,"Un texto didactico que aborda los principios de Impuestos, dirigido a estudiantes y profesionales del area. Incluye ejemplos practicos, casos de estudio y ejercicios para reforzar el aprendizaje.",https://covers.biblioteca.local/00475.jpg,1,978-0-8468-9500-8,37
476,Guia Practica de Ciberseguridad,"Un texto actualizado que aborda los principios de Ciberseguridad, dirigido a estudiantes y profesionales del area. Incluye ejemplos practicos, casos de estudio y ejercicios para reforzar el aprendizaje.",https://covers.biblioteca.local/00476.jpg,4,978-1-197-12847-0,9
477,El Corazon y el umbral,Considerada una de las obras mas influyentes de su genero. Una reflexion sobre la sociedad contemporanea contada con maestria.,https://covers.biblioteca.local/00477.jpg,1,978-0-371-89490-3,26
478,Conceptos Clave de Talento Humano,"Un texto didactico que aborda los principios de Talento Humano, dirigido a estudiantes y profesionales del area. Incluye ejemplos practicos, casos de estudio y ejercicios para reforzar el aprendizaje.",https://covers.biblioteca.local/00478.jpg,2,978-0-7787-9565-0,7
479,La puente sin sueno,Considerada una de las obras mas influyentes de su genero. Los personajes enfrentan decisiones que cambiaran su destino para siempre.,https://covers.biblioteca.local/00479.jpg,4,978-1-209-49407-4,16
480,Conceptos Clave de Manejo de Cultivos,"Un texto actualizado que aborda los principios de Manejo de Cultivos, dirigido a estudiantes y profesionales del area. Incluye ejemplos practicos, casos de estudio y ejercicios para reforzar el aprendizaje.",https://covers.biblioteca.local/00480.jpg,1,978-0-490-47128-3,14
481,Manual de Sanidad Animal,"Un texto didactico que aborda los principios de Sanidad Animal, dirigido a estudiantes y profesionales del area. Incluye ejemplos practicos, casos de estudio y ejercicios para reforzar el aprendizaje.",https://covers.biblioteca.local/00481.jpg,2,978-1-4294-4401-9,12
482,Bases de Analisis Financiero,"Un texto actualizado que aborda los principios de Analisis Financiero, dirigido a estudiantes y profesionales del area. Incluye ejemplos practicos, casos de estudio y ejercicios para reforzar el aprendizaje.",https://covers.biblioteca.local/00482.jpg,1,978-0-7524-3728-6,25
483,Agroindustria: teoria y practica,"Un texto practico que aborda los principios de Agroindustria, dirigido a estudiantes y profesionales del area. Incluye ejemplos practicos, casos de estudio y ejercicios para reforzar el aprendizaje.",https://covers.biblioteca.local/00483.jpg,4,978-1-129-27663-7,32
484,Conceptos Clave de Sistemas Operativos,"Un texto practico que aborda los principios de Sistemas Operativos, dirigido a estudiantes y profesionales del area. Incluye ejemplos practicos, casos de estudio y ejercicios para reforzar el aprendizaje.",https://covers.biblioteca.local/00484.jpg,3,978-0-395-04102-4,14
485,La umbral tras bosque,Un texto imprescindible para comprender las tensiones de su tiempo. Una reflexion sobre la sociedad contemporanea contada con maestria. Los personajes enfrentan decisiones que cambiaran su destino para siempre.,https://covers.biblioteca.local/00485.jpg,4,978-1-74783-667-1,24
486,Guia Practica de Estados Financieros,"Un texto practico que aborda los principios de Estados Financieros, dirigido a estudiantes y profesionales del area. Incluye ejemplos practicos, casos de estudio y ejercicios para reforzar el aprendizaje.",https://covers.biblioteca.local/00486.jpg,2,978-0-86047-658-0,23
487,Emprendimiento Aplicada,"Un texto didactico que aborda los principios de Emprendimiento, dirigido a estudiantes y profesionales del area. Incluye ejemplos practicos, casos de estudio y ejercicios para reforzar el aprendizaje.",https://covers.biblioteca.local/00487.jpg,2,978-0-85694-544-1,32
488,Realidad Aumentada para Profesionales,"Un texto didactico que aborda los principios de Realidad Aumentada, dirigido a estudiantes y profesionales del area. Incluye ejemplos practicos, casos de estudio y ejercicios para reforzar el aprendizaje.",https://covers.biblioteca.local/00488.jpg,2,978-1-967393-85-5,11
489,Principios de Programacion Orientada a Objetos,"Un texto didactico que aborda los principios de Programacion Orientada a Objetos, dirigido a estudiantes y profesionales del area. Incluye ejemplos practicos, casos de estudio y ejercicios para reforzar el aprendizaje.",https://covers.biblioteca.local/00489.jpg,5,978-1-80010-618-5,22
490,Motion Graphics: teoria y practica,"Un texto riguroso que aborda los principios de Motion Graphics, dirigido a estudiantes y profesionales del area. Incluye ejemplos practicos, casos de estudio y ejercicios para reforzar el aprendizaje.",https://covers.biblioteca.local/00490.jpg,1,978-1-5344-3009-9,26
491,La destino en mar,"El autor construye un mundo lleno de detalles y matices inolvidables. La obra explora temas de identidad, perdida y esperanza. La narracion se despliega entre distintos escenarios y epocas.",https://covers.biblioteca.local/00491.jpg,3,978-0-939111-92-3,2
492,Fundamentos de Manejo de Cultivos,"Un texto didactico que aborda los principios de Manejo de Cultivos, dirigido a estudiantes y profesionales del area. Incluye ejemplos practicos, casos de estudio y ejercicios para reforzar el aprendizaje.",https://covers.biblioteca.local/00492.jpg,2,978-0-12-447174-0,7
493,Guia Practica de Manejo de Suelos,"Un texto completo que aborda los principios de Manejo de Suelos, dirigido a estudiantes y profesionales del area. Incluye ejemplos practicos, casos de estudio y ejercicios para reforzar el aprendizaje.",https://covers.biblioteca.local/00493.jpg,2,978-1-4214-0665-7,6
494,El Sueno sin castillo,La narracion se despliega entre distintos escenarios y epocas. El autor construye un mundo lleno de detalles y matices inolvidables.,https://covers.biblioteca.local/00494.jpg,1,978-1-4271-7396-6,20
495,Conceptos Clave de Cultivos Tropicales,"Un texto practico que aborda los principios de Cultivos Tropicales, dirigido a estudiantes y profesionales del area. Incluye ejemplos practicos, casos de estudio y ejercicios para reforzar el aprendizaje.",https://covers.biblioteca.local/00495.jpg,1,978-1-128-63917-4,34
496,Conceptos Clave de Realidad Aumentada,"Un texto didactico que aborda los principios de Realidad Aumentada, dirigido a estudiantes y profesionales del area. Incluye ejemplos practicos, casos de estudio y ejercicios para reforzar el aprendizaje.",https://covers.biblioteca.local/00496.jpg,2,978-0-01-194707-5,38
497,Introduccion a Contabilidad Financiera,"Un texto aplicado que aborda los principios de Contabilidad Financiera, dirigido a estudiantes y profesionales del area. Incluye ejemplos practicos, casos de estudio y ejercicios para reforzar el aprendizaje.",https://covers.biblioteca.local/00497.jpg,5,978-0-06-425690-2,15
498,El Destino en puente,"Los personajes enfrentan decisiones que cambiaran su destino para siempre. La obra explora temas de identidad, perdida y esperanza. Un texto imprescindible para comprender las tensiones de su tiempo.",https://covers.biblioteca.local/00498.jpg,1,978-1-66183-067-0,1
499,Bases de Arquitectura de Software,"Un texto actualizado que aborda los principios de Arquitectura de Software, dirigido a estudiantes y profesionales del area. Incluye ejemplos practicos, casos de estudio y ejercicios para reforzar el aprendizaje.",https://covers.biblioteca.local/00499.jpg,2,978-1-5460-1585-7,32
500,Principios de Produccion Pecuaria,"Un texto actualizado que aborda los principios de Produccion Pecuaria, dirigido a estudiantes y profesionales del area. Incluye ejemplos practicos, casos de estudio y ejercicios para reforzar el aprendizaje.",https://covers.biblioteca.local/00500.jpg,1,978-1-4328-0634-7,28
501,Guia Practica de Emprendimiento,"Un texto riguroso que aborda los principios de Emprendimiento, dirigido a estudiantes y profesionales del area. Incluye ejemplos practicos, casos de estudio y ejercicios para reforzar el aprendizaje.",https://covers.biblioteca.local/00501.jpg,1,978-0-571-73203-6,6
502,Fuego dorado,Los personajes enfrentan decisiones que cambiaran su destino para siempre. La narracion se despliega entre distintos escenarios y epocas. Considerada una de las obras mas influyentes de su genero.,https://covers.biblioteca.local/00502.jpg,3,978-0-7618-4787-8,18
503,Guia Practica de Diseno Grafico,"Un texto actualizado que aborda los principios de Diseno Grafico, dirigido a estudiantes y profesionales del area. Incluye ejemplos practicos, casos de estudio y ejercicios para reforzar el aprendizaje.",https://covers.biblioteca.local/00503.jpg,2,978-0-505-06138-6,8
504,Machine Learning para Profesionales,"Un texto didactico que aborda los principios de Machine Learning, dirigido a estudiantes y profesionales del area. Incluye ejemplos practicos, casos de estudio y ejercicios para reforzar el aprendizaje.",https://covers.biblioteca.local/00504.jpg,2,978-0-931027-07-9,13
505,Realidad Aumentada Aplicada,"Un texto aplicado que aborda los principios de Realidad Aumentada, dirigido a estudiantes y profesionales del area. Incluye ejemplos practicos, casos de estudio y ejercicios para reforzar el aprendizaje.",https://covers.biblioteca.local/00505.jpg,2,978-0-202-04179-7,19
506,La castillo tras destino,Un viaje narrativo que combina emocion e intriga en cada capitulo. Un relato profundo sobre las relaciones humanas y el paso del tiempo.,https://covers.biblioteca.local/00506.jpg,2,978-0-11-799313-6,10
507,Programacion Aplicada,"Un texto didactico que aborda los principios de Programacion, dirigido a estudiantes y profesionales del area. Incluye ejemplos practicos, casos de estudio y ejercicios para reforzar el aprendizaje.",https://covers.biblioteca.local/00507.jpg,1,978-1-65198-253-2,30
508,El Laberinto de castillo,Los personajes enfrentan decisiones que cambiaran su destino para siempre. El autor construye un mundo lleno de detalles y matices inolvidables.,https://covers.biblioteca.local/00508.jpg,2,978-0-511-42625-4,5
509,Gestion Empresarial Aplicada,"Un texto didactico que aborda los principios de Gestion Empresarial, dirigido a estudiantes y profesionales del area. Incluye ejemplos practicos, casos de estudio y ejercicios para reforzar el aprendizaje.",https://covers.biblioteca.local/00509.jpg,2,978-1-390-21962-3,13
510,Bases de Planeacion Estrategica,"Un texto actualizado que aborda los principios de Planeacion Estrategica, dirigido a estudiantes y profesionales del area. Incluye ejemplos practicos, casos de estudio y ejercicios para reforzar el aprendizaje.",https://covers.biblioteca.local/00510.jpg,2,978-1-100-21946-2,20
511,Fotografia Digital para Profesionales,"Un texto practico que aborda los principios de Fotografia Digital, dirigido a estudiantes y profesionales del area. Incluye ejemplos practicos, casos de estudio y ejercicios para reforzar el aprendizaje.",https://covers.biblioteca.local/00511.jpg,1,978-0-324-87632-1,20
512,Machine Learning: teoria y practica,"Un texto actualizado que aborda los principios de Machine Learning, dirigido a estudiantes y profesionales del area. Incluye ejemplos practicos, casos de estudio y ejercicios para reforzar el aprendizaje.",https://covers.biblioteca.local/00512.jpg,2,978-0-7914-5608-8,28
513,Produccion Audiovisual Aplicada,"Un texto practico que aborda los principios de Produccion Audiovisual, dirigido a estudiantes y profesionales del area. Incluye ejemplos practicos, casos de estudio y ejercicios para reforzar el aprendizaje.",https://covers.biblioteca.local/00513.jpg,1,978-0-18-195883-3,1
514,Talento Humano para Profesionales,"Un texto actualizado que aborda los principios de Talento Humano, dirigido a estudiantes y profesionales del area. Incluye ejemplos practicos, casos de estudio y ejercicios para reforzar el aprendizaje.",https://covers.biblioteca.local/00514.jpg,1,978-0-403-12772-6,40
515,La fuego de camino,"La narracion se despliega entre distintos escenarios y epocas. La obra explora temas de identidad, perdida y esperanza. Considerada una de las obras mas influyentes de su genero.",https://covers.biblioteca.local/00515.jpg,1,978-0-05-436459-4,7
516,Principios de Comercio Internacional,"Un texto aplicado que aborda los principios de Comercio Internacional, dirigido a estudiantes y profesionales del area. Incluye ejemplos practicos, casos de estudio y ejercicios para reforzar el aprendizaje.",https://covers.biblioteca.local/00516.jpg,2,978-0-10-822078-4,29
517,Fundamentos de Cultivos Tropicales,"Un texto completo que aborda los principios de Cultivos Tropicales, dirigido a estudiantes y profesionales del area. Incluye ejemplos practicos, casos de estudio y ejercicios para reforzar el aprendizaje.",https://covers.biblioteca.local/00517.jpg,5,978-0-379-95635-1,3
518,Realidad Aumentada: teoria y practica,"Un texto didactico que aborda los principios de Realidad Aumentada, dirigido a estudiantes y profesionales del area. Incluye ejemplos practicos, casos de estudio y ejercicios para reforzar el aprendizaje.",https://covers.biblioteca.local/00518.jpg,4,978-0-531-36363-8,37
519,Fundamentos de Desarrollo Web,"Un texto practico que aborda los principios de Desarrollo Web, dirigido a estudiantes y profesionales del area. Incluye ejemplos practicos, casos de estudio y ejercicios para reforzar el aprendizaje.",https://covers.biblioteca.local/00519.jpg,3,978-1-970623-97-0,17
520,Fundamentos de Costos y Presupuestos,"Un texto actualizado que aborda los principios de Costos y Presupuestos, dirigido a estudiantes y profesionales del area. Incluye ejemplos practicos, casos de estudio y ejercicios para reforzar el aprendizaje.",https://covers.biblioteca.local/00520.jpg,4,978-1-5273-5435-7,40
521,Multimedia Interactiva Aplicada,"Un texto completo que aborda los principios de Multimedia Interactiva, dirigido a estudiantes y profesionales del area. Incluye ejemplos practicos, casos de estudio y ejercicios para reforzar el aprendizaje.",https://covers.biblioteca.local/00521.jpg,3,978-0-904217-76-6,25
522,Gestion Empresarial Aplicada,"Un texto practico que aborda los principios de Gestion Empresarial, dirigido a estudiantes y profesionales del area. Incluye ejemplos practicos, casos de estudio y ejercicios para reforzar el aprendizaje.",https://covers.biblioteca.local/00522.jpg,4,978-1-349-29298-1,19
523,Conceptos Clave de Fotografia Digital,"Un texto riguroso que aborda los principios de Fotografia Digital, dirigido a estudiantes y profesionales del area. Incluye ejemplos practicos, casos de estudio y ejercicios para reforzar el aprendizaje.",https://covers.biblioteca.local/00523.jpg,2,978-0-687-39774-7,5
524,Guia Practica de Edicion de Video,"Un texto completo que aborda los principios de Edicion de Video, dirigido a estudiantes y profesionales del area. Incluye ejemplos practicos, casos de estudio y ejercicios para reforzar el aprendizaje.",https://covers.biblioteca.local/00524.jpg,1,978-1-335-69392-1,13
525,Introduccion a Comercio Internacional,"Un texto riguroso que aborda los principios de Comercio Internacional, dirigido a estudiantes y profesionales del area. Incluye ejemplos practicos, casos de estudio y ejercicios para reforzar el aprendizaje.",https://covers.biblioteca.local/00525.jpg,1,978-1-00-780686-4,40
526,Fundamentos de Bases de Datos,"Un texto didactico que aborda los principios de Bases de Datos, dirigido a estudiantes y profesionales del area. Incluye ejemplos practicos, casos de estudio y ejercicios para reforzar el aprendizaje.",https://covers.biblioteca.local/00526.jpg,1,978-0-7731-8063-5,32
527,El Destino tras camino,Considerada una de las obras mas influyentes de su genero. El autor construye un mundo lleno de detalles y matices inolvidables. Una reflexion sobre la sociedad contemporanea contada con maestria.,https://covers.biblioteca.local/00527.jpg,1,978-1-4310-7427-3,4
528,Guia Practica de Normas Internacionales de Informacion Financiera (NIIF),"Un texto didactico que aborda los principios de Normas Internacionales de Informacion Financiera (NIIF), dirigido a estudiantes y profesionales del area. Incluye ejemplos practicos, casos de estudio y ejercicios para reforzar el aprendizaje.",https://covers.biblioteca.local/00528.jpg,1,978-1-72625-701-5,7
529,Fundamentos de Agroecologia,"Un texto actualizado que aborda los principios de Agroecologia, dirigido a estudiantes y profesionales del area. Incluye ejemplos practicos, casos de estudio y ejercicios para reforzar el aprendizaje.",https://covers.biblioteca.local/00529.jpg,3,978-1-80464-989-3,16
530,Manejo de Cultivos Aplicada,"Un texto practico que aborda los principios de Manejo de Cultivos, dirigido a estudiantes y profesionales del area. Incluye ejemplos practicos, casos de estudio y ejercicios para reforzar el aprendizaje.",https://covers.biblioteca.local/00530.jpg,1,978-0-9508501-6-0,36
531,Introduccion a Costos y Presupuestos,"Un texto completo que aborda los principios de Costos y Presupuestos, dirigido a estudiantes y profesionales del area. Incluye ejemplos practicos, casos de estudio y ejercicios para reforzar el aprendizaje.",https://covers.biblioteca.local/00531.jpg,2,978-1-905528-18-9,21
532,Fundamentos de Auditoria,"Un texto didactico que aborda los principios de Auditoria, dirigido a estudiantes y profesionales del area. Incluye ejemplos practicos, casos de estudio y ejercicios para reforzar el aprendizaje.",https://covers.biblioteca.local/00532.jpg,1,978-0-538-17933-1,19
533,Manual de Sistemas Operativos,"Un texto didactico que aborda los principios de Sistemas Operativos, dirigido a estudiantes y profesionales del area. Incluye ejemplos practicos, casos de estudio y ejercicios para reforzar el aprendizaje.",https://covers.biblioteca.local/00533.jpg,1,978-1-4864-0155-0,14
534,Bases de Sanidad Animal,"Un texto riguroso que aborda los principios de Sanidad Animal, dirigido a estudiantes y profesionales del area. Incluye ejemplos practicos, casos de estudio y ejercicios para reforzar el aprendizaje.",https://covers.biblioteca.local/00534.jpg,5,978-1-881788-47-8,30
535,Manual de Nutricion Animal,"Un texto didactico que aborda los principios de Nutricion Animal, dirigido a estudiantes y profesionales del area. Incluye ejemplos practicos, casos de estudio y ejercicios para reforzar el aprendizaje.",https://covers.biblioteca.local/00535.jpg,1,978-0-371-16241-5,17
536,Guia Practica de Contabilidad de Costos,"Un texto actualizado que aborda los principios de Contabilidad de Costos, dirigido a estudiantes y profesionales del area. Incluye ejemplos practicos, casos de estudio y ejercicios para reforzar el aprendizaje.",https://covers.biblioteca.local/00536.jpg,2,978-0-412-72380-3,21
537,Bases de Contabilidad Publica,"Un texto didactico que aborda los principios de Contabilidad Publica, dirigido a estudiantes y profesionales del area. Incluye ejemplos practicos, casos de estudio y ejercicios para reforzar el aprendizaje.",https://covers.biblioteca.local/00537.jpg,1,978-1-82756-704-4,20
538,Guia Practica de Produccion Pecuaria,"Un texto riguroso que aborda los principios de Produccion Pecuaria, dirigido a estudiantes y profesionales del area. Incluye ejemplos practicos, casos de estudio y ejercicios para reforzar el aprendizaje.",https://covers.biblioteca.local/00538.jpg,2,978-0-03-856955-7,28
539,Bosque dorado,La narracion se despliega entre distintos escenarios y epocas. Un texto imprescindible para comprender las tensiones de su tiempo.,https://covers.biblioteca.local/00539.jpg,1,978-1-74924-243-2,25
540,El Espejo sin camino,"Considerada una de las obras mas influyentes de su genero. Un clasico recomendado para lectores de todas las edades. La obra explora temas de identidad, perdida y esperanza.",https://covers.biblioteca.local/00540.jpg,1,978-1-4025-4729-4,21
541,Manual de Desarrollo Web,"Un texto aplicado que aborda los principios de Desarrollo Web, dirigido a estudiantes y profesionales del area. Incluye ejemplos practicos, casos de estudio y ejercicios para reforzar el aprendizaje.",https://covers.biblioteca.local/00541.jpg,5,978-1-222-23105-2,26
542,Perdido Laberinto,"Una trama envolvente que mezcla drama, misterio y superacion personal. Un clasico recomendado para lectores de todas las edades.",https://covers.biblioteca.local/00542.jpg,1,978-1-4523-8055-1,4
543,Sueno secreto,"Considerada una de las obras mas influyentes de su genero. El autor construye un mundo lleno de detalles y matices inolvidables. La obra explora temas de identidad, perdida y esperanza.",https://covers.biblioteca.local/00543.jpg,3,978-1-78284-106-7,9
544,Guia Practica de Zootecnia,"Un texto completo que aborda los principios de Zootecnia, dirigido a estudiantes y profesionales del area. Incluye ejemplos practicos, casos de estudio y ejercicios para reforzar el aprendizaje.",https://covers.biblioteca.local/00544.jpg,3,978-0-7520-8854-9,13
545,Bases de Nutricion Animal,"Un texto aplicado que aborda los principios de Nutricion Animal, dirigido a estudiantes y profesionales del area. Incluye ejemplos practicos, casos de estudio y ejercicios para reforzar el aprendizaje.",https://covers.biblioteca.local/00545.jpg,1,978-1-929751-70-9,6
546,Fundamentos de Gerencia de Proyectos,"Un texto practico que aborda los principios de Gerencia de Proyectos, dirigido a estudiantes y profesionales del area. Incluye ejemplos practicos, casos de estudio y ejercicios para reforzar el aprendizaje.",https://covers.biblioteca.local/00546.jpg,2,978-0-406-93751-3,23
547,El Espejo del puente,"Un clasico recomendado para lectores de todas las edades. La obra explora temas de identidad, perdida y esperanza. Una trama envolvente que mezcla drama, misterio y superacion personal.",https://covers.biblioteca.local/00547.jpg,1,978-0-939834-30-3,3
548,Manual de Gestion de la Calidad,"Un texto didactico que aborda los principios de Gestion de la Calidad, dirigido a estudiantes y profesionales del area. Incluye ejemplos practicos, casos de estudio y ejercicios para reforzar el aprendizaje.",https://covers.biblioteca.local/00548.jpg,2,978-1-186-37599-1,4
549,El Laberinto tras bosque 6,"Una trama envolvente que mezcla drama, misterio y superacion personal. Una historia que atrapa desde la primera pagina. Una reflexion sobre la sociedad contemporanea contada con maestria.",https://covers.biblioteca.local/00549.jpg,3,978-1-62656-504-3,14
550,Roto Cielo,"Considerada una de las obras mas influyentes de su genero. Una trama envolvente que mezcla drama, misterio y superacion personal. Un clasico recomendado para lectores de todas las edades.",https://covers.biblioteca.local/00550.jpg,5,978-1-4781-3767-2,10
551,Introduccion a Sistemas de Riego,"Un texto didactico que aborda los principios de Sistemas de Riego, dirigido a estudiantes y profesionales del area. Incluye ejemplos practicos, casos de estudio y ejercicios para reforzar el aprendizaje.",https://covers.biblioteca.local/00551.jpg,4,978-0-662-99123-6,4
552,Fotografia Digital: teoria y practica,"Un texto actualizado que aborda los principios de Fotografia Digital, dirigido a estudiantes y profesionales del area. Incluye ejemplos practicos, casos de estudio y ejercicios para reforzar el aprendizaje.",https://covers.biblioteca.local/00552.jpg,1,978-1-85196-106-1,5
553,Cronicas invisible,Un relato profundo sobre las relaciones humanas y el paso del tiempo. Una historia que atrapa desde la primera pagina. Los personajes enfrentan decisiones que cambiaran su destino para siempre.,https://covers.biblioteca.local/00553.jpg,1,978-1-287-92326-8,25
554,Emprendimiento Aplicada,"Un texto aplicado que aborda los principios de Emprendimiento, dirigido a estudiantes y profesionales del area. Incluye ejemplos practicos, casos de estudio y ejercicios para reforzar el aprendizaje.",https://covers.biblioteca.local/00554.jpg,1,978-1-04-947873-9,30
555,Gestion Empresarial Aplicada,"Un texto practico que aborda los principios de Gestion Empresarial, dirigido a estudiantes y profesionales del area. Incluye ejemplos practicos, casos de estudio y ejercicios para reforzar el aprendizaje.",https://covers.biblioteca.local/00555.jpg,3,978-0-244-71462-8,11
556,Sanidad Animal para Profesionales,"Un texto didactico que aborda los principios de Sanidad Animal, dirigido a estudiantes y profesionales del area. Incluye ejemplos practicos, casos de estudio y ejercicios para reforzar el aprendizaje.",https://covers.biblioteca.local/00556.jpg,1,978-0-01-471959-4,33
557,Introduccion a Algoritmos,"Un texto riguroso que aborda los principios de Algoritmos, dirigido a estudiantes y profesionales del area. Incluye ejemplos practicos, casos de estudio y ejercicios para reforzar el aprendizaje.",https://covers.biblioteca.local/00557.jpg,2,978-1-4715-8904-1,15
558,Cloud Computing: teoria y practica,"Un texto actualizado que aborda los principios de Cloud Computing, dirigido a estudiantes y profesionales del area. Incluye ejemplos practicos, casos de estudio y ejercicios para reforzar el aprendizaje.",https://covers.biblioteca.local/00558.jpg,5,978-0-257-25204-9,34
559,Principios de Agroindustria,"Un texto completo que aborda los principios de Agroindustria, dirigido a estudiantes y profesionales del area. Incluye ejemplos practicos, casos de estudio y ejercicios para reforzar el aprendizaje.",https://covers.biblioteca.local/00559.jpg,3,978-1-5044-8183-0,39
560,Introduccion a Produccion Agricola,"Un texto didactico que aborda los principios de Produccion Agricola, dirigido a estudiantes y profesionales del area. Incluye ejemplos practicos, casos de estudio y ejercicios para reforzar el aprendizaje.",https://covers.biblioteca.local/00560.jpg,3,978-0-928554-45-8,9
561,Sistemas Operativos: teoria y practica,"Un texto practico que aborda los principios de Sistemas Operativos, dirigido a estudiantes y profesionales del area. Incluye ejemplos practicos, casos de estudio y ejercicios para reforzar el aprendizaje.",https://covers.biblioteca.local/00561.jpg,5,978-1-202-84576-7,8
562,Conceptos Clave de Realidad Aumentada,"Un texto completo que aborda los principios de Realidad Aumentada, dirigido a estudiantes y profesionales del area. Incluye ejemplos practicos, casos de estudio y ejercicios para reforzar el aprendizaje.",https://covers.biblioteca.local/00562.jpg,2,978-0-13-283389-9,27
563,Fundamentos de Programacion Orientada a Objetos,"Un texto riguroso que aborda los principios de Programacion Orientada a Objetos, dirigido a estudiantes y profesionales del area. Incluye ejemplos practicos, casos de estudio y ejercicios para reforzar el aprendizaje.",https://covers.biblioteca.local/00563.jpg,2,978-1-71120-754-4,9
564,Ultimo Desierto,Un clasico recomendado para lectores de todas las edades. Un texto imprescindible para comprender las tensiones de su tiempo. La narracion se despliega entre distintos escenarios y epocas.,https://covers.biblioteca.local/00564.jpg,2,978-0-7985-2401-8,15
565,Impuestos para Profesionales,"Un texto practico que aborda los principios de Impuestos, dirigido a estudiantes y profesionales del area. Incluye ejemplos practicos, casos de estudio y ejercicios para reforzar el aprendizaje.",https://covers.biblioteca.local/00565.jpg,1,978-0-234-23216-3,31
566,Comercio Internacional para Profesionales,"Un texto completo que aborda los principios de Comercio Internacional, dirigido a estudiantes y profesionales del area. Incluye ejemplos practicos, casos de estudio y ejercicios para reforzar el aprendizaje.",https://covers.biblioteca.local/00566.jpg,1,978-0-07-603108-5,15
567,Introduccion a Impuestos,"Un texto actualizado que aborda los principios de Impuestos, dirigido a estudiantes y profesionales del area. Incluye ejemplos practicos, casos de estudio y ejercicios para reforzar el aprendizaje.",https://covers.biblioteca.local/00567.jpg,1,978-1-140-14011-5,14
568,Algoritmos Aplicada,"Un texto practico que aborda los principios de Algoritmos, dirigido a estudiantes y profesionales del area. Incluye ejemplos practicos, casos de estudio y ejercicios para reforzar el aprendizaje.",https://covers.biblioteca.local/00568.jpg,5,978-0-250-12495-4,16
569,Estados Financieros para Profesionales,"Un texto completo que aborda los principios de Estados Financieros, dirigido a estudiantes y profesionales del area. Incluye ejemplos practicos, casos de estudio y ejercicios para reforzar el aprendizaje.",https://covers.biblioteca.local/00569.jpg,2,978-0-89389-119-0,40
570,El Corazon de destino,Una historia que atrapa desde la primera pagina. Un viaje narrativo que combina emocion e intriga en cada capitulo. Considerada una de las obras mas influyentes de su genero.,https://covers.biblioteca.local/00570.jpg,1,978-0-342-80138-1,35
571,Principios de Recursos Humanos,"Un texto aplicado que aborda los principios de Recursos Humanos, dirigido a estudiantes y profesionales del area. Incluye ejemplos practicos, casos de estudio y ejercicios para reforzar el aprendizaje.",https://covers.biblioteca.local/00571.jpg,4,978-1-927125-66-3,29
572,Introduccion a Gestion de la Calidad,"Un texto didactico que aborda los principios de Gestion de la Calidad, dirigido a estudiantes y profesionales del area. Incluye ejemplos practicos, casos de estudio y ejercicios para reforzar el aprendizaje.",https://covers.biblioteca.local/00572.jpg,2,978-0-615-17182-1,10
573,Contabilidad Financiera Aplicada,"Un texto didactico que aborda los principios de Contabilidad Financiera, dirigido a estudiantes y profesionales del area. Incluye ejemplos practicos, casos de estudio y ejercicios para reforzar el aprendizaje.",https://covers.biblioteca.local/00573.jpg,1,978-1-4801-5716-3,8
574,Conceptos Clave de Recursos Humanos,"Un texto didactico que aborda los principios de Recursos Humanos, dirigido a estudiantes y profesionales del area. Incluye ejemplos practicos, casos de estudio y ejercicios para reforzar el aprendizaje.",https://covers.biblioteca.local/00574.jpg,3,978-1-947386-46-4,12
575,Gestion de la Calidad: teoria y practica,"Un texto didactico que aborda los principios de Gestion de la Calidad, dirigido a estudiantes y profesionales del area. Incluye ejemplos practicos, casos de estudio y ejercicios para reforzar el aprendizaje.",https://covers.biblioteca.local/00575.jpg,3,978-0-7520-7167-1,11
576,Principios de Multimedia Interactiva,"Un texto didactico que aborda los principios de Multimedia Interactiva, dirigido a estudiantes y profesionales del area. Incluye ejemplos practicos, casos de estudio y ejercicios para reforzar el aprendizaje.",https://covers.biblioteca.local/00576.jpg,2,978-0-266-91215-6,34
577,Guia Practica de Programacion,"Un texto practico que aborda los principios de Programacion, dirigido a estudiantes y profesionales del area. Incluye ejemplos practicos, casos de estudio y ejercicios para reforzar el aprendizaje.",https://covers.biblioteca.local/00577.jpg,4,978-1-396-13674-0,11
578,Conceptos Clave de Realidad Aumentada,"Un texto practico que aborda los principios de Realidad Aumentada, dirigido a estudiantes y profesionales del area. Incluye ejemplos practicos, casos de estudio y ejercicios para reforzar el aprendizaje.",https://covers.biblioteca.local/00578.jpg,2,978-1-57967-842-5,4
579,Agroecologia Aplicada,"Un texto practico que aborda los principios de Agroecologia, dirigido a estudiantes y profesionales del area. Incluye ejemplos practicos, casos de estudio y ejercicios para reforzar el aprendizaje.",https://covers.biblioteca.local/00579.jpg,1,978-0-14-773201-9,40
580,Guia Practica de Desarrollo Web,"Un texto completo que aborda los principios de Desarrollo Web, dirigido a estudiantes y profesionales del area. Incluye ejemplos practicos, casos de estudio y ejercicios para reforzar el aprendizaje.",https://covers.biblioteca.local/00580.jpg,3,978-0-7026-9524-7,32
581,Manual de Gestion Empresarial,"Un texto aplicado que aborda los principios de Gestion Empresarial, dirigido a estudiantes y profesionales del area. Incluye ejemplos practicos, casos de estudio y ejercicios para reforzar el aprendizaje.",https://covers.biblioteca.local/00581.jpg,2,978-0-87734-778-1,6
582,Contabilidad Publica: teoria y practica,"Un texto aplicado que aborda los principios de Contabilidad Publica, dirigido a estudiantes y profesionales del area. Incluye ejemplos practicos, casos de estudio y ejercicios para reforzar el aprendizaje.",https://covers.biblioteca.local/00582.jpg,3,978-1-880061-67-1,10
583,Zootecnia Aplicada,"Un texto practico que aborda los principios de Zootecnia, dirigido a estudiantes y profesionales del area. Incluye ejemplos practicos, casos de estudio y ejercicios para reforzar el aprendizaje.",https://covers.biblioteca.local/00583.jpg,3,978-1-77002-842-5,37
584,Guia Practica de Agroindustria,"Un texto practico que aborda los principios de Agroindustria, dirigido a estudiantes y profesionales del area. Incluye ejemplos practicos, casos de estudio y ejercicios para reforzar el aprendizaje.",https://covers.biblioteca.local/00584.jpg,1,978-1-246-71978-9,11
585,La desierto tras legado,"Una trama envolvente que mezcla drama, misterio y superacion personal. Un clasico recomendado para lectores de todas las edades.",https://covers.biblioteca.local/00585.jpg,2,978-1-82806-479-5,24
586,Introduccion a Ilustracion Digital,"Un texto practico que aborda los principios de Ilustracion Digital, dirigido a estudiantes y profesionales del area. Incluye ejemplos practicos, casos de estudio y ejercicios para reforzar el aprendizaje.",https://covers.biblioteca.local/00586.jpg,3,978-1-4500-9025-4,36
587,Conceptos Clave de Produccion Pecuaria,"Un texto riguroso que aborda los principios de Produccion Pecuaria, dirigido a estudiantes y profesionales del area. Incluye ejemplos practicos, casos de estudio y ejercicios para reforzar el aprendizaje.",https://covers.biblioteca.local/00587.jpg,3,978-0-561-65565-9,22
588,Bases de Marketing Estrategico,"Un texto aplicado que aborda los principios de Marketing Estrategico, dirigido a estudiantes y profesionales del area. Incluye ejemplos practicos, casos de estudio y ejercicios para reforzar el aprendizaje.",https://covers.biblioteca.local/00588.jpg,4,978-0-334-91141-8,7
589,Principios de Liderazgo Organizacional,"Un texto riguroso que aborda los principios de Liderazgo Organizacional, dirigido a estudiantes y profesionales del area. Incluye ejemplos practicos, casos de estudio y ejercicios para reforzar el aprendizaje.",https://covers.biblioteca.local/00589.jpg,5,978-0-08-507698-5,17
590,Comercio Internacional: teoria y practica,"Un texto aplicado que aborda los principios de Comercio Internacional, dirigido a estudiantes y profesionales del area. Incluye ejemplos practicos, casos de estudio y ejercicios para reforzar el aprendizaje.",https://covers.biblioteca.local/00590.jpg,2,978-1-07-905696-9,32
591,Dorado Legado,Un viaje narrativo que combina emocion e intriga en cada capitulo. Una historia que atrapa desde la primera pagina. Un relato profundo sobre las relaciones humanas y el paso del tiempo.,https://covers.biblioteca.local/00591.jpg,1,978-0-7135-7852-2,2
592,Introduccion a Manejo de Cultivos,"Un texto riguroso que aborda los principios de Manejo de Cultivos, dirigido a estudiantes y profesionales del area. Incluye ejemplos practicos, casos de estudio y ejercicios para reforzar el aprendizaje.",https://covers.biblioteca.local/00592.jpg,1,978-1-63718-344-1,27
593,El Laberinto en cielo,Una historia que atrapa desde la primera pagina. La narracion se despliega entre distintos escenarios y epocas.,https://covers.biblioteca.local/00593.jpg,1,978-1-963919-19-6,13
594,Animacion Digital Aplicada,"Un texto didactico que aborda los principios de Animacion Digital, dirigido a estudiantes y profesionales del area. Incluye ejemplos practicos, casos de estudio y ejercicios para reforzar el aprendizaje.",https://covers.biblioteca.local/00594.jpg,1,978-1-198-76351-9,1
595,Conceptos Clave de Motion Graphics,"Un texto completo que aborda los principios de Motion Graphics, dirigido a estudiantes y profesionales del area. Incluye ejemplos practicos, casos de estudio y ejercicios para reforzar el aprendizaje.",https://covers.biblioteca.local/00595.jpg,2,978-1-68536-649-0,2
596,Conceptos Clave de Agroecologia,"Un texto aplicado que aborda los principios de Agroecologia, dirigido a estudiantes y profesionales del area. Incluye ejemplos practicos, casos de estudio y ejercicios para reforzar el aprendizaje.",https://covers.biblioteca.local/00596.jpg,1,978-0-08-297374-4,3
597,Guia Practica de Diseno Grafico,"Un texto completo que aborda los principios de Diseno Grafico, dirigido a estudiantes y profesionales del area. Incluye ejemplos practicos, casos de estudio y ejercicios para reforzar el aprendizaje.",https://covers.biblioteca.local/00597.jpg,1,978-0-8357-2324-4,27
598,Manual de Marketing Estrategico,"Un texto practico que aborda los principios de Marketing Estrategico, dirigido a estudiantes y profesionales del area. Incluye ejemplos practicos, casos de estudio y ejercicios para reforzar el aprendizaje.",https://covers.biblioteca.local/00598.jpg,1,978-1-5136-4424-0,14
599,Principios de Contabilidad Financiera,"Un texto aplicado que aborda los principios de Contabilidad Financiera, dirigido a estudiantes y profesionales del area. Incluye ejemplos practicos, casos de estudio y ejercicios para reforzar el aprendizaje.",https://covers.biblioteca.local/00599.jpg,3,978-1-312-30347-8,35
600,Contabilidad Financiera: teoria y practica,"Un texto riguroso que aborda los principios de Contabilidad Financiera, dirigido a estudiantes y profesionales del area. Incluye ejemplos practicos, casos de estudio y ejercicios para reforzar el aprendizaje.",https://covers.biblioteca.local/00600.jpg,2,978-1-60324-204-2,16
601,La destino en viaje,"La obra explora temas de identidad, perdida y esperanza. Un relato profundo sobre las relaciones humanas y el paso del tiempo. Una reflexion sobre la sociedad contemporanea contada con maestria.",https://covers.biblioteca.local/00601.jpg,2,978-0-07-001594-4,3
602,Secreto Destino,"Una trama envolvente que mezcla drama, misterio y superacion personal. Considerada una de las obras mas influyentes de su genero.",https://covers.biblioteca.local/00602.jpg,1,978-1-5162-3198-0,10
603,Introduccion a Motion Graphics,"Un texto didactico que aborda los principios de Motion Graphics, dirigido a estudiantes y profesionales del area. Incluye ejemplos practicos, casos de estudio y ejercicios para reforzar el aprendizaje.",https://covers.biblioteca.local/00603.jpg,5,978-1-71391-559-1,30
604,Principios de Revisoria Fiscal,"Un texto riguroso que aborda los principios de Revisoria Fiscal, dirigido a estudiantes y profesionales del area. Incluye ejemplos practicos, casos de estudio y ejercicios para reforzar el aprendizaje.",https://covers.biblioteca.local/00604.jpg,2,978-0-632-12347-6,3
605,Guia Practica de Gerencia de Proyectos,"Un texto practico que aborda los principios de Gerencia de Proyectos, dirigido a estudiantes y profesionales del area. Incluye ejemplos practicos, casos de estudio y ejercicios para reforzar el aprendizaje.",https://covers.biblioteca.local/00605.jpg,3,978-1-907851-58-2,20
606,Cultivos Tropicales: teoria y practica,"Un texto completo que aborda los principios de Cultivos Tropicales, dirigido a estudiantes y profesionales del area. Incluye ejemplos practicos, casos de estudio y ejercicios para reforzar el aprendizaje.",https://covers.biblioteca.local/00606.jpg,5,978-1-342-57540-1,13
607,Emprendimiento: teoria y practica,"Un texto aplicado que aborda los principios de Emprendimiento, dirigido a estudiantes y profesionales del area. Incluye ejemplos practicos, casos de estudio y ejercicios para reforzar el aprendizaje.",https://covers.biblioteca.local/00607.jpg,2,978-0-348-64518-7,10
608,Ilustracion Digital: teoria y practica,"Un texto didactico que aborda los principios de Ilustracion Digital, dirigido a estudiantes y profesionales del area. Incluye ejemplos practicos, casos de estudio y ejercicios para reforzar el aprendizaje.",https://covers.biblioteca.local/00608.jpg,1,978-1-60644-134-3,33
609,Motion Graphics Aplicada,"Un texto completo que aborda los principios de Motion Graphics, dirigido a estudiantes y profesionales del area. Incluye ejemplos practicos, casos de estudio y ejercicios para reforzar el aprendizaje.",https://covers.biblioteca.local/00609.jpg,4,978-0-7560-4177-9,37
610,Introduccion a Motion Graphics,"Un texto practico que aborda los principios de Motion Graphics, dirigido a estudiantes y profesionales del area. Incluye ejemplos practicos, casos de estudio y ejercicios para reforzar el aprendizaje.",https://covers.biblioteca.local/00610.jpg,3,978-1-61248-156-2,29
611,Redes de Computadores para Profesionales,"Un texto aplicado que aborda los principios de Redes de Computadores, dirigido a estudiantes y profesionales del area. Incluye ejemplos practicos, casos de estudio y ejercicios para reforzar el aprendizaje.",https://covers.biblioteca.local/00611.jpg,1,978-1-00-272063-9,4
612,El Silencio y el reino,Un clasico recomendado para lectores de todas las edades. Una reflexion sobre la sociedad contemporanea contada con maestria. Los personajes enfrentan decisiones que cambiaran su destino para siempre.,https://covers.biblioteca.local/00612.jpg,4,978-1-911238-29-4,22
613,Bases de Ciberseguridad,"Un texto completo que aborda los principios de Ciberseguridad, dirigido a estudiantes y profesionales del area. Incluye ejemplos practicos, casos de estudio y ejercicios para reforzar el aprendizaje.",https://covers.biblioteca.local/00613.jpg,4,978-1-77242-954-1,30
614,Ciberseguridad para Profesionales,"Un texto riguroso que aborda los principios de Ciberseguridad, dirigido a estudiantes y profesionales del area. Incluye ejemplos practicos, casos de estudio y ejercicios para reforzar el aprendizaje.",https://covers.biblioteca.local/00614.jpg,3,978-0-652-66930-5,24
615,Fundamentos de Machine Learning,"Un texto actualizado que aborda los principios de Machine Learning, dirigido a estudiantes y profesionales del area. Incluye ejemplos practicos, casos de estudio y ejercicios para reforzar el aprendizaje.",https://covers.biblioteca.local/00615.jpg,3,978-0-17-342069-0,5
616,Contabilidad Publica Aplicada,"Un texto practico que aborda los principios de Contabilidad Publica, dirigido a estudiantes y profesionales del area. Incluye ejemplos practicos, casos de estudio y ejercicios para reforzar el aprendizaje.",https://covers.biblioteca.local/00616.jpg,4,978-1-215-29108-7,23
617,Conceptos Clave de Estados Financieros,"Un texto actualizado que aborda los principios de Estados Financieros, dirigido a estudiantes y profesionales del area. Incluye ejemplos practicos, casos de estudio y ejercicios para reforzar el aprendizaje.",https://covers.biblioteca.local/00617.jpg,3,978-1-71333-447-7,30
618,Fotografia Digital Aplicada,"Un texto didactico que aborda los principios de Fotografia Digital, dirigido a estudiantes y profesionales del area. Incluye ejemplos practicos, casos de estudio y ejercicios para reforzar el aprendizaje.",https://covers.biblioteca.local/00618.jpg,3,978-0-639-34362-4,36
619,Guia Practica de Ilustracion Digital,"Un texto actualizado que aborda los principios de Ilustracion Digital, dirigido a estudiantes y profesionales del area. Incluye ejemplos practicos, casos de estudio y ejercicios para reforzar el aprendizaje.",https://covers.biblioteca.local/00619.jpg,2,978-0-04-439735-9,16
620,Produccion Pecuaria: teoria y practica,"Un texto actualizado que aborda los principios de Produccion Pecuaria, dirigido a estudiantes y profesionales del area. Incluye ejemplos practicos, casos de estudio y ejercicios para reforzar el aprendizaje.",https://covers.biblioteca.local/00620.jpg,5,978-0-07-256366-5,30
621,Inteligencia Artificial Aplicada,"Un texto completo que aborda los principios de Inteligencia Artificial, dirigido a estudiantes y profesionales del area. Incluye ejemplos practicos, casos de estudio y ejercicios para reforzar el aprendizaje.",https://covers.biblioteca.local/00621.jpg,4,978-0-18-005375-1,5
622,Conceptos Clave de Agroecologia,"Un texto didactico que aborda los principios de Agroecologia, dirigido a estudiantes y profesionales del area. Incluye ejemplos practicos, casos de estudio y ejercicios para reforzar el aprendizaje.",https://covers.biblioteca.local/00622.jpg,1,978-0-489-64652-4,6
623,Principios de Sanidad Animal,"Un texto riguroso que aborda los principios de Sanidad Animal, dirigido a estudiantes y profesionales del area. Incluye ejemplos practicos, casos de estudio y ejercicios para reforzar el aprendizaje.",https://covers.biblioteca.local/00623.jpg,2,978-0-428-75721-2,10
624,Bases de Contabilidad Tributaria,"Un texto riguroso que aborda los principios de Contabilidad Tributaria, dirigido a estudiantes y profesionales del area. Incluye ejemplos practicos, casos de estudio y ejercicios para reforzar el aprendizaje.",https://covers.biblioteca.local/00624.jpg,1,978-1-241-50274-4,20
625,Principios de Auditoria,"Un texto aplicado que aborda los principios de Auditoria, dirigido a estudiantes y profesionales del area. Incluye ejemplos practicos, casos de estudio y ejercicios para reforzar el aprendizaje.",https://covers.biblioteca.local/00625.jpg,2,978-1-4494-8562-7,40
626,Principios de Manejo de Suelos,"Un texto actualizado que aborda los principios de Manejo de Suelos, dirigido a estudiantes y profesionales del area. Incluye ejemplos practicos, casos de estudio y ejercicios para reforzar el aprendizaje.",https://covers.biblioteca.local/00626.jpg,5,978-1-287-03203-8,4
627,Guia Practica de Nutricion Animal,"Un texto completo que aborda los principios de Nutricion Animal, dirigido a estudiantes y profesionales del area. Incluye ejemplos practicos, casos de estudio y ejercicios para reforzar el aprendizaje.",https://covers.biblioteca.local/00627.jpg,3,978-0-7427-6170-4,16
628,Arquitectura de Software: teoria y practica,"Un texto practico que aborda los principios de Arquitectura de Software, dirigido a estudiantes y profesionales del area. Incluye ejemplos practicos, casos de estudio y ejercicios para reforzar el aprendizaje.",https://covers.biblioteca.local/00628.jpg,2,978-1-877712-15-9,25
629,Manual de Auditoria,"Un texto completo que aborda los principios de Auditoria, dirigido a estudiantes y profesionales del area. Incluye ejemplos practicos, casos de estudio y ejercicios para reforzar el aprendizaje.",https://covers.biblioteca.local/00629.jpg,4,978-0-422-84993-7,19
630,El Fuego de castillo 9,"La obra explora temas de identidad, perdida y esperanza. Un relato profundo sobre las relaciones humanas y el paso del tiempo. Un texto imprescindible para comprender las tensiones de su tiempo.",https://covers.biblioteca.local/00630.jpg,2,978-0-613-71504-1,27
631,Bases de Comercio Internacional,"Un texto riguroso que aborda los principios de Comercio Internacional, dirigido a estudiantes y profesionales del area. Incluye ejemplos practicos, casos de estudio y ejercicios para reforzar el aprendizaje.",https://covers.biblioteca.local/00631.jpg,3,978-1-59152-017-7,28
632,Produccion Agricola para Profesionales,"Un texto aplicado que aborda los principios de Produccion Agricola, dirigido a estudiantes y profesionales del area. Incluye ejemplos practicos, casos de estudio y ejercicios para reforzar el aprendizaje.",https://covers.biblioteca.local/00632.jpg,4,978-1-4905-0975-4,39
633,Fundamentos de Contabilidad Financiera,"Un texto actualizado que aborda los principios de Contabilidad Financiera, dirigido a estudiantes y profesionales del area. Incluye ejemplos practicos, casos de estudio y ejercicios para reforzar el aprendizaje.",https://covers.biblioteca.local/00633.jpg,3,978-0-04-501896-3,24
634,Guia Practica de Motion Graphics,"Un texto riguroso que aborda los principios de Motion Graphics, dirigido a estudiantes y profesionales del area. Incluye ejemplos practicos, casos de estudio y ejercicios para reforzar el aprendizaje.",https://covers.biblioteca.local/00634.jpg,4,978-1-4236-1032-8,6
635,Bases de Zootecnia,"Un texto actualizado que aborda los principios de Zootecnia, dirigido a estudiantes y profesionales del area. Incluye ejemplos practicos, casos de estudio y ejercicios para reforzar el aprendizaje.",https://covers.biblioteca.local/00635.jpg,4,978-1-4214-7649-0,40
636,Guia Practica de Contabilidad Tributaria,"Un texto actualizado que aborda los principios de Contabilidad Tributaria, dirigido a estudiantes y profesionales del area. Incluye ejemplos practicos, casos de estudio y ejercicios para reforzar el aprendizaje.",https://covers.biblioteca.local/00636.jpg,1,978-1-158-37767-1,1
637,Conceptos Clave de Contabilidad Tributaria,"Un texto actualizado que aborda los principios de Contabilidad Tributaria, dirigido a estudiantes y profesionales del area. Incluye ejemplos practicos, casos de estudio y ejercicios para reforzar el aprendizaje.",https://covers.biblioteca.local/00637.jpg,2,978-1-165-92661-9,3
638,Bases de Cloud Computing,"Un texto completo que aborda los principios de Cloud Computing, dirigido a estudiantes y profesionales del area. Incluye ejemplos practicos, casos de estudio y ejercicios para reforzar el aprendizaje.",https://covers.biblioteca.local/00638.jpg,1,978-1-7327881-4-5,4
639,La desierto de espejo,"Un relato profundo sobre las relaciones humanas y el paso del tiempo. La obra explora temas de identidad, perdida y esperanza. Considerada una de las obras mas influyentes de su genero.",https://covers.biblioteca.local/00639.jpg,3,978-1-174-22438-6,5
640,Conceptos Clave de Produccion Audiovisual,"Un texto riguroso que aborda los principios de Produccion Audiovisual, dirigido a estudiantes y profesionales del area. Incluye ejemplos practicos, casos de estudio y ejercicios para reforzar el aprendizaje.",https://covers.biblioteca.local/00640.jpg,3,978-1-908108-18-0,8
641,Bases de Diseno UX/UI,"Un texto actualizado que aborda los principios de Diseno UX/UI, dirigido a estudiantes y profesionales del area. Incluye ejemplos practicos, casos de estudio y ejercicios para reforzar el aprendizaje.",https://covers.biblioteca.local/00641.jpg,3,978-1-179-45491-7,34
642,Introduccion a Analisis Financiero,"Un texto aplicado que aborda los principios de Analisis Financiero, dirigido a estudiantes y profesionales del area. Incluye ejemplos practicos, casos de estudio y ejercicios para reforzar el aprendizaje.",https://covers.biblioteca.local/00642.jpg,4,978-0-7226-0164-8,11
643,Bases de Gestion de la Calidad,"Un texto practico que aborda los principios de Gestion de la Calidad, dirigido a estudiantes y profesionales del area. Incluye ejemplos practicos, casos de estudio y ejercicios para reforzar el aprendizaje.",https://covers.biblioteca.local/00643.jpg,3,978-1-79452-321-0,35
644,Fotografia Digital: teoria y practica,"Un texto practico que aborda los principios de Fotografia Digital, dirigido a estudiantes y profesionales del area. Incluye ejemplos practicos, casos de estudio y ejercicios para reforzar el aprendizaje.",https://covers.biblioteca.local/00644.jpg,3,978-0-680-06102-7,34
645,Jardin lejano,El autor construye un mundo lleno de detalles y matices inolvidables. La narracion se despliega entre distintos escenarios y epocas. Una reflexion sobre la sociedad contemporanea contada con maestria.,https://covers.biblioteca.local/00645.jpg,2,978-1-69749-956-8,34
646,Bases de Realidad Aumentada,"Un texto riguroso que aborda los principios de Realidad Aumentada, dirigido a estudiantes y profesionales del area. Incluye ejemplos practicos, casos de estudio y ejercicios para reforzar el aprendizaje.",https://covers.biblioteca.local/00646.jpg,2,978-0-220-31030-1,22
647,La sueno de sueno,"Una trama envolvente que mezcla drama, misterio y superacion personal. La narracion se despliega entre distintos escenarios y epocas. Un viaje narrativo que combina emocion e intriga en cada capitulo.",https://covers.biblioteca.local/00647.jpg,2,978-1-236-83147-7,38
648,Emprendimiento para Profesionales,"Un texto actualizado que aborda los principios de Emprendimiento, dirigido a estudiantes y profesionales del area. Incluye ejemplos practicos, casos de estudio y ejercicios para reforzar el aprendizaje.",https://covers.biblioteca.local/00648.jpg,1,978-1-60122-777-5,1
649,Ingenieria de Software para Profesionales,"Un texto riguroso que aborda los principios de Ingenieria de Software, dirigido a estudiantes y profesionales del area. Incluye ejemplos practicos, casos de estudio y ejercicios para reforzar el aprendizaje.",https://covers.biblioteca.local/00649.jpg,4,978-1-933496-05-4,13
650,Introduccion a Impuestos,"Un texto completo que aborda los principios de Impuestos, dirigido a estudiantes y profesionales del area. Incluye ejemplos practicos, casos de estudio y ejercicios para reforzar el aprendizaje.",https://covers.biblioteca.local/00650.jpg,1,978-0-667-99840-7,9
651,Principios de Emprendimiento,"Un texto didactico que aborda los principios de Emprendimiento, dirigido a estudiantes y profesionales del area. Incluye ejemplos practicos, casos de estudio y ejercicios para reforzar el aprendizaje.",https://covers.biblioteca.local/00651.jpg,3,978-1-78997-308-2,17
652,Estructuras de Datos Aplicada,"Un texto actualizado que aborda los principios de Estructuras de Datos, dirigido a estudiantes y profesionales del area. Incluye ejemplos practicos, casos de estudio y ejercicios para reforzar el aprendizaje.",https://covers.biblioteca.local/00652.jpg,4,978-1-958146-71-2,17
653,Introduccion a Contabilidad Tributaria,"Un texto practico que aborda los principios de Contabilidad Tributaria, dirigido a estudiantes y profesionales del area. Incluye ejemplos practicos, casos de estudio y ejercicios para reforzar el aprendizaje.",https://covers.biblioteca.local/00653.jpg,5,978-1-76024-375-3,22
654,Bases de Bases de Datos,"Un texto practico que aborda los principios de Bases de Datos, dirigido a estudiantes y profesionales del area. Incluye ejemplos practicos, casos de estudio y ejercicios para reforzar el aprendizaje.",https://covers.biblioteca.local/00654.jpg,1,978-0-8395-9724-7,40
655,Guia Practica de Costos y Presupuestos,"Un texto riguroso que aborda los principios de Costos y Presupuestos, dirigido a estudiantes y profesionales del area. Incluye ejemplos practicos, casos de estudio y ejercicios para reforzar el aprendizaje.",https://covers.biblioteca.local/00655.jpg,2,978-1-57293-417-7,7
656,Conceptos Clave de Algoritmos,"Un texto riguroso que aborda los principios de Algoritmos, dirigido a estudiantes y profesionales del area. Incluye ejemplos practicos, casos de estudio y ejercicios para reforzar el aprendizaje.",https://covers.biblioteca.local/00656.jpg,3,978-0-329-71674-5,10
657,Fotografia Digital Aplicada,"Un texto practico que aborda los principios de Fotografia Digital, dirigido a estudiantes y profesionales del area. Incluye ejemplos practicos, casos de estudio y ejercicios para reforzar el aprendizaje.",https://covers.biblioteca.local/00657.jpg,2,978-0-8005-4522-2,37
658,Agroindustria Aplicada,"Un texto didactico que aborda los principios de Agroindustria, dirigido a estudiantes y profesionales del area. Incluye ejemplos practicos, casos de estudio y ejercicios para reforzar el aprendizaje.",https://covers.biblioteca.local/00658.jpg,2,978-0-561-93183-8,35
659,Guia Practica de Gerencia de Proyectos,"Un texto actualizado que aborda los principios de Gerencia de Proyectos, dirigido a estudiantes y profesionales del area. Incluye ejemplos practicos, casos de estudio y ejercicios para reforzar el aprendizaje.",https://covers.biblioteca.local/00659.jpg,1,978-1-55084-289-0,24
660,Talento Humano para Profesionales,"Un texto practico que aborda los principios de Talento Humano, dirigido a estudiantes y profesionales del area. Incluye ejemplos practicos, casos de estudio y ejercicios para reforzar el aprendizaje.",https://covers.biblioteca.local/00660.jpg,2,978-0-7711-9918-9,3
661,Introduccion a Produccion Audiovisual,"Un texto practico que aborda los principios de Produccion Audiovisual, dirigido a estudiantes y profesionales del area. Incluye ejemplos practicos, casos de estudio y ejercicios para reforzar el aprendizaje.",https://covers.biblioteca.local/00661.jpg,2,978-0-213-52478-4,23
662,Rio escondido,"La obra explora temas de identidad, perdida y esperanza. Una historia que atrapa desde la primera pagina.",https://covers.biblioteca.local/00662.jpg,1,978-0-255-21376-9,13
663,Manejo de Suelos Aplicada,"Un texto aplicado que aborda los principios de Manejo de Suelos, dirigido a estudiantes y profesionales del area. Incluye ejemplos practicos, casos de estudio y ejercicios para reforzar el aprendizaje.",https://covers.biblioteca.local/00663.jpg,2,978-0-7548-2145-8,32
664,Jardin oscuro,Una historia que atrapa desde la primera pagina. Una reflexion sobre la sociedad contemporanea contada con maestria. Un texto imprescindible para comprender las tensiones de su tiempo.,https://covers.biblioteca.local/00664.jpg,1,978-1-328-63266-1,26
665,El Viaje tras cronicas,"La narracion se despliega entre distintos escenarios y epocas. Considerada una de las obras mas influyentes de su genero. La obra explora temas de identidad, perdida y esperanza.",https://covers.biblioteca.local/00665.jpg,2,978-1-85072-081-2,38
666,Bases de Estados Financieros,"Un texto riguroso que aborda los principios de Estados Financieros, dirigido a estudiantes y profesionales del area. Incluye ejemplos practicos, casos de estudio y ejercicios para reforzar el aprendizaje.",https://covers.biblioteca.local/00666.jpg,2,978-1-56260-602-2,2
667,Bases de Finanzas Corporativas,"Un texto didactico que aborda los principios de Finanzas Corporativas, dirigido a estudiantes y profesionales del area. Incluye ejemplos practicos, casos de estudio y ejercicios para reforzar el aprendizaje.",https://covers.biblioteca.local/00667.jpg,1,978-1-66845-504-3,30
668,Produccion Audiovisual: teoria y practica,"Un texto practico que aborda los principios de Produccion Audiovisual, dirigido a estudiantes y profesionales del area. Incluye ejemplos practicos, casos de estudio y ejercicios para reforzar el aprendizaje.",https://covers.biblioteca.local/00668.jpg,2,978-1-7389975-6-5,40
669,Finanzas Corporativas para Profesionales,"Un texto completo que aborda los principios de Finanzas Corporativas, dirigido a estudiantes y profesionales del area. Incluye ejemplos practicos, casos de estudio y ejercicios para reforzar el aprendizaje.",https://covers.biblioteca.local/00669.jpg,1,978-1-108-56288-1,21
670,El Cronicas sin cielo,Una reflexion sobre la sociedad contemporanea contada con maestria. Un viaje narrativo que combina emocion e intriga en cada capitulo.,https://covers.biblioteca.local/00670.jpg,3,978-0-18-848520-2,3
671,Estados Financieros Aplicada,"Un texto aplicado que aborda los principios de Estados Financieros, dirigido a estudiantes y profesionales del area. Incluye ejemplos practicos, casos de estudio y ejercicios para reforzar el aprendizaje.",https://covers.biblioteca.local/00671.jpg,1,978-1-346-81054-6,27
672,Liderazgo Organizacional: teoria y practica,"Un texto completo que aborda los principios de Liderazgo Organizacional, dirigido a estudiantes y profesionales del area. Incluye ejemplos practicos, casos de estudio y ejercicios para reforzar el aprendizaje.",https://covers.biblioteca.local/00672.jpg,2,978-0-01-749075-9,38
673,Bases de Cultivos Tropicales,"Un texto aplicado que aborda los principios de Cultivos Tropicales, dirigido a estudiantes y profesionales del area. Incluye ejemplos practicos, casos de estudio y ejercicios para reforzar el aprendizaje.",https://covers.biblioteca.local/00673.jpg,2,978-0-544-92683-7,6
674,Introduccion a Multimedia Interactiva,"Un texto practico que aborda los principios de Multimedia Interactiva, dirigido a estudiantes y profesionales del area. Incluye ejemplos practicos, casos de estudio y ejercicios para reforzar el aprendizaje.",https://covers.biblioteca.local/00674.jpg,1,978-1-893571-26-6,14
675,Invisible Corazon,"El autor construye un mundo lleno de detalles y matices inolvidables. Un viaje narrativo que combina emocion e intriga en cada capitulo. La obra explora temas de identidad, perdida y esperanza.",https://covers.biblioteca.local/00675.jpg,1,978-0-10-627371-3,40
676,Manual de Manejo de Cultivos,"Un texto actualizado que aborda los principios de Manejo de Cultivos, dirigido a estudiantes y profesionales del area. Incluye ejemplos practicos, casos de estudio y ejercicios para reforzar el aprendizaje.",https://covers.biblioteca.local/00676.jpg,2,978-1-988649-76-4,23
677,Jardin dorado,Un relato profundo sobre las relaciones humanas y el paso del tiempo. Considerada una de las obras mas influyentes de su genero.,https://covers.biblioteca.local/00677.jpg,1,978-1-62282-772-5,7
678,Guia Practica de Produccion Agricola,"Un texto riguroso que aborda los principios de Produccion Agricola, dirigido a estudiantes y profesionales del area. Incluye ejemplos practicos, casos de estudio y ejercicios para reforzar el aprendizaje.",https://covers.biblioteca.local/00678.jpg,2,978-0-7702-8519-7,18
679,Manual de Impuestos,"Un texto didactico que aborda los principios de Impuestos, dirigido a estudiantes y profesionales del area. Incluye ejemplos practicos, casos de estudio y ejercicios para reforzar el aprendizaje.",https://covers.biblioteca.local/00679.jpg,3,978-0-15-940821-6,3
680,Gestion Empresarial: teoria y practica,"Un texto didactico que aborda los principios de Gestion Empresarial, dirigido a estudiantes y profesionales del area. Incluye ejemplos practicos, casos de estudio y ejercicios para reforzar el aprendizaje.",https://covers.biblioteca.local/00680.jpg,3,978-1-5447-0229-2,22
681,Principios de Talento Humano,"Un texto didactico que aborda los principios de Talento Humano, dirigido a estudiantes y profesionales del area. Incluye ejemplos practicos, casos de estudio y ejercicios para reforzar el aprendizaje.",https://covers.biblioteca.local/00681.jpg,2,978-0-443-27018-5,11
682,Guia Practica de Talento Humano,"Un texto aplicado que aborda los principios de Talento Humano, dirigido a estudiantes y profesionales del area. Incluye ejemplos practicos, casos de estudio y ejercicios para reforzar el aprendizaje.",https://covers.biblioteca.local/00682.jpg,2,978-0-06-794975-7,38
683,Costos y Presupuestos: teoria y practica,"Un texto didactico que aborda los principios de Costos y Presupuestos, dirigido a estudiantes y profesionales del area. Incluye ejemplos practicos, casos de estudio y ejercicios para reforzar el aprendizaje.",https://covers.biblioteca.local/00683.jpg,3,978-1-922877-72-7,15
684,Introduccion a Sanidad Animal,"Un texto completo que aborda los principios de Sanidad Animal, dirigido a estudiantes y profesionales del area. Incluye ejemplos practicos, casos de estudio y ejercicios para reforzar el aprendizaje.",https://covers.biblioteca.local/00684.jpg,1,978-0-9966365-8-2,5
685,Auditoria para Profesionales,"Un texto completo que aborda los principios de Auditoria, dirigido a estudiantes y profesionales del area. Incluye ejemplos practicos, casos de estudio y ejercicios para reforzar el aprendizaje.",https://covers.biblioteca.local/00685.jpg,4,978-1-4120-9481-8,14
686,La castillo y el viaje 7,"Un viaje narrativo que combina emocion e intriga en cada capitulo. Una reflexion sobre la sociedad contemporanea contada con maestria. La obra explora temas de identidad, perdida y esperanza.",https://covers.biblioteca.local/00686.jpg,1,978-0-9890983-7-3,3
687,Conceptos Clave de Marketing Estrategico,"Un texto completo que aborda los principios de Marketing Estrategico, dirigido a estudiantes y profesionales del area. Incluye ejemplos practicos, casos de estudio y ejercicios para reforzar el aprendizaje.",https://covers.biblioteca.local/00687.jpg,1,978-0-8204-3397-4,22
688,Manual de Desarrollo Web,"Un texto didactico que aborda los principios de Desarrollo Web, dirigido a estudiantes y profesionales del area. Incluye ejemplos practicos, casos de estudio y ejercicios para reforzar el aprendizaje.",https://covers.biblioteca.local/00688.jpg,1,978-1-69070-562-8,32
689,Principios de Analisis Financiero,"Un texto actualizado que aborda los principios de Analisis Financiero, dirigido a estudiantes y profesionales del area. Incluye ejemplos practicos, casos de estudio y ejercicios para reforzar el aprendizaje.",https://covers.biblioteca.local/00689.jpg,1,978-0-85641-118-2,38
690,El Silencio de camino 9,El autor construye un mundo lleno de detalles y matices inolvidables. Considerada una de las obras mas influyentes de su genero.,https://covers.biblioteca.local/00690.jpg,3,978-1-224-12462-8,26
691,Bases de Sistemas de Riego,"Un texto didactico que aborda los principios de Sistemas de Riego, dirigido a estudiantes y profesionales del area. Incluye ejemplos practicos, casos de estudio y ejercicios para reforzar el aprendizaje.",https://covers.biblioteca.local/00691.jpg,3,978-1-200-46152-5,36
692,Bases de Agroecologia,"Un texto aplicado que aborda los principios de Agroecologia, dirigido a estudiantes y profesionales del area. Incluye ejemplos practicos, casos de estudio y ejercicios para reforzar el aprendizaje.",https://covers.biblioteca.local/00692.jpg,3,978-1-4610-3399-8,19
693,Secreto Jardin,"La narracion se despliega entre distintos escenarios y epocas. Los personajes enfrentan decisiones que cambiaran su destino para siempre. La obra explora temas de identidad, perdida y esperanza.",https://covers.biblioteca.local/00693.jpg,3,978-1-886140-57-8,30
694,Talento Humano Aplicada,"Un texto riguroso que aborda los principios de Talento Humano, dirigido a estudiantes y profesionales del area. Incluye ejemplos practicos, casos de estudio y ejercicios para reforzar el aprendizaje.",https://covers.biblioteca.local/00694.jpg,2,978-0-7063-0489-3,1
695,Inteligencia Artificial: teoria y practica,"Un texto practico que aborda los principios de Inteligencia Artificial, dirigido a estudiantes y profesionales del area. Incluye ejemplos practicos, casos de estudio y ejercicios para reforzar el aprendizaje.",https://covers.biblioteca.local/00695.jpg,1,978-0-8249-6718-5,18
696,Introduccion a Auditoria,"Un texto riguroso que aborda los principios de Auditoria, dirigido a estudiantes y profesionales del area. Incluye ejemplos practicos, casos de estudio y ejercicios para reforzar el aprendizaje.",https://covers.biblioteca.local/00696.jpg,5,978-0-582-38687-7,24
697,El Bosque y el puente,Un clasico recomendado para lectores de todas las edades. Una historia que atrapa desde la primera pagina. Una reflexion sobre la sociedad contemporanea contada con maestria.,https://covers.biblioteca.local/00697.jpg,4,978-0-7942-0074-9,24
698,Introduccion a Recursos Humanos,"Un texto practico que aborda los principios de Recursos Humanos, dirigido a estudiantes y profesionales del area. Incluye ejemplos practicos, casos de estudio y ejercicios para reforzar el aprendizaje.",https://covers.biblioteca.local/00698.jpg,1,978-1-5398-4028-2,38
699,Planeacion Estrategica: teoria y practica,"Un texto aplicado que aborda los principios de Planeacion Estrategica, dirigido a estudiantes y profesionales del area. Incluye ejemplos practicos, casos de estudio y ejercicios para reforzar el aprendizaje.",https://covers.biblioteca.local/00699.jpg,1,978-1-161-28463-8,18
700,Principios de Diseno Web,"Un texto riguroso que aborda los principios de Diseno Web, dirigido a estudiantes y profesionales del area. Incluye ejemplos practicos, casos de estudio y ejercicios para reforzar el aprendizaje.",https://covers.biblioteca.local/00700.jpg,3,978-1-4743-5537-7,8
701,Principios de Algoritmos,"Un texto actualizado que aborda los principios de Algoritmos, dirigido a estudiantes y profesionales del area. Incluye ejemplos practicos, casos de estudio y ejercicios para reforzar el aprendizaje.",https://covers.biblioteca.local/00701.jpg,3,978-0-209-70026-0,6
702,Recursos Humanos para Profesionales,"Un texto aplicado que aborda los principios de Recursos Humanos, dirigido a estudiantes y profesionales del area. Incluye ejemplos practicos, casos de estudio y ejercicios para reforzar el aprendizaje.",https://covers.biblioteca.local/00702.jpg,2,978-1-81180-715-6,18
703,Conceptos Clave de Diseno Grafico,"Un texto practico que aborda los principios de Diseno Grafico, dirigido a estudiantes y profesionales del area. Incluye ejemplos practicos, casos de estudio y ejercicios para reforzar el aprendizaje.",https://covers.biblioteca.local/00703.jpg,1,978-1-62017-537-8,2
704,Manual de Sanidad Animal,"Un texto completo que aborda los principios de Sanidad Animal, dirigido a estudiantes y profesionales del area. Incluye ejemplos practicos, casos de estudio y ejercicios para reforzar el aprendizaje.",https://covers.biblioteca.local/00704.jpg,4,978-0-04-531943-5,27
705,Fuego ultimo,Un viaje narrativo que combina emocion e intriga en cada capitulo. Un relato profundo sobre las relaciones humanas y el paso del tiempo. Una historia que atrapa desde la primera pagina.,https://covers.biblioteca.local/00705.jpg,1,978-1-5047-9303-2,15
706,Produccion Agricola: teoria y practica,"Un texto riguroso que aborda los principios de Produccion Agricola, dirigido a estudiantes y profesionales del area. Incluye ejemplos practicos, casos de estudio y ejercicios para reforzar el aprendizaje.",https://covers.biblioteca.local/00706.jpg,4,978-0-498-72839-6,36
707,Introduccion a Impuestos,"Un texto completo que aborda los principios de Impuestos, dirigido a estudiantes y profesionales del area. Incluye ejemplos practicos, casos de estudio y ejercicios para reforzar el aprendizaje.",https://covers.biblioteca.local/00707.jpg,5,978-0-921249-38-2,17
708,Diseno UX/UI Aplicada,"Un texto practico que aborda los principios de Diseno UX/UI, dirigido a estudiantes y profesionales del area. Incluye ejemplos practicos, casos de estudio y ejercicios para reforzar el aprendizaje.",https://covers.biblioteca.local/00708.jpg,2,978-0-08-948706-0,35
709,Guia Practica de Manejo de Suelos,"Un texto riguroso que aborda los principios de Manejo de Suelos, dirigido a estudiantes y profesionales del area. Incluye ejemplos practicos, casos de estudio y ejercicios para reforzar el aprendizaje.",https://covers.biblioteca.local/00709.jpg,1,978-1-66418-775-7,8
710,Manual de Estados Financieros,"Un texto didactico que aborda los principios de Estados Financieros, dirigido a estudiantes y profesionales del area. Incluye ejemplos practicos, casos de estudio y ejercicios para reforzar el aprendizaje.",https://covers.biblioteca.local/00710.jpg,1,978-0-04-687506-0,14
711,Principios de Comercio Internacional,"Un texto didactico que aborda los principios de Comercio Internacional, dirigido a estudiantes y profesionales del area. Incluye ejemplos practicos, casos de estudio y ejercicios para reforzar el aprendizaje.",https://covers.biblioteca.local/00711.jpg,1,978-1-190-36133-1,35
712,Bases de Agroecologia,"Un texto aplicado que aborda los principios de Agroecologia, dirigido a estudiantes y profesionales del area. Incluye ejemplos practicos, casos de estudio y ejercicios para reforzar el aprendizaje.",https://covers.biblioteca.local/00712.jpg,1,978-1-4110-7609-9,10
713,Bases de Sistemas Operativos,"Un texto didactico que aborda los principios de Sistemas Operativos, dirigido a estudiantes y profesionales del area. Incluye ejemplos practicos, casos de estudio y ejercicios para reforzar el aprendizaje.",https://covers.biblioteca.local/00713.jpg,2,978-1-317-35058-3,33
714,Introduccion a Auditoria,"Un texto practico que aborda los principios de Auditoria, dirigido a estudiantes y profesionales del area. Incluye ejemplos practicos, casos de estudio y ejercicios para reforzar el aprendizaje.",https://covers.biblioteca.local/00714.jpg,4,978-0-9971791-1-8,37
715,Diseno UX/UI para Profesionales,"Un texto riguroso que aborda los principios de Diseno UX/UI, dirigido a estudiantes y profesionales del area. Incluye ejemplos practicos, casos de estudio y ejercicios para reforzar el aprendizaje.",https://covers.biblioteca.local/00715.jpg,1,978-0-651-20704-1,8
716,Manual de Revisoria Fiscal,"Un texto aplicado que aborda los principios de Revisoria Fiscal, dirigido a estudiantes y profesionales del area. Incluye ejemplos practicos, casos de estudio y ejercicios para reforzar el aprendizaje.",https://covers.biblioteca.local/00716.jpg,3,978-0-10-804661-2,6
717,Manual de Ciberseguridad,"Un texto practico que aborda los principios de Ciberseguridad, dirigido a estudiantes y profesionales del area. Incluye ejemplos practicos, casos de estudio y ejercicios para reforzar el aprendizaje.",https://covers.biblioteca.local/00717.jpg,1,978-0-9907676-9-5,15
718,Fundamentos de Bases de Datos,"Un texto didactico que aborda los principios de Bases de Datos, dirigido a estudiantes y profesionales del area. Incluye ejemplos practicos, casos de estudio y ejercicios para reforzar el aprendizaje.",https://covers.biblioteca.local/00718.jpg,1,978-1-07-859311-3,33
719,Introduccion a Cloud Computing,"Un texto practico que aborda los principios de Cloud Computing, dirigido a estudiantes y profesionales del area. Incluye ejemplos practicos, casos de estudio y ejercicios para reforzar el aprendizaje.",https://covers.biblioteca.local/00719.jpg,1,978-0-939284-56-6,24
720,Conceptos Clave de Diseno UX/UI,"Un texto aplicado que aborda los principios de Diseno UX/UI, dirigido a estudiantes y profesionales del area. Incluye ejemplos practicos, casos de estudio y ejercicios para reforzar el aprendizaje.",https://covers.biblioteca.local/00720.jpg,3,978-1-232-00249-9,29
721,Diseno UX/UI: teoria y practica,"Un texto actualizado que aborda los principios de Diseno UX/UI, dirigido a estudiantes y profesionales del area. Incluye ejemplos practicos, casos de estudio y ejercicios para reforzar el aprendizaje.",https://covers.biblioteca.local/00721.jpg,1,978-1-4982-2749-0,28
722,Guia Practica de Sistemas de Riego,"Un texto aplicado que aborda los principios de Sistemas de Riego, dirigido a estudiantes y profesionales del area. Incluye ejemplos practicos, casos de estudio y ejercicios para reforzar el aprendizaje.",https://covers.biblioteca.local/00722.jpg,1,978-1-5089-2038-0,18
723,Machine Learning: teoria y practica,"Un texto didactico que aborda los principios de Machine Learning, dirigido a estudiantes y profesionales del area. Incluye ejemplos practicos, casos de estudio y ejercicios para reforzar el aprendizaje.",https://covers.biblioteca.local/00723.jpg,2,978-1-5333-1537-3,20
724,Motion Graphics Aplicada,"Un texto practico que aborda los principios de Motion Graphics, dirigido a estudiantes y profesionales del area. Incluye ejemplos practicos, casos de estudio y ejercicios para reforzar el aprendizaje.",https://covers.biblioteca.local/00724.jpg,2,978-1-995946-52-8,8
725,Conceptos Clave de Agroecologia,"Un texto aplicado que aborda los principios de Agroecologia, dirigido a estudiantes y profesionales del area. Incluye ejemplos practicos, casos de estudio y ejercicios para reforzar el aprendizaje.",https://covers.biblioteca.local/00725.jpg,2,978-1-07-303379-9,18
726,Fundamentos de Motion Graphics,"Un texto practico que aborda los principios de Motion Graphics, dirigido a estudiantes y profesionales del area. Incluye ejemplos practicos, casos de estudio y ejercicios para reforzar el aprendizaje.",https://covers.biblioteca.local/00726.jpg,4,978-0-7563-6205-8,31
727,Conceptos Clave de Gestion Empresarial,"Un texto riguroso que aborda los principios de Gestion Empresarial, dirigido a estudiantes y profesionales del area. Incluye ejemplos practicos, casos de estudio y ejercicios para reforzar el aprendizaje.",https://covers.biblioteca.local/00727.jpg,2,978-0-508-12473-6,38
728,El Castillo en destino,"Una reflexion sobre la sociedad contemporanea contada con maestria. La obra explora temas de identidad, perdida y esperanza.",https://covers.biblioteca.local/00728.jpg,1,978-0-03-342342-7,4
729,Gerencia de Proyectos para Profesionales,"Un texto aplicado que aborda los principios de Gerencia de Proyectos, dirigido a estudiantes y profesionales del area. Incluye ejemplos practicos, casos de estudio y ejercicios para reforzar el aprendizaje.",https://covers.biblioteca.local/00729.jpg,3,978-0-230-24102-2,34
730,Introduccion a Contabilidad de Costos,"Un texto aplicado que aborda los principios de Contabilidad de Costos, dirigido a estudiantes y profesionales del area. Incluye ejemplos practicos, casos de estudio y ejercicios para reforzar el aprendizaje.",https://covers.biblioteca.local/00730.jpg,1,978-0-534-73552-4,11
731,Multimedia Interactiva Aplicada,"Un texto aplicado que aborda los principios de Multimedia Interactiva, dirigido a estudiantes y profesionales del area. Incluye ejemplos practicos, casos de estudio y ejercicios para reforzar el aprendizaje.",https://covers.biblioteca.local/00731.jpg,3,978-0-12-233865-6,35
732,Diseno UX/UI para Profesionales,"Un texto completo que aborda los principios de Diseno UX/UI, dirigido a estudiantes y profesionales del area. Incluye ejemplos practicos, casos de estudio y ejercicios para reforzar el aprendizaje.",https://covers.biblioteca.local/00732.jpg,2,978-1-309-93842-3,22
733,Conceptos Clave de Diseno Grafico,"Un texto practico que aborda los principios de Diseno Grafico, dirigido a estudiantes y profesionales del area. Incluye ejemplos practicos, casos de estudio y ejercicios para reforzar el aprendizaje.",https://covers.biblioteca.local/00733.jpg,2,978-0-04-289731-8,13
734,Contabilidad Publica: teoria y practica,"Un texto aplicado que aborda los principios de Contabilidad Publica, dirigido a estudiantes y profesionales del area. Incluye ejemplos practicos, casos de estudio y ejercicios para reforzar el aprendizaje.",https://covers.biblioteca.local/00734.jpg,1,978-0-286-85787-1,31
735,Principios de Ciberseguridad,"Un texto completo que aborda los principios de Ciberseguridad, dirigido a estudiantes y profesionales del area. Incluye ejemplos practicos, casos de estudio y ejercicios para reforzar el aprendizaje.",https://covers.biblioteca.local/00735.jpg,3,978-1-58777-496-6,34
736,La reino tras espejo,Un texto imprescindible para comprender las tensiones de su tiempo. Un relato profundo sobre las relaciones humanas y el paso del tiempo.,https://covers.biblioteca.local/00736.jpg,1,978-0-337-36346-7,15
737,Fundamentos de Marketing Estrategico,"Un texto actualizado que aborda los principios de Marketing Estrategico, dirigido a estudiantes y profesionales del area. Incluye ejemplos practicos, casos de estudio y ejercicios para reforzar el aprendizaje.",https://covers.biblioteca.local/00737.jpg,1,978-0-548-12147-4,14
738,Guia Practica de Inteligencia Artificial,"Un texto aplicado que aborda los principios de Inteligencia Artificial, dirigido a estudiantes y profesionales del area. Incluye ejemplos practicos, casos de estudio y ejercicios para reforzar el aprendizaje.",https://covers.biblioteca.local/00738.jpg,2,978-0-907895-67-1,31
739,Manejo de Suelos: teoria y practica,"Un texto riguroso que aborda los principios de Manejo de Suelos, dirigido a estudiantes y profesionales del area. Incluye ejemplos practicos, casos de estudio y ejercicios para reforzar el aprendizaje.",https://covers.biblioteca.local/00739.jpg,1,978-1-65754-602-8,33
740,Sistemas de Riego: teoria y practica,"Un texto practico que aborda los principios de Sistemas de Riego, dirigido a estudiantes y profesionales del area. Incluye ejemplos practicos, casos de estudio y ejercicios para reforzar el aprendizaje.",https://covers.biblioteca.local/00740.jpg,5,978-0-415-14888-7,14
741,Silencioso Cronicas,"Una historia que atrapa desde la primera pagina. Un relato profundo sobre las relaciones humanas y el paso del tiempo. La obra explora temas de identidad, perdida y esperanza.",https://covers.biblioteca.local/00741.jpg,1,978-1-311-15083-7,18
742,La puente del corazon,Considerada una de las obras mas influyentes de su genero. Un clasico recomendado para lectores de todas las edades.,https://covers.biblioteca.local/00742.jpg,4,978-0-544-43928-3,5
743,Manual de Contabilidad Publica,"Un texto didactico que aborda los principios de Contabilidad Publica, dirigido a estudiantes y profesionales del area. Incluye ejemplos practicos, casos de estudio y ejercicios para reforzar el aprendizaje.",https://covers.biblioteca.local/00743.jpg,3,978-0-445-66907-9,19
744,Ultimo Bosque,"Considerada una de las obras mas influyentes de su genero. Una trama envolvente que mezcla drama, misterio y superacion personal.",https://covers.biblioteca.local/00744.jpg,1,978-1-333-73898-3,24
745,Bases de Inteligencia Artificial,"Un texto practico que aborda los principios de Inteligencia Artificial, dirigido a estudiantes y profesionales del area. Incluye ejemplos practicos, casos de estudio y ejercicios para reforzar el aprendizaje.",https://covers.biblioteca.local/00745.jpg,2,978-1-5153-6637-9,25
746,Viaje sagrado,El autor construye un mundo lleno de detalles y matices inolvidables. Un relato profundo sobre las relaciones humanas y el paso del tiempo.,https://covers.biblioteca.local/00746.jpg,2,978-0-529-24075-0,21
747,El Destino de corazon,"Una trama envolvente que mezcla drama, misterio y superacion personal. Una reflexion sobre la sociedad contemporanea contada con maestria.",https://covers.biblioteca.local/00747.jpg,2,978-0-666-84590-0,19
748,El Rio en umbral,El autor construye un mundo lleno de detalles y matices inolvidables. Los personajes enfrentan decisiones que cambiaran su destino para siempre.,https://covers.biblioteca.local/00748.jpg,2,978-0-259-99966-9,30
749,Conceptos Clave de Sistemas Operativos,"Un texto practico que aborda los principios de Sistemas Operativos, dirigido a estudiantes y profesionales del area. Incluye ejemplos practicos, casos de estudio y ejercicios para reforzar el aprendizaje.",https://covers.biblioteca.local/00749.jpg,5,978-1-186-37159-7,5
750,Produccion Audiovisual para Profesionales,"Un texto practico que aborda los principios de Produccion Audiovisual, dirigido a estudiantes y profesionales del area. Incluye ejemplos practicos, casos de estudio y ejercicios para reforzar el aprendizaje.",https://covers.biblioteca.local/00750.jpg,2,978-1-121-82097-5,32
751,Agroecologia Aplicada,"Un texto didactico que aborda los principios de Agroecologia, dirigido a estudiantes y profesionales del area. Incluye ejemplos practicos, casos de estudio y ejercicios para reforzar el aprendizaje.",https://covers.biblioteca.local/00751.jpg,1,978-0-316-43348-8,26
752,Principios de Planeacion Estrategica,"Un texto didactico que aborda los principios de Planeacion Estrategica, dirigido a estudiantes y profesionales del area. Incluye ejemplos practicos, casos de estudio y ejercicios para reforzar el aprendizaje.",https://covers.biblioteca.local/00752.jpg,1,978-1-05-802566-5,8
753,Manual de Diseno UX/UI,"Un texto aplicado que aborda los principios de Diseno UX/UI, dirigido a estudiantes y profesionales del area. Incluye ejemplos practicos, casos de estudio y ejercicios para reforzar el aprendizaje.",https://covers.biblioteca.local/00753.jpg,1,978-0-286-71632-1,26
754,Comercio Internacional para Profesionales,"Un texto completo que aborda los principios de Comercio Internacional, dirigido a estudiantes y profesionales del area. Incluye ejemplos practicos, casos de estudio y ejercicios para reforzar el aprendizaje.",https://covers.biblioteca.local/00754.jpg,4,978-1-67299-493-4,8
755,Introduccion a Marketing Estrategico,"Un texto didactico que aborda los principios de Marketing Estrategico, dirigido a estudiantes y profesionales del area. Incluye ejemplos practicos, casos de estudio y ejercicios para reforzar el aprendizaje.",https://covers.biblioteca.local/00755.jpg,5,978-1-302-71693-6,4
756,Sistemas Operativos Aplicada,"Un texto completo que aborda los principios de Sistemas Operativos, dirigido a estudiantes y profesionales del area. Incluye ejemplos practicos, casos de estudio y ejercicios para reforzar el aprendizaje.",https://covers.biblioteca.local/00756.jpg,5,978-1-77901-475-7,21
757,Guia Practica de Bases de Datos,"Un texto actualizado que aborda los principios de Bases de Datos, dirigido a estudiantes y profesionales del area. Incluye ejemplos practicos, casos de estudio y ejercicios para reforzar el aprendizaje.",https://covers.biblioteca.local/00757.jpg,1,978-1-926329-67-3,32
758,Introduccion a Costos y Presupuestos,"Un texto didactico que aborda los principios de Costos y Presupuestos, dirigido a estudiantes y profesionales del area. Incluye ejemplos practicos, casos de estudio y ejercicios para reforzar el aprendizaje.",https://covers.biblioteca.local/00758.jpg,5,978-0-916032-48-7,8
759,Destino profundo,"Una trama envolvente que mezcla drama, misterio y superacion personal. Un texto imprescindible para comprender las tensiones de su tiempo. Una historia que atrapa desde la primera pagina.",https://covers.biblioteca.local/00759.jpg,1,978-0-376-81511-8,3
760,Conceptos Clave de Marketing Estrategico,"Un texto aplicado que aborda los principios de Marketing Estrategico, dirigido a estudiantes y profesionales del area. Incluye ejemplos practicos, casos de estudio y ejercicios para reforzar el aprendizaje.",https://covers.biblioteca.local/00760.jpg,3,978-1-72438-070-8,8
761,Manual de Sistemas de Riego,"Un texto completo que aborda los principios de Sistemas de Riego, dirigido a estudiantes y profesionales del area. Incluye ejemplos practicos, casos de estudio y ejercicios para reforzar el aprendizaje.",https://covers.biblioteca.local/00761.jpg,2,978-1-65636-004-5,4
762,Fundamentos de Sanidad Animal,"Un texto actualizado que aborda los principios de Sanidad Animal, dirigido a estudiantes y profesionales del area. Incluye ejemplos practicos, casos de estudio y ejercicios para reforzar el aprendizaje.",https://covers.biblioteca.local/00762.jpg,3,978-0-577-71183-7,19
763,Bases de Edicion de Video,"Un texto aplicado que aborda los principios de Edicion de Video, dirigido a estudiantes y profesionales del area. Incluye ejemplos practicos, casos de estudio y ejercicios para reforzar el aprendizaje.",https://covers.biblioteca.local/00763.jpg,1,978-0-7422-0912-1,23
764,Gestion Empresarial para Profesionales,"Un texto actualizado que aborda los principios de Gestion Empresarial, dirigido a estudiantes y profesionales del area. Incluye ejemplos practicos, casos de estudio y ejercicios para reforzar el aprendizaje.",https://covers.biblioteca.local/00764.jpg,3,978-0-86210-427-6,23
765,Puente oscuro,Un viaje narrativo que combina emocion e intriga en cada capitulo. Un texto imprescindible para comprender las tensiones de su tiempo.,https://covers.biblioteca.local/00765.jpg,2,978-0-308-37081-4,20
766,El Legado de espejo,"Una reflexion sobre la sociedad contemporanea contada con maestria. La obra explora temas de identidad, perdida y esperanza.",https://covers.biblioteca.local/00766.jpg,2,978-1-70900-633-3,2
767,Gestion Empresarial para Profesionales,"Un texto riguroso que aborda los principios de Gestion Empresarial, dirigido a estudiantes y profesionales del area. Incluye ejemplos practicos, casos de estudio y ejercicios para reforzar el aprendizaje.",https://covers.biblioteca.local/00767.jpg,4,978-0-310-60053-4,18
768,Principios de Arquitectura de Software,"Un texto practico que aborda los principios de Arquitectura de Software, dirigido a estudiantes y profesionales del area. Incluye ejemplos practicos, casos de estudio y ejercicios para reforzar el aprendizaje.",https://covers.biblioteca.local/00768.jpg,1,978-0-12-206815-7,37
769,Programacion Orientada a Objetos: teoria y practica,"Un texto aplicado que aborda los principios de Programacion Orientada a Objetos, dirigido a estudiantes y profesionales del area. Incluye ejemplos practicos, casos de estudio y ejercicios para reforzar el aprendizaje.",https://covers.biblioteca.local/00769.jpg,4,978-0-938661-33-7,11
770,Fundamentos de Redes de Computadores,"Un texto didactico que aborda los principios de Redes de Computadores, dirigido a estudiantes y profesionales del area. Incluye ejemplos practicos, casos de estudio y ejercicios para reforzar el aprendizaje.",https://covers.biblioteca.local/00770.jpg,3,978-1-5206-5063-0,14
771,Conceptos Clave de Diseno UX/UI,"Un texto completo que aborda los principios de Diseno UX/UI, dirigido a estudiantes y profesionales del area. Incluye ejemplos practicos, casos de estudio y ejercicios para reforzar el aprendizaje.",https://covers.biblioteca.local/00771.jpg,1,978-0-14-950136-1,34
772,Liderazgo Organizacional: teoria y practica,"Un texto practico que aborda los principios de Liderazgo Organizacional, dirigido a estudiantes y profesionales del area. Incluye ejemplos practicos, casos de estudio y ejercicios para reforzar el aprendizaje.",https://covers.biblioteca.local/00772.jpg,2,978-1-189-24195-8,33
773,Introduccion a Zootecnia,"Un texto actualizado que aborda los principios de Zootecnia, dirigido a estudiantes y profesionales del area. Incluye ejemplos practicos, casos de estudio y ejercicios para reforzar el aprendizaje.",https://covers.biblioteca.local/00773.jpg,2,978-0-525-71509-2,2
774,Arquitectura de Software para Profesionales,"Un texto didactico que aborda los principios de Arquitectura de Software, dirigido a estudiantes y profesionales del area. Incluye ejemplos practicos, casos de estudio y ejercicios para reforzar el aprendizaje.",https://covers.biblioteca.local/00774.jpg,3,978-1-83890-309-1,10
775,Guia Practica de Programacion,"Un texto aplicado que aborda los principios de Programacion, dirigido a estudiantes y profesionales del area. Incluye ejemplos practicos, casos de estudio y ejercicios para reforzar el aprendizaje.",https://covers.biblioteca.local/00775.jpg,3,978-1-363-91025-0,19
776,Invisible Cronicas,El autor construye un mundo lleno de detalles y matices inolvidables. Un viaje narrativo que combina emocion e intriga en cada capitulo.,https://covers.biblioteca.local/00776.jpg,1,978-1-326-30397-6,8
777,Analisis Financiero: teoria y practica,"Un texto riguroso que aborda los principios de Analisis Financiero, dirigido a estudiantes y profesionales del area. Incluye ejemplos practicos, casos de estudio y ejercicios para reforzar el aprendizaje.",https://covers.biblioteca.local/00777.jpg,1,978-0-450-86403-2,32
778,Silencio oscuro,"La obra explora temas de identidad, perdida y esperanza. Los personajes enfrentan decisiones que cambiaran su destino para siempre.",https://covers.biblioteca.local/00778.jpg,2,978-1-338-03396-0,9
779,El Sueno en cronicas,La narracion se despliega entre distintos escenarios y epocas. Una historia que atrapa desde la primera pagina.,https://covers.biblioteca.local/00779.jpg,3,978-0-7017-1302-7,32
780,Introduccion a Sistemas Operativos,"Un texto riguroso que aborda los principios de Sistemas Operativos, dirigido a estudiantes y profesionales del area. Incluye ejemplos practicos, casos de estudio y ejercicios para reforzar el aprendizaje.",https://covers.biblioteca.local/00780.jpg,1,978-0-12-983381-9,6
781,Gestion Empresarial para Profesionales,"Un texto completo que aborda los principios de Gestion Empresarial, dirigido a estudiantes y profesionales del area. Incluye ejemplos practicos, casos de estudio y ejercicios para reforzar el aprendizaje.",https://covers.biblioteca.local/00781.jpg,2,978-1-4233-6293-7,8
782,La umbral de secreto,Una reflexion sobre la sociedad contemporanea contada con maestria. Un texto imprescindible para comprender las tensiones de su tiempo.,https://covers.biblioteca.local/00782.jpg,2,978-1-9734-7156-1,38
783,Introduccion a Produccion Agricola,"Un texto actualizado que aborda los principios de Produccion Agricola, dirigido a estudiantes y profesionales del area. Incluye ejemplos practicos, casos de estudio y ejercicios para reforzar el aprendizaje.",https://covers.biblioteca.local/00783.jpg,1,978-0-7768-9627-4,12
784,Manual de Impuestos,"Un texto practico que aborda los principios de Impuestos, dirigido a estudiantes y profesionales del area. Incluye ejemplos practicos, casos de estudio y ejercicios para reforzar el aprendizaje.",https://covers.biblioteca.local/00784.jpg,1,978-1-61498-282-1,32
785,Bases de Marketing Estrategico,"Un texto riguroso que aborda los principios de Marketing Estrategico, dirigido a estudiantes y profesionales del area. Incluye ejemplos practicos, casos de estudio y ejercicios para reforzar el aprendizaje.",https://covers.biblioteca.local/00785.jpg,1,978-1-74746-897-1,18
786,Bases de Contabilidad Publica,"Un texto riguroso que aborda los principios de Contabilidad Publica, dirigido a estudiantes y profesionales del area. Incluye ejemplos practicos, casos de estudio y ejercicios para reforzar el aprendizaje.",https://covers.biblioteca.local/00786.jpg,1,978-1-273-23008-0,3
787,Fundamentos de Finanzas Corporativas,"Un texto actualizado que aborda los principios de Finanzas Corporativas, dirigido a estudiantes y profesionales del area. Incluye ejemplos practicos, casos de estudio y ejercicios para reforzar el aprendizaje.",https://covers.biblioteca.local/00787.jpg,1,978-1-66656-749-6,24
788,Conceptos Clave de Fotografia Digital,"Un texto actualizado que aborda los principios de Fotografia Digital, dirigido a estudiantes y profesionales del area. Incluye ejemplos practicos, casos de estudio y ejercicios para reforzar el aprendizaje.",https://covers.biblioteca.local/00788.jpg,1,978-1-01-692364-4,20
789,El Secreto en viaje,"Una trama envolvente que mezcla drama, misterio y superacion personal. La narracion se despliega entre distintos escenarios y epocas.",https://covers.biblioteca.local/00789.jpg,1,978-1-5066-3370-1,21
790,Gestion de la Calidad Aplicada,"Un texto aplicado que aborda los principios de Gestion de la Calidad, dirigido a estudiantes y profesionales del area. Incluye ejemplos practicos, casos de estudio y ejercicios para reforzar el aprendizaje.",https://covers.biblioteca.local/00790.jpg,1,978-0-249-72439-4,27
791,Contabilidad Tributaria Aplicada,"Un texto aplicado que aborda los principios de Contabilidad Tributaria, dirigido a estudiantes y profesionales del area. Incluye ejemplos practicos, casos de estudio y ejercicios para reforzar el aprendizaje.",https://covers.biblioteca.local/00791.jpg,4,978-0-11-669183-5,33
792,Animacion Digital para Profesionales,"Un texto actualizado que aborda los principios de Animacion Digital, dirigido a estudiantes y profesionales del area. Incluye ejemplos practicos, casos de estudio y ejercicios para reforzar el aprendizaje.",https://covers.biblioteca.local/00792.jpg,3,978-0-644-88694-9,12
793,Guia Practica de Zootecnia,"Un texto aplicado que aborda los principios de Zootecnia, dirigido a estudiantes y profesionales del area. Incluye ejemplos practicos, casos de estudio y ejercicios para reforzar el aprendizaje.",https://covers.biblioteca.local/00793.jpg,2,978-0-19-524364-2,20
794,Introduccion a Analisis Financiero,"Un texto riguroso que aborda los principios de Analisis Financiero, dirigido a estudiantes y profesionales del area. Incluye ejemplos practicos, casos de estudio y ejercicios para reforzar el aprendizaje.",https://covers.biblioteca.local/00794.jpg,1,978-0-7011-6864-3,9
795,Guia Practica de Contabilidad Tributaria,"Un texto practico que aborda los principios de Contabilidad Tributaria, dirigido a estudiantes y profesionales del area. Incluye ejemplos practicos, casos de estudio y ejercicios para reforzar el aprendizaje.",https://covers.biblioteca.local/00795.jpg,3,978-0-252-23728-7,27
796,Introduccion a Gestion de la Calidad,"Un texto aplicado que aborda los principios de Gestion de la Calidad, dirigido a estudiantes y profesionales del area. Incluye ejemplos practicos, casos de estudio y ejercicios para reforzar el aprendizaje.",https://covers.biblioteca.local/00796.jpg,3,978-1-932302-34-9,36
797,Finanzas Corporativas Aplicada,"Un texto practico que aborda los principios de Finanzas Corporativas, dirigido a estudiantes y profesionales del area. Incluye ejemplos practicos, casos de estudio y ejercicios para reforzar el aprendizaje.",https://covers.biblioteca.local/00797.jpg,2,978-1-912141-61-6,28
798,Realidad Aumentada Aplicada,"Un texto practico que aborda los principios de Realidad Aumentada, dirigido a estudiantes y profesionales del area. Incluye ejemplos practicos, casos de estudio y ejercicios para reforzar el aprendizaje.",https://covers.biblioteca.local/00798.jpg,3,978-0-509-37710-0,1
799,Conceptos Clave de Edicion de Video,"Un texto practico que aborda los principios de Edicion de Video, dirigido a estudiantes y profesionales del area. Incluye ejemplos practicos, casos de estudio y ejercicios para reforzar el aprendizaje.",https://covers.biblioteca.local/00799.jpg,2,978-1-09-013806-4,13
800,Guia Practica de Finanzas Corporativas,"Un texto riguroso que aborda los principios de Finanzas Corporativas, dirigido a estudiantes y profesionales del area. Incluye ejemplos practicos, casos de estudio y ejercicios para reforzar el aprendizaje.",https://covers.biblioteca.local/00800.jpg,1,978-1-75965-555-0,39
801,Manual de Cloud Computing,"Un texto riguroso que aborda los principios de Cloud Computing, dirigido a estudiantes y profesionales del area. Incluye ejemplos practicos, casos de estudio y ejercicios para reforzar el aprendizaje.",https://covers.biblioteca.local/00801.jpg,2,978-1-66905-510-5,27
802,Fundamentos de Ciberseguridad,"Un texto didactico que aborda los principios de Ciberseguridad, dirigido a estudiantes y profesionales del area. Incluye ejemplos practicos, casos de estudio y ejercicios para reforzar el aprendizaje.",https://covers.biblioteca.local/00802.jpg,3,978-1-209-18435-7,16
803,Conceptos Clave de Normas Internacionales de Informacion Financiera (NIIF),"Un texto actualizado que aborda los principios de Normas Internacionales de Informacion Financiera (NIIF), dirigido a estudiantes y profesionales del area. Incluye ejemplos practicos, casos de estudio y ejercicios para reforzar el aprendizaje.",https://covers.biblioteca.local/00803.jpg,1,978-1-86305-050-0,9
804,La legado y el cronicas,Un texto imprescindible para comprender las tensiones de su tiempo. El autor construye un mundo lleno de detalles y matices inolvidables.,https://covers.biblioteca.local/00804.jpg,3,978-1-397-69156-9,28
805,Conceptos Clave de Nutricion Animal,"Un texto riguroso que aborda los principios de Nutricion Animal, dirigido a estudiantes y profesionales del area. Incluye ejemplos practicos, casos de estudio y ejercicios para reforzar el aprendizaje.",https://covers.biblioteca.local/00805.jpg,3,978-0-649-32898-7,16
806,Principios de Gestion de la Calidad,"Un texto aplicado que aborda los principios de Gestion de la Calidad, dirigido a estudiantes y profesionales del area. Incluye ejemplos practicos, casos de estudio y ejercicios para reforzar el aprendizaje.",https://covers.biblioteca.local/00806.jpg,4,978-0-7148-7271-1,9
807,Conceptos Clave de Liderazgo Organizacional,"Un texto didactico que aborda los principios de Liderazgo Organizacional, dirigido a estudiantes y profesionales del area. Incluye ejemplos practicos, casos de estudio y ejercicios para reforzar el aprendizaje.",https://covers.biblioteca.local/00807.jpg,2,978-0-332-11602-0,22
808,Fundamentos de Talento Humano,"Un texto practico que aborda los principios de Talento Humano, dirigido a estudiantes y profesionales del area. Incluye ejemplos practicos, casos de estudio y ejercicios para reforzar el aprendizaje.",https://covers.biblioteca.local/00808.jpg,3,978-1-4347-1287-5,9
809,Diseno Grafico: teoria y practica,"Un texto practico que aborda los principios de Diseno Grafico, dirigido a estudiantes y profesionales del area. Incluye ejemplos practicos, casos de estudio y ejercicios para reforzar el aprendizaje.",https://covers.biblioteca.local/00809.jpg,2,978-1-399-15668-4,17
810,Nutricion Animal Aplicada,"Un texto riguroso que aborda los principios de Nutricion Animal, dirigido a estudiantes y profesionales del area. Incluye ejemplos practicos, casos de estudio y ejercicios para reforzar el aprendizaje.",https://covers.biblioteca.local/00810.jpg,3,978-0-341-41115-4,4
811,Silencioso Camino 9,"La obra explora temas de identidad, perdida y esperanza. Una trama envolvente que mezcla drama, misterio y superacion personal. El autor construye un mundo lleno de detalles y matices inolvidables.",https://covers.biblioteca.local/00811.jpg,1,978-0-9525690-4-6,8
812,Redes de Computadores para Profesionales,"Un texto practico que aborda los principios de Redes de Computadores, dirigido a estudiantes y profesionales del area. Incluye ejemplos practicos, casos de estudio y ejercicios para reforzar el aprendizaje.",https://covers.biblioteca.local/00812.jpg,1,978-0-665-52899-6,30
813,Motion Graphics Aplicada,"Un texto aplicado que aborda los principios de Motion Graphics, dirigido a estudiantes y profesionales del area. Incluye ejemplos practicos, casos de estudio y ejercicios para reforzar el aprendizaje.",https://covers.biblioteca.local/00813.jpg,1,978-0-608-75243-3,18
814,Conceptos Clave de Inteligencia Artificial,"Un texto actualizado que aborda los principios de Inteligencia Artificial, dirigido a estudiantes y profesionales del area. Incluye ejemplos practicos, casos de estudio y ejercicios para reforzar el aprendizaje.",https://covers.biblioteca.local/00814.jpg,3,978-1-294-20954-6,2
815,Manual de Programacion,"Un texto didactico que aborda los principios de Programacion, dirigido a estudiantes y profesionales del area. Incluye ejemplos practicos, casos de estudio y ejercicios para reforzar el aprendizaje.",https://covers.biblioteca.local/00815.jpg,2,978-1-9737-4605-8,21
816,Conceptos Clave de Ilustracion Digital,"Un texto didactico que aborda los principios de Ilustracion Digital, dirigido a estudiantes y profesionales del area. Incluye ejemplos practicos, casos de estudio y ejercicios para reforzar el aprendizaje.",https://covers.biblioteca.local/00816.jpg,2,978-0-302-76420-6,30
817,Diseno Web para Profesionales,"Un texto aplicado que aborda los principios de Diseno Web, dirigido a estudiantes y profesionales del area. Incluye ejemplos practicos, casos de estudio y ejercicios para reforzar el aprendizaje.",https://covers.biblioteca.local/00817.jpg,3,978-1-67566-184-0,29
818,La mar del viaje,La narracion se despliega entre distintos escenarios y epocas. Los personajes enfrentan decisiones que cambiaran su destino para siempre.,https://covers.biblioteca.local/00818.jpg,3,978-0-86125-904-5,21
819,Estructuras de Datos: teoria y practica,"Un texto riguroso que aborda los principios de Estructuras de Datos, dirigido a estudiantes y profesionales del area. Incluye ejemplos practicos, casos de estudio y ejercicios para reforzar el aprendizaje.",https://covers.biblioteca.local/00819.jpg,5,978-0-927742-33-7,12
820,El Viaje del horizonte 8,"La narracion se despliega entre distintos escenarios y epocas. Un texto imprescindible para comprender las tensiones de su tiempo. La obra explora temas de identidad, perdida y esperanza.",https://covers.biblioteca.local/00820.jpg,4,978-0-591-26620-7,8
821,Guia Practica de Arquitectura de Software,"Un texto practico que aborda los principios de Arquitectura de Software, dirigido a estudiantes y profesionales del area. Incluye ejemplos practicos, casos de estudio y ejercicios para reforzar el aprendizaje.",https://covers.biblioteca.local/00821.jpg,5,978-1-72018-596-3,7
822,La corazon del umbral,"El autor construye un mundo lleno de detalles y matices inolvidables. Una trama envolvente que mezcla drama, misterio y superacion personal. Los personajes enfrentan decisiones que cambiaran su destino para siempre.",https://covers.biblioteca.local/00822.jpg,1,978-1-301-36749-8,37
823,Bases de Zootecnia,"Un texto aplicado que aborda los principios de Zootecnia, dirigido a estudiantes y profesionales del area. Incluye ejemplos practicos, casos de estudio y ejercicios para reforzar el aprendizaje.",https://covers.biblioteca.local/00823.jpg,4,978-1-176-47501-4,28
824,Manual de Sanidad Animal,"Un texto aplicado que aborda los principios de Sanidad Animal, dirigido a estudiantes y profesionales del area. Incluye ejemplos practicos, casos de estudio y ejercicios para reforzar el aprendizaje.",https://covers.biblioteca.local/00824.jpg,3,978-0-17-830999-0,32
825,Fotografia Digital para Profesionales,"Un texto completo que aborda los principios de Fotografia Digital, dirigido a estudiantes y profesionales del area. Incluye ejemplos practicos, casos de estudio y ejercicios para reforzar el aprendizaje.",https://covers.biblioteca.local/00825.jpg,3,978-1-192-67649-5,10
826,Manual de Diseno Grafico,"Un texto riguroso que aborda los principios de Diseno Grafico, dirigido a estudiantes y profesionales del area. Incluye ejemplos practicos, casos de estudio y ejercicios para reforzar el aprendizaje.",https://covers.biblioteca.local/00826.jpg,4,978-0-518-26068-4,33
827,Cronicas invisible 7,Un clasico recomendado para lectores de todas las edades. Un relato profundo sobre las relaciones humanas y el paso del tiempo. Considerada una de las obras mas influyentes de su genero.,https://covers.biblioteca.local/00827.jpg,2,978-0-89813-129-1,2
828,El Cronicas y el reino,El autor construye un mundo lleno de detalles y matices inolvidables. Una historia que atrapa desde la primera pagina.,https://covers.biblioteca.local/00828.jpg,1,978-0-87510-293-1,6
829,Bases de Estructuras de Datos,"Un texto riguroso que aborda los principios de Estructuras de Datos, dirigido a estudiantes y profesionales del area. Incluye ejemplos practicos, casos de estudio y ejercicios para reforzar el aprendizaje.",https://covers.biblioteca.local/00829.jpg,1,978-0-8401-1845-5,12
830,Bases de Sistemas de Riego,"Un texto riguroso que aborda los principios de Sistemas de Riego, dirigido a estudiantes y profesionales del area. Incluye ejemplos practicos, casos de estudio y ejercicios para reforzar el aprendizaje.",https://covers.biblioteca.local/00830.jpg,4,978-1-03-408487-7,2
831,Introduccion a Algoritmos,"Un texto completo que aborda los principios de Algoritmos, dirigido a estudiantes y profesionales del area. Incluye ejemplos practicos, casos de estudio y ejercicios para reforzar el aprendizaje.",https://covers.biblioteca.local/00831.jpg,3,978-1-58598-831-0,30
832,Produccion Audiovisual Aplicada,"Un texto completo que aborda los principios de Produccion Audiovisual, dirigido a estudiantes y profesionales del area. Incluye ejemplos practicos, casos de estudio y ejercicios para reforzar el aprendizaje.",https://covers.biblioteca.local/00832.jpg,2,978-0-03-243298-7,1
833,Guia Practica de Agroecologia,"Un texto didactico que aborda los principios de Agroecologia, dirigido a estudiantes y profesionales del area. Incluye ejemplos practicos, casos de estudio y ejercicios para reforzar el aprendizaje.",https://covers.biblioteca.local/00833.jpg,1,978-1-4296-1844-1,31
834,Bases de Edicion de Video,"Un texto practico que aborda los principios de Edicion de Video, dirigido a estudiantes y profesionales del area. Incluye ejemplos practicos, casos de estudio y ejercicios para reforzar el aprendizaje.",https://covers.biblioteca.local/00834.jpg,3,978-0-671-46283-3,30
835,Guia Practica de Sistemas de Riego,"Un texto aplicado que aborda los principios de Sistemas de Riego, dirigido a estudiantes y profesionales del area. Incluye ejemplos practicos, casos de estudio y ejercicios para reforzar el aprendizaje.",https://covers.biblioteca.local/00835.jpg,3,978-1-359-89262-1,10
836,Principios de Produccion Audiovisual,"Un texto completo que aborda los principios de Produccion Audiovisual, dirigido a estudiantes y profesionales del area. Incluye ejemplos practicos, casos de estudio y ejercicios para reforzar el aprendizaje.",https://covers.biblioteca.local/00836.jpg,2,978-1-60931-418-7,16
837,Analisis Financiero: teoria y practica,"Un texto aplicado que aborda los principios de Analisis Financiero, dirigido a estudiantes y profesionales del area. Incluye ejemplos practicos, casos de estudio y ejercicios para reforzar el aprendizaje.",https://covers.biblioteca.local/00837.jpg,2,978-1-151-55423-9,7
838,Impuestos: teoria y practica,"Un texto didactico que aborda los principios de Impuestos, dirigido a estudiantes y profesionales del area. Incluye ejemplos practicos, casos de estudio y ejercicios para reforzar el aprendizaje.",https://covers.biblioteca.local/00838.jpg,4,978-0-16-361128-2,2
839,Principios de Bases de Datos,"Un texto riguroso que aborda los principios de Bases de Datos, dirigido a estudiantes y profesionales del area. Incluye ejemplos practicos, casos de estudio y ejercicios para reforzar el aprendizaje.",https://covers.biblioteca.local/00839.jpg,1,978-1-185-94849-3,27
840,Bases de Gestion de la Calidad,"Un texto completo que aborda los principios de Gestion de la Calidad, dirigido a estudiantes y profesionales del area. Incluye ejemplos practicos, casos de estudio y ejercicios para reforzar el aprendizaje.",https://covers.biblioteca.local/00840.jpg,2,978-0-256-25889-9,11
841,Algoritmos: teoria y practica,"Un texto aplicado que aborda los principios de Algoritmos, dirigido a estudiantes y profesionales del area. Incluye ejemplos practicos, casos de estudio y ejercicios para reforzar el aprendizaje.",https://covers.biblioteca.local/00841.jpg,1,978-1-924082-22-8,38
842,Contabilidad Tributaria para Profesionales,"Un texto actualizado que aborda los principios de Contabilidad Tributaria, dirigido a estudiantes y profesionales del area. Incluye ejemplos practicos, casos de estudio y ejercicios para reforzar el aprendizaje.",https://covers.biblioteca.local/00842.jpg,2,978-1-05-396727-4,27
843,Conceptos Clave de Estados Financieros,"Un texto actualizado que aborda los principios de Estados Financieros, dirigido a estudiantes y profesionales del area. Incluye ejemplos practicos, casos de estudio y ejercicios para reforzar el aprendizaje.",https://covers.biblioteca.local/00843.jpg,2,978-1-84468-341-3,31
844,Guia Practica de Diseno Grafico,"Un texto practico que aborda los principios de Diseno Grafico, dirigido a estudiantes y profesionales del area. Incluye ejemplos practicos, casos de estudio y ejercicios para reforzar el aprendizaje.",https://covers.biblioteca.local/00844.jpg,1,978-1-5111-3129-2,7
845,Bases de Manejo de Cultivos,"Un texto aplicado que aborda los principios de Manejo de Cultivos, dirigido a estudiantes y profesionales del area. Incluye ejemplos practicos, casos de estudio y ejercicios para reforzar el aprendizaje.",https://covers.biblioteca.local/00845.jpg,2,978-0-487-06827-4,23
846,Introduccion a Diseno UX/UI,"Un texto riguroso que aborda los principios de Diseno UX/UI, dirigido a estudiantes y profesionales del area. Incluye ejemplos practicos, casos de estudio y ejercicios para reforzar el aprendizaje.",https://covers.biblioteca.local/00846.jpg,1,978-0-609-30685-7,28
847,Conceptos Clave de Ilustracion Digital,"Un texto completo que aborda los principios de Ilustracion Digital, dirigido a estudiantes y profesionales del area. Incluye ejemplos practicos, casos de estudio y ejercicios para reforzar el aprendizaje.",https://covers.biblioteca.local/00847.jpg,3,978-0-9728321-5-1,22
848,Guia Practica de Diseno Web,"Un texto riguroso que aborda los principios de Diseno Web, dirigido a estudiantes y profesionales del area. Incluye ejemplos practicos, casos de estudio y ejercicios para reforzar el aprendizaje.",https://covers.biblioteca.local/00848.jpg,1,978-1-06-762515-3,39
849,Guia Practica de Ciberseguridad,"Un texto practico que aborda los principios de Ciberseguridad, dirigido a estudiantes y profesionales del area. Incluye ejemplos practicos, casos de estudio y ejercicios para reforzar el aprendizaje.",https://covers.biblioteca.local/00849.jpg,1,978-0-447-44309-7,40
850,Principios de Programacion Orientada a Objetos,"Un texto aplicado que aborda los principios de Programacion Orientada a Objetos, dirigido a estudiantes y profesionales del area. Incluye ejemplos practicos, casos de estudio y ejercicios para reforzar el aprendizaje.",https://covers.biblioteca.local/00850.jpg,2,978-0-480-79705-8,33
851,Guia Practica de Animacion Digital,"Un texto actualizado que aborda los principios de Animacion Digital, dirigido a estudiantes y profesionales del area. Incluye ejemplos practicos, casos de estudio y ejercicios para reforzar el aprendizaje.",https://covers.biblioteca.local/00851.jpg,2,978-1-5451-0526-9,31
852,Guia Practica de Multimedia Interactiva,"Un texto practico que aborda los principios de Multimedia Interactiva, dirigido a estudiantes y profesionales del area. Incluye ejemplos practicos, casos de estudio y ejercicios para reforzar el aprendizaje.",https://covers.biblioteca.local/00852.jpg,3,978-0-16-731882-8,27
853,Principios de Diseno Web,"Un texto actualizado que aborda los principios de Diseno Web, dirigido a estudiantes y profesionales del area. Incluye ejemplos practicos, casos de estudio y ejercicios para reforzar el aprendizaje.",https://covers.biblioteca.local/00853.jpg,2,978-0-7024-3765-6,15
854,Ingenieria de Software Aplicada,"Un texto didactico que aborda los principios de Ingenieria de Software, dirigido a estudiantes y profesionales del area. Incluye ejemplos practicos, casos de estudio y ejercicios para reforzar el aprendizaje.",https://covers.biblioteca.local/00854.jpg,2,978-1-62841-772-2,2
855,Recursos Humanos: teoria y practica,"Un texto actualizado que aborda los principios de Recursos Humanos, dirigido a estudiantes y profesionales del area. Incluye ejemplos practicos, casos de estudio y ejercicios para reforzar el aprendizaje.",https://covers.biblioteca.local/00855.jpg,1,978-1-60531-340-5,21
856,Guia Practica de Animacion Digital,"Un texto aplicado que aborda los principios de Animacion Digital, dirigido a estudiantes y profesionales del area. Incluye ejemplos practicos, casos de estudio y ejercicios para reforzar el aprendizaje.",https://covers.biblioteca.local/00856.jpg,3,978-1-65023-741-1,10
857,Conceptos Clave de Agroindustria,"Un texto practico que aborda los principios de Agroindustria, dirigido a estudiantes y profesionales del area. Incluye ejemplos practicos, casos de estudio y ejercicios para reforzar el aprendizaje.",https://covers.biblioteca.local/00857.jpg,2,978-1-872568-62-1,20
858,Principios de Contabilidad Financiera,"Un texto completo que aborda los principios de Contabilidad Financiera, dirigido a estudiantes y profesionales del area. Incluye ejemplos practicos, casos de estudio y ejercicios para reforzar el aprendizaje.",https://covers.biblioteca.local/00858.jpg,3,978-0-02-258030-8,29
859,Principios de Bases de Datos,"Un texto actualizado que aborda los principios de Bases de Datos, dirigido a estudiantes y profesionales del area. Incluye ejemplos practicos, casos de estudio y ejercicios para reforzar el aprendizaje.",https://covers.biblioteca.local/00859.jpg,1,978-1-906744-71-7,20
860,Castillo sagrado 6,Un relato profundo sobre las relaciones humanas y el paso del tiempo. Considerada una de las obras mas influyentes de su genero.,https://covers.biblioteca.local/00860.jpg,2,978-0-928234-14-5,36
861,Bases de Machine Learning,"Un texto completo que aborda los principios de Machine Learning, dirigido a estudiantes y profesionales del area. Incluye ejemplos practicos, casos de estudio y ejercicios para reforzar el aprendizaje.",https://covers.biblioteca.local/00861.jpg,1,978-1-371-89239-5,35
862,Manual de Gerencia de Proyectos,"Un texto practico que aborda los principios de Gerencia de Proyectos, dirigido a estudiantes y profesionales del area. Incluye ejemplos practicos, casos de estudio y ejercicios para reforzar el aprendizaje.",https://covers.biblioteca.local/00862.jpg,1,978-0-12-604326-6,24
863,Fundamentos de Diseno Web,"Un texto practico que aborda los principios de Diseno Web, dirigido a estudiantes y profesionales del area. Incluye ejemplos practicos, casos de estudio y ejercicios para reforzar el aprendizaje.",https://covers.biblioteca.local/00863.jpg,1,978-0-10-668433-5,8
864,Conceptos Clave de Nutricion Animal,"Un texto completo que aborda los principios de Nutricion Animal, dirigido a estudiantes y profesionales del area. Incluye ejemplos practicos, casos de estudio y ejercicios para reforzar el aprendizaje.",https://covers.biblioteca.local/00864.jpg,2,978-1-70860-414-1,9
865,Corazon dorado,Una reflexion sobre la sociedad contemporanea contada con maestria. Considerada una de las obras mas influyentes de su genero.,https://covers.biblioteca.local/00865.jpg,1,978-1-56350-200-2,38
866,Antiguo Destino,"La obra explora temas de identidad, perdida y esperanza. El autor construye un mundo lleno de detalles y matices inolvidables.",https://covers.biblioteca.local/00866.jpg,2,978-1-347-49162-1,27
867,Prohibido Viaje 9,Una reflexion sobre la sociedad contemporanea contada con maestria. La narracion se despliega entre distintos escenarios y epocas.,https://covers.biblioteca.local/00867.jpg,5,978-1-55411-082-7,34
868,Conceptos Clave de Diseno Grafico,"Un texto actualizado que aborda los principios de Diseno Grafico, dirigido a estudiantes y profesionales del area. Incluye ejemplos practicos, casos de estudio y ejercicios para reforzar el aprendizaje.",https://covers.biblioteca.local/00868.jpg,2,978-1-59895-343-5,28
869,Introduccion a Manejo de Cultivos,"Un texto aplicado que aborda los principios de Manejo de Cultivos, dirigido a estudiantes y profesionales del area. Incluye ejemplos practicos, casos de estudio y ejercicios para reforzar el aprendizaje.",https://covers.biblioteca.local/00869.jpg,1,978-0-12-910933-4,9
870,Guia Practica de Zootecnia,"Un texto actualizado que aborda los principios de Zootecnia, dirigido a estudiantes y profesionales del area. Incluye ejemplos practicos, casos de estudio y ejercicios para reforzar el aprendizaje.",https://covers.biblioteca.local/00870.jpg,2,978-0-18-954738-1,3
871,Fundamentos de Diseno Web,"Un texto aplicado que aborda los principios de Diseno Web, dirigido a estudiantes y profesionales del area. Incluye ejemplos practicos, casos de estudio y ejercicios para reforzar el aprendizaje.",https://covers.biblioteca.local/00871.jpg,3,978-0-236-84855-3,37
872,Guia Practica de Sistemas de Riego,"Un texto aplicado que aborda los principios de Sistemas de Riego, dirigido a estudiantes y profesionales del area. Incluye ejemplos practicos, casos de estudio y ejercicios para reforzar el aprendizaje.",https://covers.biblioteca.local/00872.jpg,1,978-0-617-68802-0,24
873,Manual de Cloud Computing,"Un texto didactico que aborda los principios de Cloud Computing, dirigido a estudiantes y profesionales del area. Incluye ejemplos practicos, casos de estudio y ejercicios para reforzar el aprendizaje.",https://covers.biblioteca.local/00873.jpg,1,978-0-409-03678-7,27
874,Gestion Empresarial para Profesionales,"Un texto completo que aborda los principios de Gestion Empresarial, dirigido a estudiantes y profesionales del area. Incluye ejemplos practicos, casos de estudio y ejercicios para reforzar el aprendizaje.",https://covers.biblioteca.local/00874.jpg,1,978-0-7868-6694-6,1
875,Arquitectura de Software para Profesionales,"Un texto actualizado que aborda los principios de Arquitectura de Software, dirigido a estudiantes y profesionales del area. Incluye ejemplos practicos, casos de estudio y ejercicios para reforzar el aprendizaje.",https://covers.biblioteca.local/00875.jpg,1,978-0-02-939087-0,37
876,Bases de Manejo de Suelos,"Un texto didactico que aborda los principios de Manejo de Suelos, dirigido a estudiantes y profesionales del area. Incluye ejemplos practicos, casos de estudio y ejercicios para reforzar el aprendizaje.",https://covers.biblioteca.local/00876.jpg,3,978-1-344-81230-6,9
877,Destino escondido,Un texto imprescindible para comprender las tensiones de su tiempo. Una reflexion sobre la sociedad contemporanea contada con maestria.,https://covers.biblioteca.local/00877.jpg,1,978-1-02-424033-7,6
878,Laberinto oscuro 9,"La narracion se despliega entre distintos escenarios y epocas. Un relato profundo sobre las relaciones humanas y el paso del tiempo. La obra explora temas de identidad, perdida y esperanza.",https://covers.biblioteca.local/00878.jpg,4,978-0-595-51842-5,2
879,Principios de Agroecologia,"Un texto actualizado que aborda los principios de Agroecologia, dirigido a estudiantes y profesionales del area. Incluye ejemplos practicos, casos de estudio y ejercicios para reforzar el aprendizaje.",https://covers.biblioteca.local/00879.jpg,2,978-1-5005-3424-0,35
880,Estados Financieros: teoria y practica,"Un texto practico que aborda los principios de Estados Financieros, dirigido a estudiantes y profesionales del area. Incluye ejemplos practicos, casos de estudio y ejercicios para reforzar el aprendizaje.",https://covers.biblioteca.local/00880.jpg,3,978-0-649-83735-9,35
881,Manual de Contabilidad Financiera,"Un texto riguroso que aborda los principios de Contabilidad Financiera, dirigido a estudiantes y profesionales del area. Incluye ejemplos practicos, casos de estudio y ejercicios para reforzar el aprendizaje.",https://covers.biblioteca.local/00881.jpg,2,978-0-9627365-2-0,29
882,Bases de Edicion de Video,"Un texto didactico que aborda los principios de Edicion de Video, dirigido a estudiantes y profesionales del area. Incluye ejemplos practicos, casos de estudio y ejercicios para reforzar el aprendizaje.",https://covers.biblioteca.local/00882.jpg,2,978-0-7272-2397-5,2
883,El Corazon en horizonte 6,Un relato profundo sobre las relaciones humanas y el paso del tiempo. Un texto imprescindible para comprender las tensiones de su tiempo.,https://covers.biblioteca.local/00883.jpg,1,978-1-04-226931-0,35
884,Manual de Diseno UX/UI,"Un texto didactico que aborda los principios de Diseno UX/UI, dirigido a estudiantes y profesionales del area. Incluye ejemplos practicos, casos de estudio y ejercicios para reforzar el aprendizaje.",https://covers.biblioteca.local/00884.jpg,1,978-0-637-61820-5,10
885,La silencio tras reino,Un clasico recomendado para lectores de todas las edades. Una reflexion sobre la sociedad contemporanea contada con maestria.,https://covers.biblioteca.local/00885.jpg,2,978-1-60100-231-0,12
886,Guia Practica de Programacion,"Un texto riguroso que aborda los principios de Programacion, dirigido a estudiantes y profesionales del area. Incluye ejemplos practicos, casos de estudio y ejercicios para reforzar el aprendizaje.",https://covers.biblioteca.local/00886.jpg,2,978-0-900185-13-7,8
887,Fundamentos de Estructuras de Datos,"Un texto actualizado que aborda los principios de Estructuras de Datos, dirigido a estudiantes y profesionales del area. Incluye ejemplos practicos, casos de estudio y ejercicios para reforzar el aprendizaje.",https://covers.biblioteca.local/00887.jpg,1,978-1-972457-23-8,33
888,Principios de Edicion de Video,"Un texto actualizado que aborda los principios de Edicion de Video, dirigido a estudiantes y profesionales del area. Incluye ejemplos practicos, casos de estudio y ejercicios para reforzar el aprendizaje.",https://covers.biblioteca.local/00888.jpg,2,978-1-81001-841-6,36
889,Guia Practica de Costos y Presupuestos,"Un texto aplicado que aborda los principios de Costos y Presupuestos, dirigido a estudiantes y profesionales del area. Incluye ejemplos practicos, casos de estudio y ejercicios para reforzar el aprendizaje.",https://covers.biblioteca.local/00889.jpg,1,978-0-03-036625-3,16
890,Conceptos Clave de Agroecologia,"Un texto riguroso que aborda los principios de Agroecologia, dirigido a estudiantes y profesionales del area. Incluye ejemplos practicos, casos de estudio y ejercicios para reforzar el aprendizaje.",https://covers.biblioteca.local/00890.jpg,4,978-0-617-21314-7,11
891,Camino ultimo 9,"La narracion se despliega entre distintos escenarios y epocas. La obra explora temas de identidad, perdida y esperanza. Una historia que atrapa desde la primera pagina.",https://covers.biblioteca.local/00891.jpg,2,978-0-9515109-2-6,4
892,Principios de Motion Graphics,"Un texto didactico que aborda los principios de Motion Graphics, dirigido a estudiantes y profesionales del area. Incluye ejemplos practicos, casos de estudio y ejercicios para reforzar el aprendizaje.",https://covers.biblioteca.local/00892.jpg,1,978-1-85926-249-8,38
893,Nutricion Animal Aplicada,"Un texto aplicado que aborda los principios de Nutricion Animal, dirigido a estudiantes y profesionales del area. Incluye ejemplos practicos, casos de estudio y ejercicios para reforzar el aprendizaje.",https://covers.biblioteca.local/00893.jpg,4,978-1-147-54102-1,26
894,Produccion Pecuaria: teoria y practica,"Un texto riguroso que aborda los principios de Produccion Pecuaria, dirigido a estudiantes y profesionales del area. Incluye ejemplos practicos, casos de estudio y ejercicios para reforzar el aprendizaje.",https://covers.biblioteca.local/00894.jpg,2,978-1-267-71196-0,33
895,Conceptos Clave de Gestion de la Calidad,"Un texto practico que aborda los principios de Gestion de la Calidad, dirigido a estudiantes y profesionales del area. Incluye ejemplos practicos, casos de estudio y ejercicios para reforzar el aprendizaje.",https://covers.biblioteca.local/00895.jpg,2,978-0-15-226557-1,16
896,La laberinto del destino,"Una historia que atrapa desde la primera pagina. La obra explora temas de identidad, perdida y esperanza. Un texto imprescindible para comprender las tensiones de su tiempo.",https://covers.biblioteca.local/00896.jpg,4,978-1-69523-668-4,39
897,Guia Practica de Edicion de Video,"Un texto actualizado que aborda los principios de Edicion de Video, dirigido a estudiantes y profesionales del area. Incluye ejemplos practicos, casos de estudio y ejercicios para reforzar el aprendizaje.",https://covers.biblioteca.local/00897.jpg,2,978-1-883619-68-8,35
898,El Cronicas y el cronicas,Una reflexion sobre la sociedad contemporanea contada con maestria. El autor construye un mundo lleno de detalles y matices inolvidables.,https://covers.biblioteca.local/00898.jpg,3,978-0-350-30587-1,39
899,Motion Graphics para Profesionales,"Un texto riguroso que aborda los principios de Motion Graphics, dirigido a estudiantes y profesionales del area. Incluye ejemplos practicos, casos de estudio y ejercicios para reforzar el aprendizaje.",https://covers.biblioteca.local/00899.jpg,2,978-0-05-524728-5,24
900,Principios de Arquitectura de Software,"Un texto actualizado que aborda los principios de Arquitectura de Software, dirigido a estudiantes y profesionales del area. Incluye ejemplos practicos, casos de estudio y ejercicios para reforzar el aprendizaje.",https://covers.biblioteca.local/00900.jpg,4,978-0-330-21260-1,18
901,Principios de Contabilidad Publica,"Un texto practico que aborda los principios de Contabilidad Publica, dirigido a estudiantes y profesionales del area. Incluye ejemplos practicos, casos de estudio y ejercicios para reforzar el aprendizaje.",https://covers.biblioteca.local/00901.jpg,1,978-1-01-917920-8,32
902,Bases de Cloud Computing,"Un texto didactico que aborda los principios de Cloud Computing, dirigido a estudiantes y profesionales del area. Incluye ejemplos practicos, casos de estudio y ejercicios para reforzar el aprendizaje.",https://covers.biblioteca.local/00902.jpg,1,978-1-213-10962-9,26
903,Cultivos Tropicales: teoria y practica,"Un texto riguroso que aborda los principios de Cultivos Tropicales, dirigido a estudiantes y profesionales del area. Incluye ejemplos practicos, casos de estudio y ejercicios para reforzar el aprendizaje.",https://covers.biblioteca.local/00903.jpg,1,978-1-284-76570-0,37
904,Secreto Mar,Un texto imprescindible para comprender las tensiones de su tiempo. Un relato profundo sobre las relaciones humanas y el paso del tiempo.,https://covers.biblioteca.local/00904.jpg,3,978-0-200-92820-5,9
905,Bases de Estados Financieros,"Un texto actualizado que aborda los principios de Estados Financieros, dirigido a estudiantes y profesionales del area. Incluye ejemplos practicos, casos de estudio y ejercicios para reforzar el aprendizaje.",https://covers.biblioteca.local/00905.jpg,3,978-1-78498-436-6,35
906,Fundamentos de Marketing Estrategico,"Un texto aplicado que aborda los principios de Marketing Estrategico, dirigido a estudiantes y profesionales del area. Incluye ejemplos practicos, casos de estudio y ejercicios para reforzar el aprendizaje.",https://covers.biblioteca.local/00906.jpg,2,978-1-186-23690-2,8
907,Fundamentos de Nutricion Animal,"Un texto completo que aborda los principios de Nutricion Animal, dirigido a estudiantes y profesionales del area. Incluye ejemplos practicos, casos de estudio y ejercicios para reforzar el aprendizaje.",https://covers.biblioteca.local/00907.jpg,3,978-1-289-17756-0,4
908,Manual de Agroecologia,"Un texto actualizado que aborda los principios de Agroecologia, dirigido a estudiantes y profesionales del area. Incluye ejemplos practicos, casos de estudio y ejercicios para reforzar el aprendizaje.",https://covers.biblioteca.local/00908.jpg,2,978-0-05-634111-1,22
909,Guia Practica de Multimedia Interactiva,"Un texto completo que aborda los principios de Multimedia Interactiva, dirigido a estudiantes y profesionales del area. Incluye ejemplos practicos, casos de estudio y ejercicios para reforzar el aprendizaje.",https://covers.biblioteca.local/00909.jpg,2,978-1-03-428113-9,5
910,Manual de Diseno UX/UI,"Un texto completo que aborda los principios de Diseno UX/UI, dirigido a estudiantes y profesionales del area. Incluye ejemplos practicos, casos de estudio y ejercicios para reforzar el aprendizaje.",https://covers.biblioteca.local/00910.jpg,1,978-1-383-03419-6,22
911,Bases de Redes de Computadores,"Un texto aplicado que aborda los principios de Redes de Computadores, dirigido a estudiantes y profesionales del area. Incluye ejemplos practicos, casos de estudio y ejercicios para reforzar el aprendizaje.",https://covers.biblioteca.local/00911.jpg,2,978-1-00-514054-0,22
912,Introduccion a Gestion Empresarial,"Un texto didactico que aborda los principios de Gestion Empresarial, dirigido a estudiantes y profesionales del area. Incluye ejemplos practicos, casos de estudio y ejercicios para reforzar el aprendizaje.",https://covers.biblioteca.local/00912.jpg,4,978-0-565-21568-2,25
913,Realidad Aumentada: teoria y practica,"Un texto aplicado que aborda los principios de Realidad Aumentada, dirigido a estudiantes y profesionales del area. Incluye ejemplos practicos, casos de estudio y ejercicios para reforzar el aprendizaje.",https://covers.biblioteca.local/00913.jpg,1,978-0-09-679042-9,20
914,Introduccion a Programacion,"Un texto practico que aborda los principios de Programacion, dirigido a estudiantes y profesionales del area. Incluye ejemplos practicos, casos de estudio y ejercicios para reforzar el aprendizaje.",https://covers.biblioteca.local/00914.jpg,3,978-1-113-32288-3,19
915,Conceptos Clave de Bases de Datos,"Un texto completo que aborda los principios de Bases de Datos, dirigido a estudiantes y profesionales del area. Incluye ejemplos practicos, casos de estudio y ejercicios para reforzar el aprendizaje.",https://covers.biblioteca.local/00915.jpg,1,978-1-254-59606-8,1
916,Introduccion a Sistemas Operativos,"Un texto didactico que aborda los principios de Sistemas Operativos, dirigido a estudiantes y profesionales del area. Incluye ejemplos practicos, casos de estudio y ejercicios para reforzar el aprendizaje.",https://covers.biblioteca.local/00916.jpg,1,978-0-9912971-0-8,22
917,Guia Practica de Zootecnia,"Un texto didactico que aborda los principios de Zootecnia, dirigido a estudiantes y profesionales del area. Incluye ejemplos practicos, casos de estudio y ejercicios para reforzar el aprendizaje.",https://covers.biblioteca.local/00917.jpg,1,978-1-81717-524-2,1
918,Realidad Aumentada para Profesionales,"Un texto completo que aborda los principios de Realidad Aumentada, dirigido a estudiantes y profesionales del area. Incluye ejemplos practicos, casos de estudio y ejercicios para reforzar el aprendizaje.",https://covers.biblioteca.local/00918.jpg,4,978-0-495-51127-4,17
919,Inteligencia Artificial: teoria y practica,"Un texto actualizado que aborda los principios de Inteligencia Artificial, dirigido a estudiantes y profesionales del area. Incluye ejemplos practicos, casos de estudio y ejercicios para reforzar el aprendizaje.",https://covers.biblioteca.local/00919.jpg,1,978-1-4721-9705-4,3
920,El Castillo en mar,Considerada una de las obras mas influyentes de su genero. La narracion se despliega entre distintos escenarios y epocas. Una reflexion sobre la sociedad contemporanea contada con maestria.,https://covers.biblioteca.local/00920.jpg,1,978-1-69275-895-0,20
921,Introduccion a Cultivos Tropicales,"Un texto didactico que aborda los principios de Cultivos Tropicales, dirigido a estudiantes y profesionales del area. Incluye ejemplos practicos, casos de estudio y ejercicios para reforzar el aprendizaje.",https://covers.biblioteca.local/00921.jpg,3,978-0-687-40903-7,10
922,Principios de Redes de Computadores,"Un texto aplicado que aborda los principios de Redes de Computadores, dirigido a estudiantes y profesionales del area. Incluye ejemplos practicos, casos de estudio y ejercicios para reforzar el aprendizaje.",https://covers.biblioteca.local/00922.jpg,1,978-0-14-629613-0,13
923,Desarrollo Web para Profesionales,"Un texto riguroso que aborda los principios de Desarrollo Web, dirigido a estudiantes y profesionales del area. Incluye ejemplos practicos, casos de estudio y ejercicios para reforzar el aprendizaje.",https://covers.biblioteca.local/00923.jpg,1,978-1-157-78711-2,30
924,Guia Practica de Bases de Datos,"Un texto actualizado que aborda los principios de Bases de Datos, dirigido a estudiantes y profesionales del area. Incluye ejemplos practicos, casos de estudio y ejercicios para reforzar el aprendizaje.",https://covers.biblioteca.local/00924.jpg,2,978-0-663-65155-9,7
925,Camino prohibido,Una historia que atrapa desde la primera pagina. La narracion se despliega entre distintos escenarios y epocas.,https://covers.biblioteca.local/00925.jpg,2,978-0-7147-0827-0,15
926,Introduccion a Sistemas de Riego,"Un texto aplicado que aborda los principios de Sistemas de Riego, dirigido a estudiantes y profesionales del area. Incluye ejemplos practicos, casos de estudio y ejercicios para reforzar el aprendizaje.",https://covers.biblioteca.local/00926.jpg,1,978-0-590-96056-4,22
927,Principios de Realidad Aumentada,"Un texto actualizado que aborda los principios de Realidad Aumentada, dirigido a estudiantes y profesionales del area. Incluye ejemplos practicos, casos de estudio y ejercicios para reforzar el aprendizaje.",https://covers.biblioteca.local/00927.jpg,5,978-0-03-064421-4,1
928,Principios de Redes de Computadores,"Un texto riguroso que aborda los principios de Redes de Computadores, dirigido a estudiantes y profesionales del area. Incluye ejemplos practicos, casos de estudio y ejercicios para reforzar el aprendizaje.",https://covers.biblioteca.local/00928.jpg,1,978-0-461-47683-5,29
929,El Viaje del espejo 4,"Los personajes enfrentan decisiones que cambiaran su destino para siempre. La obra explora temas de identidad, perdida y esperanza.",https://covers.biblioteca.local/00929.jpg,5,978-0-01-654235-0,22
930,El Reino en bosque 2,El autor construye un mundo lleno de detalles y matices inolvidables. La narracion se despliega entre distintos escenarios y epocas.,https://covers.biblioteca.local/00930.jpg,3,978-1-78265-960-0,8
931,Multimedia Interactiva para Profesionales,"Un texto didactico que aborda los principios de Multimedia Interactiva, dirigido a estudiantes y profesionales del area. Incluye ejemplos practicos, casos de estudio y ejercicios para reforzar el aprendizaje.",https://covers.biblioteca.local/00931.jpg,2,978-0-9925502-7-1,11
932,Conceptos Clave de Realidad Aumentada,"Un texto completo que aborda los principios de Realidad Aumentada, dirigido a estudiantes y profesionales del area. Incluye ejemplos practicos, casos de estudio y ejercicios para reforzar el aprendizaje.",https://covers.biblioteca.local/00932.jpg,2,978-1-5164-8072-2,13
933,Principios de Finanzas Corporativas,"Un texto completo que aborda los principios de Finanzas Corporativas, dirigido a estudiantes y profesionales del area. Incluye ejemplos practicos, casos de estudio y ejercicios para reforzar el aprendizaje.",https://covers.biblioteca.local/00933.jpg,2,978-0-03-368296-1,16
934,Introduccion a Auditoria,"Un texto didactico que aborda los principios de Auditoria, dirigido a estudiantes y profesionales del area. Incluye ejemplos practicos, casos de estudio y ejercicios para reforzar el aprendizaje.",https://covers.biblioteca.local/00934.jpg,2,978-1-339-05504-6,4
935,Principios de Nutricion Animal,"Un texto didactico que aborda los principios de Nutricion Animal, dirigido a estudiantes y profesionales del area. Incluye ejemplos practicos, casos de estudio y ejercicios para reforzar el aprendizaje.",https://covers.biblioteca.local/00935.jpg,4,978-0-7766-5586-4,25
936,Introduccion a Manejo de Cultivos,"Un texto didactico que aborda los principios de Manejo de Cultivos, dirigido a estudiantes y profesionales del area. Incluye ejemplos practicos, casos de estudio y ejercicios para reforzar el aprendizaje.",https://covers.biblioteca.local/00936.jpg,1,978-0-276-52892-7,18
937,Diseno Grafico para Profesionales,"Un texto riguroso que aborda los principios de Diseno Grafico, dirigido a estudiantes y profesionales del area. Incluye ejemplos practicos, casos de estudio y ejercicios para reforzar el aprendizaje.",https://covers.biblioteca.local/00937.jpg,1,978-1-4649-1111-8,29
938,Bases de Planeacion Estrategica,"Un texto didactico que aborda los principios de Planeacion Estrategica, dirigido a estudiantes y profesionales del area. Incluye ejemplos practicos, casos de estudio y ejercicios para reforzar el aprendizaje.",https://covers.biblioteca.local/00938.jpg,3,978-1-179-81789-7,11
939,Guia Practica de Contabilidad Publica,"Un texto actualizado que aborda los principios de Contabilidad Publica, dirigido a estudiantes y profesionales del area. Incluye ejemplos practicos, casos de estudio y ejercicios para reforzar el aprendizaje.",https://covers.biblioteca.local/00939.jpg,3,978-1-63378-613-4,29
940,La secreto sin camino,Considerada una de las obras mas influyentes de su genero. Un clasico recomendado para lectores de todas las edades. Una reflexion sobre la sociedad contemporanea contada con maestria.,https://covers.biblioteca.local/00940.jpg,1,978-0-576-60538-0,28
941,Destino infinito,"Una reflexion sobre la sociedad contemporanea contada con maestria. Una trama envolvente que mezcla drama, misterio y superacion personal. Un texto imprescindible para comprender las tensiones de su tiempo.",https://covers.biblioteca.local/00941.jpg,2,978-1-4463-0600-0,18
942,Bases de Multimedia Interactiva,"Un texto practico que aborda los principios de Multimedia Interactiva, dirigido a estudiantes y profesionales del area. Incluye ejemplos practicos, casos de estudio y ejercicios para reforzar el aprendizaje.",https://covers.biblioteca.local/00942.jpg,1,978-0-589-55296-1,23
943,Arquitectura de Software: teoria y practica,"Un texto riguroso que aborda los principios de Arquitectura de Software, dirigido a estudiantes y profesionales del area. Incluye ejemplos practicos, casos de estudio y ejercicios para reforzar el aprendizaje.",https://covers.biblioteca.local/00943.jpg,1,978-1-396-09626-6,7
944,Manual de Ciberseguridad,"Un texto didactico que aborda los principios de Ciberseguridad, dirigido a estudiantes y profesionales del area. Incluye ejemplos practicos, casos de estudio y ejercicios para reforzar el aprendizaje.",https://covers.biblioteca.local/00944.jpg,2,978-1-58263-128-8,22
945,Fundamentos de Impuestos,"Un texto actualizado que aborda los principios de Impuestos, dirigido a estudiantes y profesionales del area. Incluye ejemplos practicos, casos de estudio y ejercicios para reforzar el aprendizaje.",https://covers.biblioteca.local/00945.jpg,4,978-1-4825-3110-7,35
946,La jardin en espejo,El autor construye un mundo lleno de detalles y matices inolvidables. Un texto imprescindible para comprender las tensiones de su tiempo. Un clasico recomendado para lectores de todas las edades.,https://covers.biblioteca.local/00946.jpg,4,978-0-920981-96-2,1
947,Fuego sagrado,El autor construye un mundo lleno de detalles y matices inolvidables. Un viaje narrativo que combina emocion e intriga en cada capitulo.,https://covers.biblioteca.local/00947.jpg,4,978-0-7523-3438-7,15
948,Fundamentos de Comercio Internacional,"Un texto aplicado que aborda los principios de Comercio Internacional, dirigido a estudiantes y profesionales del area. Incluye ejemplos practicos, casos de estudio y ejercicios para reforzar el aprendizaje.",https://covers.biblioteca.local/00948.jpg,3,978-1-4041-2091-4,14
949,Ilustracion Digital para Profesionales,"Un texto aplicado que aborda los principios de Ilustracion Digital, dirigido a estudiantes y profesionales del area. Incluye ejemplos practicos, casos de estudio y ejercicios para reforzar el aprendizaje.",https://covers.biblioteca.local/00949.jpg,2,978-1-911244-21-9,20
950,Bases de Cultivos Tropicales,"Un texto riguroso que aborda los principios de Cultivos Tropicales, dirigido a estudiantes y profesionales del area. Incluye ejemplos practicos, casos de estudio y ejercicios para reforzar el aprendizaje.",https://covers.biblioteca.local/00950.jpg,1,978-1-5361-7061-0,26
951,Contabilidad de Costos Aplicada,"Un texto didactico que aborda los principios de Contabilidad de Costos, dirigido a estudiantes y profesionales del area. Incluye ejemplos practicos, casos de estudio y ejercicios para reforzar el aprendizaje.",https://covers.biblioteca.local/00951.jpg,3,978-0-366-57224-3,22
952,Principios de Fotografia Digital,"Un texto practico que aborda los principios de Fotografia Digital, dirigido a estudiantes y profesionales del area. Incluye ejemplos practicos, casos de estudio y ejercicios para reforzar el aprendizaje.",https://covers.biblioteca.local/00952.jpg,5,978-0-9901557-9-9,13
953,Introduccion a Ingenieria de Software,"Un texto aplicado que aborda los principios de Ingenieria de Software, dirigido a estudiantes y profesionales del area. Incluye ejemplos practicos, casos de estudio y ejercicios para reforzar el aprendizaje.",https://covers.biblioteca.local/00953.jpg,2,978-0-8413-9080-5,11
954,Motion Graphics para Profesionales,"Un texto actualizado que aborda los principios de Motion Graphics, dirigido a estudiantes y profesionales del area. Incluye ejemplos practicos, casos de estudio y ejercicios para reforzar el aprendizaje.",https://covers.biblioteca.local/00954.jpg,1,978-0-513-05231-4,32
955,Guia Practica de Liderazgo Organizacional,"Un texto didactico que aborda los principios de Liderazgo Organizacional, dirigido a estudiantes y profesionales del area. Incluye ejemplos practicos, casos de estudio y ejercicios para reforzar el aprendizaje.",https://covers.biblioteca.local/00955.jpg,1,978-1-4731-5847-4,19
956,Guia Practica de Sanidad Animal,"Un texto riguroso que aborda los principios de Sanidad Animal, dirigido a estudiantes y profesionales del area. Incluye ejemplos practicos, casos de estudio y ejercicios para reforzar el aprendizaje.",https://covers.biblioteca.local/00956.jpg,2,978-1-86342-346-5,27
957,Bases de Contabilidad Publica,"Un texto riguroso que aborda los principios de Contabilidad Publica, dirigido a estudiantes y profesionales del area. Incluye ejemplos practicos, casos de estudio y ejercicios para reforzar el aprendizaje.",https://covers.biblioteca.local/00957.jpg,1,978-1-237-67694-7,31
958,El Horizonte del castillo,Los personajes enfrentan decisiones que cambiaran su destino para siempre. El autor construye un mundo lleno de detalles y matices inolvidables.,https://covers.biblioteca.local/00958.jpg,2,978-0-9663955-1-8,31
959,Sagrado Legado 9,"Un viaje narrativo que combina emocion e intriga en cada capitulo. Una historia que atrapa desde la primera pagina. La obra explora temas de identidad, perdida y esperanza.",https://covers.biblioteca.local/00959.jpg,1,978-0-08-496498-6,29
960,Principios de Manejo de Cultivos,"Un texto actualizado que aborda los principios de Manejo de Cultivos, dirigido a estudiantes y profesionales del area. Incluye ejemplos practicos, casos de estudio y ejercicios para reforzar el aprendizaje.",https://covers.biblioteca.local/00960.jpg,2,978-1-01-256253-3,30
961,Sistemas de Riego: teoria y practica,"Un texto actualizado que aborda los principios de Sistemas de Riego, dirigido a estudiantes y profesionales del area. Incluye ejemplos practicos, casos de estudio y ejercicios para reforzar el aprendizaje.",https://covers.biblioteca.local/00961.jpg,1,978-0-552-51050-9,40
962,Introduccion a Cultivos Tropicales,"Un texto actualizado que aborda los principios de Cultivos Tropicales, dirigido a estudiantes y profesionales del area. Incluye ejemplos practicos, casos de estudio y ejercicios para reforzar el aprendizaje.",https://covers.biblioteca.local/00962.jpg,1,978-0-7953-8164-5,7
963,Bases de Diseno UX/UI,"Un texto actualizado que aborda los principios de Diseno UX/UI, dirigido a estudiantes y profesionales del area. Incluye ejemplos practicos, casos de estudio y ejercicios para reforzar el aprendizaje.",https://covers.biblioteca.local/00963.jpg,3,978-0-18-491966-4,35
964,Bases de Estados Financieros,"Un texto riguroso que aborda los principios de Estados Financieros, dirigido a estudiantes y profesionales del area. Incluye ejemplos practicos, casos de estudio y ejercicios para reforzar el aprendizaje.",https://covers.biblioteca.local/00964.jpg,1,978-1-330-77046-7,36
965,Fundamentos de Auditoria,"Un texto didactico que aborda los principios de Auditoria, dirigido a estudiantes y profesionales del area. Incluye ejemplos practicos, casos de estudio y ejercicios para reforzar el aprendizaje.",https://covers.biblioteca.local/00965.jpg,1,978-0-7295-9639-8,17
966,Manual de Impuestos,"Un texto didactico que aborda los principios de Impuestos, dirigido a estudiantes y profesionales del area. Incluye ejemplos practicos, casos de estudio y ejercicios para reforzar el aprendizaje.",https://covers.biblioteca.local/00966.jpg,2,978-1-09-074260-5,26
967,Manual de Emprendimiento,"Un texto completo que aborda los principios de Emprendimiento, dirigido a estudiantes y profesionales del area. Incluye ejemplos practicos, casos de estudio y ejercicios para reforzar el aprendizaje.",https://covers.biblioteca.local/00967.jpg,3,978-1-01-716445-9,30
968,Ciberseguridad: teoria y practica,"Un texto aplicado que aborda los principios de Ciberseguridad, dirigido a estudiantes y profesionales del area. Incluye ejemplos practicos, casos de estudio y ejercicios para reforzar el aprendizaje.",https://covers.biblioteca.local/00968.jpg,3,978-1-185-79064-1,16
969,Manual de Programacion Orientada a Objetos,"Un texto didactico que aborda los principios de Programacion Orientada a Objetos, dirigido a estudiantes y profesionales del area. Incluye ejemplos practicos, casos de estudio y ejercicios para reforzar el aprendizaje.",https://covers.biblioteca.local/00969.jpg,4,978-1-159-10300-2,39
970,Conceptos Clave de Revisoria Fiscal,"Un texto practico que aborda los principios de Revisoria Fiscal, dirigido a estudiantes y profesionales del area. Incluye ejemplos practicos, casos de estudio y ejercicios para reforzar el aprendizaje.",https://covers.biblioteca.local/00970.jpg,5,978-0-563-21358-1,18
971,Fundamentos de Agroecologia,"Un texto didactico que aborda los principios de Agroecologia, dirigido a estudiantes y profesionales del area. Incluye ejemplos practicos, casos de estudio y ejercicios para reforzar el aprendizaje.",https://covers.biblioteca.local/00971.jpg,3,978-0-401-04145-1,34
972,Comercio Internacional Aplicada,"Un texto aplicado que aborda los principios de Comercio Internacional, dirigido a estudiantes y profesionales del area. Incluye ejemplos practicos, casos de estudio y ejercicios para reforzar el aprendizaje.",https://covers.biblioteca.local/00972.jpg,2,978-1-229-71252-3,16
973,Bases de Gerencia de Proyectos,"Un texto actualizado que aborda los principios de Gerencia de Proyectos, dirigido a estudiantes y profesionales del area. Incluye ejemplos practicos, casos de estudio y ejercicios para reforzar el aprendizaje.",https://covers.biblioteca.local/00973.jpg,1,978-1-188-39774-8,5
974,Eterno Cronicas,"Un texto imprescindible para comprender las tensiones de su tiempo. La obra explora temas de identidad, perdida y esperanza.",https://covers.biblioteca.local/00974.jpg,1,978-1-314-41583-4,3
975,Guia Practica de Analisis Financiero,"Un texto didactico que aborda los principios de Analisis Financiero, dirigido a estudiantes y profesionales del area. Incluye ejemplos practicos, casos de estudio y ejercicios para reforzar el aprendizaje.",https://covers.biblioteca.local/00975.jpg,3,978-0-17-030376-7,40
976,Estados Financieros Aplicada,"Un texto aplicado que aborda los principios de Estados Financieros, dirigido a estudiantes y profesionales del area. Incluye ejemplos practicos, casos de estudio y ejercicios para reforzar el aprendizaje.",https://covers.biblioteca.local/00976.jpg,2,978-1-153-98854-4,7
977,Principios de Impuestos,"Un texto practico que aborda los principios de Impuestos, dirigido a estudiantes y profesionales del area. Incluye ejemplos practicos, casos de estudio y ejercicios para reforzar el aprendizaje.",https://covers.biblioteca.local/00977.jpg,2,978-0-8123-5679-3,25
978,Machine Learning para Profesionales,"Un texto didactico que aborda los principios de Machine Learning, dirigido a estudiantes y profesionales del area. Incluye ejemplos practicos, casos de estudio y ejercicios para reforzar el aprendizaje.",https://covers.biblioteca.local/00978.jpg,2,978-1-314-62491-5,40
979,Guia Practica de Emprendimiento,"Un texto didactico que aborda los principios de Emprendimiento, dirigido a estudiantes y profesionales del area. Incluye ejemplos practicos, casos de estudio y ejercicios para reforzar el aprendizaje.",https://covers.biblioteca.local/00979.jpg,3,978-1-113-07240-5,7
980,Nutricion Animal: teoria y practica,"Un texto actualizado que aborda los principios de Nutricion Animal, dirigido a estudiantes y profesionales del area. Incluye ejemplos practicos, casos de estudio y ejercicios para reforzar el aprendizaje.",https://covers.biblioteca.local/00980.jpg,1,978-1-5418-1563-6,31
981,Manual de Recursos Humanos,"Un texto practico que aborda los principios de Recursos Humanos, dirigido a estudiantes y profesionales del area. Incluye ejemplos practicos, casos de estudio y ejercicios para reforzar el aprendizaje.",https://covers.biblioteca.local/00981.jpg,1,978-1-86850-745-0,33
982,Contabilidad Publica: teoria y practica,"Un texto riguroso que aborda los principios de Contabilidad Publica, dirigido a estudiantes y profesionales del area. Incluye ejemplos practicos, casos de estudio y ejercicios para reforzar el aprendizaje.",https://covers.biblioteca.local/00982.jpg,1,978-0-663-43629-3,28
983,Antiguo Umbral 6,"La obra explora temas de identidad, perdida y esperanza. El autor construye un mundo lleno de detalles y matices inolvidables.",https://covers.biblioteca.local/00983.jpg,1,978-1-86103-131-0,14
984,Emprendimiento para Profesionales,"Un texto didactico que aborda los principios de Emprendimiento, dirigido a estudiantes y profesionales del area. Incluye ejemplos practicos, casos de estudio y ejercicios para reforzar el aprendizaje.",https://covers.biblioteca.local/00984.jpg,1,978-0-943181-43-1,18
985,Manual de Realidad Aumentada,"Un texto actualizado que aborda los principios de Realidad Aumentada, dirigido a estudiantes y profesionales del area. Incluye ejemplos practicos, casos de estudio y ejercicios para reforzar el aprendizaje.",https://covers.biblioteca.local/00985.jpg,2,978-1-61347-323-8,15
986,Fundamentos de Finanzas Corporativas,"Un texto didactico que aborda los principios de Finanzas Corporativas, dirigido a estudiantes y profesionales del area. Incluye ejemplos practicos, casos de estudio y ejercicios para reforzar el aprendizaje.",https://covers.biblioteca.local/00986.jpg,3,978-1-940128-97-9,15
987,Guia Practica de Contabilidad Tributaria,"Un texto didactico que aborda los principios de Contabilidad Tributaria, dirigido a estudiantes y profesionales del area. Incluye ejemplos practicos, casos de estudio y ejercicios para reforzar el aprendizaje.",https://covers.biblioteca.local/00987.jpg,2,978-0-251-22572-8,13
988,Manual de Impuestos,"Un texto aplicado que aborda los principios de Impuestos, dirigido a estudiantes y profesionales del area. Incluye ejemplos practicos, casos de estudio y ejercicios para reforzar el aprendizaje.",https://covers.biblioteca.local/00988.jpg,1,978-1-65024-120-3,38
989,Dorado Corazon,"El autor construye un mundo lleno de detalles y matices inolvidables. Una trama envolvente que mezcla drama, misterio y superacion personal.",https://covers.biblioteca.local/00989.jpg,2,978-1-907371-00-4,20
990,Bases de Edicion de Video,"Un texto actualizado que aborda los principios de Edicion de Video, dirigido a estudiantes y profesionales del area. Incluye ejemplos practicos, casos de estudio y ejercicios para reforzar el aprendizaje.",https://covers.biblioteca.local/00990.jpg,1,978-0-88221-145-9,20
991,Conceptos Clave de Machine Learning,"Un texto aplicado que aborda los principios de Machine Learning, dirigido a estudiantes y profesionales del area. Incluye ejemplos practicos, casos de estudio y ejercicios para reforzar el aprendizaje.",https://covers.biblioteca.local/00991.jpg,1,978-1-58474-570-9,6
992,Principios de Diseno Grafico,"Un texto didactico que aborda los principios de Diseno Grafico, dirigido a estudiantes y profesionales del area. Incluye ejemplos practicos, casos de estudio y ejercicios para reforzar el aprendizaje.",https://covers.biblioteca.local/00992.jpg,3,978-1-58971-480-9,40
993,Principios de Gestion Empresarial,"Un texto actualizado que aborda los principios de Gestion Empresarial, dirigido a estudiantes y profesionales del area. Incluye ejemplos practicos, casos de estudio y ejercicios para reforzar el aprendizaje.",https://covers.biblioteca.local/00993.jpg,3,978-1-325-70396-8,17
994,Principios de Edicion de Video,"Un texto riguroso que aborda los principios de Edicion de Video, dirigido a estudiantes y profesionales del area. Incluye ejemplos practicos, casos de estudio y ejercicios para reforzar el aprendizaje.",https://covers.biblioteca.local/00994.jpg,3,978-0-13-614878-4,31
995,Bases de Arquitectura de Software,"Un texto didactico que aborda los principios de Arquitectura de Software, dirigido a estudiantes y profesionales del area. Incluye ejemplos practicos, casos de estudio y ejercicios para reforzar el aprendizaje.",https://covers.biblioteca.local/00995.jpg,1,978-1-55696-443-5,25
996,Espejo secreto,Una historia que atrapa desde la primera pagina. Un relato profundo sobre las relaciones humanas y el paso del tiempo. El autor construye un mundo lleno de detalles y matices inolvidables.,https://covers.biblioteca.local/00996.jpg,1,978-1-916795-41-9,37
997,Principios de Agroecologia,"Un texto didactico que aborda los principios de Agroecologia, dirigido a estudiantes y profesionales del area. Incluye ejemplos practicos, casos de estudio y ejercicios para reforzar el aprendizaje.",https://covers.biblioteca.local/00997.jpg,2,978-1-272-84982-5,32
998,Manual de Manejo de Cultivos,"Un texto actualizado que aborda los principios de Manejo de Cultivos, dirigido a estudiantes y profesionales del area. Incluye ejemplos practicos, casos de estudio y ejercicios para reforzar el aprendizaje.",https://covers.biblioteca.local/00998.jpg,2,978-1-4140-7034-6,31
999,Fundamentos de Diseno UX/UI,"Un texto completo que aborda los principios de Diseno UX/UI, dirigido a estudiantes y profesionales del area. Incluye ejemplos practicos, casos de estudio y ejercicios para reforzar el aprendizaje.",https://covers.biblioteca.local/00999.jpg,1,978-0-7406-5004-8,10
1000,Conceptos Clave de Estructuras de Datos,"Un texto didactico que aborda los principios de Estructuras de Datos, dirigido a estudiantes y profesionales del area. Incluye ejemplos practicos, casos de estudio y ejercicios para reforzar el aprendizaje.",https://covers.biblioteca.local/01000.jpg,2,978-1-4882-1423-3,39
1001,El Fuego tras horizonte 8,Considerada una de las obras mas influyentes de su genero. Un viaje narrativo que combina emocion e intriga en cada capitulo.,https://covers.biblioteca.local/01001.jpg,2,978-0-430-75366-0,28
1002,Conceptos Clave de Revisoria Fiscal,"Un texto aplicado que aborda los principios de Revisoria Fiscal, dirigido a estudiantes y profesionales del area. Incluye ejemplos practicos, casos de estudio y ejercicios para reforzar el aprendizaje.",https://covers.biblioteca.local/01002.jpg,1,978-0-449-42965-5,38
1003,Manual de Fotografia Digital,"Un texto riguroso que aborda los principios de Fotografia Digital, dirigido a estudiantes y profesionales del area. Incluye ejemplos practicos, casos de estudio y ejercicios para reforzar el aprendizaje.",https://covers.biblioteca.local/01003.jpg,2,978-0-426-83441-0,23
1004,Invisible Viaje,Un texto imprescindible para comprender las tensiones de su tiempo. Los personajes enfrentan decisiones que cambiaran su destino para siempre. Una historia que atrapa desde la primera pagina.,https://covers.biblioteca.local/01004.jpg,1,978-1-82661-287-5,11
1005,Introduccion a Edicion de Video,"Un texto riguroso que aborda los principios de Edicion de Video, dirigido a estudiantes y profesionales del area. Incluye ejemplos practicos, casos de estudio y ejercicios para reforzar el aprendizaje.",https://covers.biblioteca.local/01005.jpg,2,978-1-75676-670-9,34
1006,Costos y Presupuestos para Profesionales,"Un texto didactico que aborda los principios de Costos y Presupuestos, dirigido a estudiantes y profesionales del area. Incluye ejemplos practicos, casos de estudio y ejercicios para reforzar el aprendizaje.",https://covers.biblioteca.local/01006.jpg,1,978-1-129-43985-8,12
1007,Bases de Cloud Computing,"Un texto completo que aborda los principios de Cloud Computing, dirigido a estudiantes y profesionales del area. Incluye ejemplos practicos, casos de estudio y ejercicios para reforzar el aprendizaje.",https://covers.biblioteca.local/01007.jpg,3,978-1-06-260787-1,29
1008,Programacion Orientada a Objetos: teoria y practica,"Un texto practico que aborda los principios de Programacion Orientada a Objetos, dirigido a estudiantes y profesionales del area. Incluye ejemplos practicos, casos de estudio y ejercicios para reforzar el aprendizaje.",https://covers.biblioteca.local/01008.jpg,1,978-0-04-159149-1,11
1009,Bases de Planeacion Estrategica,"Un texto practico que aborda los principios de Planeacion Estrategica, dirigido a estudiantes y profesionales del area. Incluye ejemplos practicos, casos de estudio y ejercicios para reforzar el aprendizaje.",https://covers.biblioteca.local/01009.jpg,2,978-1-01-980382-0,22
1010,Cronicas eterno 2,Los personajes enfrentan decisiones que cambiaran su destino para siempre. Una historia que atrapa desde la primera pagina.,https://covers.biblioteca.local/01010.jpg,3,978-0-324-40793-8,38
1011,El Bosque del corazon,El autor construye un mundo lleno de detalles y matices inolvidables. Un clasico recomendado para lectores de todas las edades.,https://covers.biblioteca.local/01011.jpg,3,978-0-02-918133-1,34
1012,Introduccion a Liderazgo Organizacional,"Un texto didactico que aborda los principios de Liderazgo Organizacional, dirigido a estudiantes y profesionales del area. Incluye ejemplos practicos, casos de estudio y ejercicios para reforzar el aprendizaje.",https://covers.biblioteca.local/01012.jpg,1,978-1-08-760146-5,21
1013,Conceptos Clave de Estructuras de Datos,"Un texto practico que aborda los principios de Estructuras de Datos, dirigido a estudiantes y profesionales del area. Incluye ejemplos practicos, casos de estudio y ejercicios para reforzar el aprendizaje.",https://covers.biblioteca.local/01013.jpg,3,978-0-384-97916-1,23
1014,Introduccion a Sanidad Animal,"Un texto didactico que aborda los principios de Sanidad Animal, dirigido a estudiantes y profesionales del area. Incluye ejemplos practicos, casos de estudio y ejercicios para reforzar el aprendizaje.",https://covers.biblioteca.local/01014.jpg,1,978-0-223-28837-9,39
1015,Sistemas Operativos: teoria y practica,"Un texto completo que aborda los principios de Sistemas Operativos, dirigido a estudiantes y profesionales del area. Incluye ejemplos practicos, casos de estudio y ejercicios para reforzar el aprendizaje.",https://covers.biblioteca.local/01015.jpg,1,978-1-4197-5466-1,40
1016,Liderazgo Organizacional Aplicada,"Un texto completo que aborda los principios de Liderazgo Organizacional, dirigido a estudiantes y profesionales del area. Incluye ejemplos practicos, casos de estudio y ejercicios para reforzar el aprendizaje.",https://covers.biblioteca.local/01016.jpg,4,978-1-66204-719-0,21
1017,Bases de Impuestos,"Un texto didactico que aborda los principios de Impuestos, dirigido a estudiantes y profesionales del area. Incluye ejemplos practicos, casos de estudio y ejercicios para reforzar el aprendizaje.",https://covers.biblioteca.local/01017.jpg,1,978-0-940970-52-6,23
1018,Principios de Realidad Aumentada,"Un texto practico que aborda los principios de Realidad Aumentada, dirigido a estudiantes y profesionales del area. Incluye ejemplos practicos, casos de estudio y ejercicios para reforzar el aprendizaje.",https://covers.biblioteca.local/01018.jpg,1,978-1-4025-8835-8,10
1019,Gestion Empresarial: teoria y practica,"Un texto riguroso que aborda los principios de Gestion Empresarial, dirigido a estudiantes y profesionales del area. Incluye ejemplos practicos, casos de estudio y ejercicios para reforzar el aprendizaje.",https://covers.biblioteca.local/01019.jpg,2,978-0-225-95724-2,11
1020,Introduccion a Sistemas de Riego,"Un texto riguroso que aborda los principios de Sistemas de Riego, dirigido a estudiantes y profesionales del area. Incluye ejemplos practicos, casos de estudio y ejercicios para reforzar el aprendizaje.",https://covers.biblioteca.local/01020.jpg,2,978-1-176-79298-2,2
1021,La secreto tras sueno 9,"La narracion se despliega entre distintos escenarios y epocas. La obra explora temas de identidad, perdida y esperanza.",https://covers.biblioteca.local/01021.jpg,2,978-0-599-59961-1,35
1022,Sistemas Operativos: teoria y practica,"Un texto practico que aborda los principios de Sistemas Operativos, dirigido a estudiantes y profesionales del area. Incluye ejemplos practicos, casos de estudio y ejercicios para reforzar el aprendizaje.",https://covers.biblioteca.local/01022.jpg,2,978-0-231-17753-5,5
1023,La horizonte tras horizonte,Un viaje narrativo que combina emocion e intriga en cada capitulo. Un texto imprescindible para comprender las tensiones de su tiempo. Los personajes enfrentan decisiones que cambiaran su destino para siempre.,https://covers.biblioteca.local/01023.jpg,1,978-0-266-10941-9,8
1024,Principios de Sanidad Animal,"Un texto aplicado que aborda los principios de Sanidad Animal, dirigido a estudiantes y profesionales del area. Incluye ejemplos practicos, casos de estudio y ejercicios para reforzar el aprendizaje.",https://covers.biblioteca.local/01024.jpg,2,978-0-7590-2517-2,37
1025,Introduccion a Diseno Web,"Un texto aplicado que aborda los principios de Diseno Web, dirigido a estudiantes y profesionales del area. Incluye ejemplos practicos, casos de estudio y ejercicios para reforzar el aprendizaje.",https://covers.biblioteca.local/01025.jpg,3,978-0-9833477-4-3,21
1026,La cronicas del corazon,Un relato profundo sobre las relaciones humanas y el paso del tiempo. El autor construye un mundo lleno de detalles y matices inolvidables.,https://covers.biblioteca.local/01026.jpg,4,978-0-268-31901-4,1
1027,Introduccion a Programacion,"Un texto practico que aborda los principios de Programacion, dirigido a estudiantes y profesionales del area. Incluye ejemplos practicos, casos de estudio y ejercicios para reforzar el aprendizaje.",https://covers.biblioteca.local/01027.jpg,1,978-0-205-69815-8,10
1028,Fundamentos de Cultivos Tropicales,"Un texto actualizado que aborda los principios de Cultivos Tropicales, dirigido a estudiantes y profesionales del area. Incluye ejemplos practicos, casos de estudio y ejercicios para reforzar el aprendizaje.",https://covers.biblioteca.local/01028.jpg,2,978-1-339-78559-2,31
1029,Conceptos Clave de Diseno UX/UI,"Un texto practico que aborda los principios de Diseno UX/UI, dirigido a estudiantes y profesionales del area. Incluye ejemplos practicos, casos de estudio y ejercicios para reforzar el aprendizaje.",https://covers.biblioteca.local/01029.jpg,1,978-0-7661-9128-0,14
1030,Horizonte lejano 4,Considerada una de las obras mas influyentes de su genero. El autor construye un mundo lleno de detalles y matices inolvidables.,https://covers.biblioteca.local/01030.jpg,2,978-0-17-309850-9,22
1031,Manual de Machine Learning,"Un texto didactico que aborda los principios de Machine Learning, dirigido a estudiantes y profesionales del area. Incluye ejemplos practicos, casos de estudio y ejercicios para reforzar el aprendizaje.",https://covers.biblioteca.local/01031.jpg,2,978-1-4651-2418-0,26
1032,Introduccion a Motion Graphics,"Un texto completo que aborda los principios de Motion Graphics, dirigido a estudiantes y profesionales del area. Incluye ejemplos practicos, casos de estudio y ejercicios para reforzar el aprendizaje.",https://covers.biblioteca.local/01032.jpg,1,978-1-69081-974-5,19
1033,Emprendimiento: teoria y practica,"Un texto riguroso que aborda los principios de Emprendimiento, dirigido a estudiantes y profesionales del area. Incluye ejemplos practicos, casos de estudio y ejercicios para reforzar el aprendizaje.",https://covers.biblioteca.local/01033.jpg,4,978-0-564-35023-0,11
1034,Conceptos Clave de Emprendimiento,"Un texto aplicado que aborda los principios de Emprendimiento, dirigido a estudiantes y profesionales del area. Incluye ejemplos practicos, casos de estudio y ejercicios para reforzar el aprendizaje.",https://covers.biblioteca.local/01034.jpg,5,978-0-371-99051-3,33
1035,La mar y el castillo,Un viaje narrativo que combina emocion e intriga en cada capitulo. Una historia que atrapa desde la primera pagina. Un relato profundo sobre las relaciones humanas y el paso del tiempo.,https://covers.biblioteca.local/01035.jpg,1,978-0-87240-107-5,16
1036,Fundamentos de Agroindustria,"Un texto completo que aborda los principios de Agroindustria, dirigido a estudiantes y profesionales del area. Incluye ejemplos practicos, casos de estudio y ejercicios para reforzar el aprendizaje.",https://covers.biblioteca.local/01036.jpg,2,978-1-67430-003-0,29
1037,Introduccion a Contabilidad de Costos,"Un texto actualizado que aborda los principios de Contabilidad de Costos, dirigido a estudiantes y profesionales del area. Incluye ejemplos practicos, casos de estudio y ejercicios para reforzar el aprendizaje.",https://covers.biblioteca.local/01037.jpg,1,978-0-87066-266-9,33
1038,Edicion de Video para Profesionales,"Un texto riguroso que aborda los principios de Edicion de Video, dirigido a estudiantes y profesionales del area. Incluye ejemplos practicos, casos de estudio y ejercicios para reforzar el aprendizaje.",https://covers.biblioteca.local/01038.jpg,1,978-0-7195-5356-1,12
1039,Manual de Estructuras de Datos,"Un texto practico que aborda los principios de Estructuras de Datos, dirigido a estudiantes y profesionales del area. Incluye ejemplos practicos, casos de estudio y ejercicios para reforzar el aprendizaje.",https://covers.biblioteca.local/01039.jpg,3,978-0-319-03689-1,21
1040,El Legado sin reino,Un texto imprescindible para comprender las tensiones de su tiempo. Una historia que atrapa desde la primera pagina. El autor construye un mundo lleno de detalles y matices inolvidables.,https://covers.biblioteca.local/01040.jpg,3,978-0-301-02724-1,36
1041,Conceptos Clave de Manejo de Suelos,"Un texto practico que aborda los principios de Manejo de Suelos, dirigido a estudiantes y profesionales del area. Incluye ejemplos practicos, casos de estudio y ejercicios para reforzar el aprendizaje.",https://covers.biblioteca.local/01041.jpg,1,978-1-59342-967-6,29
1042,Manual de Inteligencia Artificial,"Un texto completo que aborda los principios de Inteligencia Artificial, dirigido a estudiantes y profesionales del area. Incluye ejemplos practicos, casos de estudio y ejercicios para reforzar el aprendizaje.",https://covers.biblioteca.local/01042.jpg,2,978-0-14-837537-6,6
1043,Fundamentos de Gestion de la Calidad,"Un texto riguroso que aborda los principios de Gestion de la Calidad, dirigido a estudiantes y profesionales del area. Incluye ejemplos practicos, casos de estudio y ejercicios para reforzar el aprendizaje.",https://covers.biblioteca.local/01043.jpg,4,978-1-84384-588-1,28
1044,El Secreto en camino,"La narracion se despliega entre distintos escenarios y epocas. Considerada una de las obras mas influyentes de su genero. Una trama envolvente que mezcla drama, misterio y superacion personal.",https://covers.biblioteca.local/01044.jpg,2,978-0-569-74132-3,9
1045,Estructuras de Datos para Profesionales,"Un texto practico que aborda los principios de Estructuras de Datos, dirigido a estudiantes y profesionales del area. Incluye ejemplos practicos, casos de estudio y ejercicios para reforzar el aprendizaje.",https://covers.biblioteca.local/01045.jpg,5,978-1-83152-037-0,14
1046,El Viaje del espejo 5,Un clasico recomendado para lectores de todas las edades. Considerada una de las obras mas influyentes de su genero.,https://covers.biblioteca.local/01046.jpg,2,978-0-07-044964-0,14
1047,Fundamentos de Diseno UX/UI,"Un texto aplicado que aborda los principios de Diseno UX/UI, dirigido a estudiantes y profesionales del area. Incluye ejemplos practicos, casos de estudio y ejercicios para reforzar el aprendizaje.",https://covers.biblioteca.local/01047.jpg,2,978-0-496-70667-9,30
1048,Guia Practica de Realidad Aumentada,"Un texto completo que aborda los principios de Realidad Aumentada, dirigido a estudiantes y profesionales del area. Incluye ejemplos practicos, casos de estudio y ejercicios para reforzar el aprendizaje.",https://covers.biblioteca.local/01048.jpg,2,978-0-362-68040-9,5
1049,Manejo de Cultivos: teoria y practica,"Un texto practico que aborda los principios de Manejo de Cultivos, dirigido a estudiantes y profesionales del area. Incluye ejemplos practicos, casos de estudio y ejercicios para reforzar el aprendizaje.",https://covers.biblioteca.local/01049.jpg,5,978-0-9549305-9-2,37
1050,Cultivos Tropicales: teoria y practica,"Un texto riguroso que aborda los principios de Cultivos Tropicales, dirigido a estudiantes y profesionales del area. Incluye ejemplos practicos, casos de estudio y ejercicios para reforzar el aprendizaje.",https://covers.biblioteca.local/01050.jpg,1,978-1-01-864876-7,39
1051,Diseno Web Aplicada,"Un texto completo que aborda los principios de Diseno Web, dirigido a estudiantes y profesionales del area. Incluye ejemplos practicos, casos de estudio y ejercicios para reforzar el aprendizaje.",https://covers.biblioteca.local/01051.jpg,2,978-0-673-20441-7,6
1052,Principios de Manejo de Suelos,"Un texto riguroso que aborda los principios de Manejo de Suelos, dirigido a estudiantes y profesionales del area. Incluye ejemplos practicos, casos de estudio y ejercicios para reforzar el aprendizaje.",https://covers.biblioteca.local/01052.jpg,1,978-1-59609-454-3,7
1053,Guia Practica de Animacion Digital,"Un texto didactico que aborda los principios de Animacion Digital, dirigido a estudiantes y profesionales del area. Incluye ejemplos practicos, casos de estudio y ejercicios para reforzar el aprendizaje.",https://covers.biblioteca.local/01053.jpg,3,978-0-14-954277-7,34
1054,Bases de Agroindustria,"Un texto actualizado que aborda los principios de Agroindustria, dirigido a estudiantes y profesionales del area. Incluye ejemplos practicos, casos de estudio y ejercicios para reforzar el aprendizaje.",https://covers.biblioteca.local/01054.jpg,1,978-1-07-057836-1,36
1055,Marketing Estrategico: teoria y practica,"Un texto practico que aborda los principios de Marketing Estrategico, dirigido a estudiantes y profesionales del area. Incluye ejemplos practicos, casos de estudio y ejercicios para reforzar el aprendizaje.",https://covers.biblioteca.local/01055.jpg,3,978-0-498-51724-2,12
1056,Revisoria Fiscal para Profesionales,"Un texto practico que aborda los principios de Revisoria Fiscal, dirigido a estudiantes y profesionales del area. Incluye ejemplos practicos, casos de estudio y ejercicios para reforzar el aprendizaje.",https://covers.biblioteca.local/01056.jpg,4,978-1-72322-903-9,17
1057,Contabilidad de Costos para Profesionales,"Un texto didactico que aborda los principios de Contabilidad de Costos, dirigido a estudiantes y profesionales del area. Incluye ejemplos practicos, casos de estudio y ejercicios para reforzar el aprendizaje.",https://covers.biblioteca.local/01057.jpg,1,978-0-287-95083-0,10
1058,Animacion Digital para Profesionales,"Un texto riguroso que aborda los principios de Animacion Digital, dirigido a estudiantes y profesionales del area. Incluye ejemplos practicos, casos de estudio y ejercicios para reforzar el aprendizaje.",https://covers.biblioteca.local/01058.jpg,2,978-1-4058-0935-1,24
1059,Conceptos Clave de Contabilidad Financiera,"Un texto riguroso que aborda los principios de Contabilidad Financiera, dirigido a estudiantes y profesionales del area. Incluye ejemplos practicos, casos de estudio y ejercicios para reforzar el aprendizaje.",https://covers.biblioteca.local/01059.jpg,1,978-0-87181-335-0,30
1060,Fundamentos de Revisoria Fiscal,"Un texto practico que aborda los principios de Revisoria Fiscal, dirigido a estudiantes y profesionales del area. Incluye ejemplos practicos, casos de estudio y ejercicios para reforzar el aprendizaje.",https://covers.biblioteca.local/01060.jpg,1,978-1-164-20595-1,6
1061,Talento Humano Aplicada,"Un texto riguroso que aborda los principios de Talento Humano, dirigido a estudiantes y profesionales del area. Incluye ejemplos practicos, casos de estudio y ejercicios para reforzar el aprendizaje.",https://covers.biblioteca.local/01061.jpg,2,978-1-57490-250-1,6
1062,Ingenieria de Software: teoria y practica,"Un texto aplicado que aborda los principios de Ingenieria de Software, dirigido a estudiantes y profesionales del area. Incluye ejemplos practicos, casos de estudio y ejercicios para reforzar el aprendizaje.",https://covers.biblioteca.local/01062.jpg,2,978-0-901935-88-5,28
1063,Bases de Produccion Pecuaria,"Un texto practico que aborda los principios de Produccion Pecuaria, dirigido a estudiantes y profesionales del area. Incluye ejemplos practicos, casos de estudio y ejercicios para reforzar el aprendizaje.",https://covers.biblioteca.local/01063.jpg,1,978-0-690-26113-4,40
1064,Manual de Fotografia Digital,"Un texto actualizado que aborda los principios de Fotografia Digital, dirigido a estudiantes y profesionales del area. Incluye ejemplos practicos, casos de estudio y ejercicios para reforzar el aprendizaje.",https://covers.biblioteca.local/01064.jpg,2,978-0-8097-8875-0,11
1065,Bases de Finanzas Corporativas,"Un texto practico que aborda los principios de Finanzas Corporativas, dirigido a estudiantes y profesionales del area. Incluye ejemplos practicos, casos de estudio y ejercicios para reforzar el aprendizaje.",https://covers.biblioteca.local/01065.jpg,1,978-0-943535-37-1,24
1066,Costos y Presupuestos Aplicada,"Un texto aplicado que aborda los principios de Costos y Presupuestos, dirigido a estudiantes y profesionales del area. Incluye ejemplos practicos, casos de estudio y ejercicios para reforzar el aprendizaje.",https://covers.biblioteca.local/01066.jpg,1,978-0-376-51588-9,31
1067,Guia Practica de Diseno UX/UI,"Un texto riguroso que aborda los principios de Diseno UX/UI, dirigido a estudiantes y profesionales del area. Incluye ejemplos practicos, casos de estudio y ejercicios para reforzar el aprendizaje.",https://covers.biblioteca.local/01067.jpg,3,978-1-79376-392-1,3
1068,Conceptos Clave de Programacion,"Un texto riguroso que aborda los principios de Programacion, dirigido a estudiantes y profesionales del area. Incluye ejemplos practicos, casos de estudio y ejercicios para reforzar el aprendizaje.",https://covers.biblioteca.local/01068.jpg,4,978-1-929445-51-6,40
1069,Arquitectura de Software Aplicada,"Un texto aplicado que aborda los principios de Arquitectura de Software, dirigido a estudiantes y profesionales del area. Incluye ejemplos practicos, casos de estudio y ejercicios para reforzar el aprendizaje.",https://covers.biblioteca.local/01069.jpg,2,978-1-68297-327-1,28
1070,Conceptos Clave de Contabilidad Tributaria,"Un texto aplicado que aborda los principios de Contabilidad Tributaria, dirigido a estudiantes y profesionales del area. Incluye ejemplos practicos, casos de estudio y ejercicios para reforzar el aprendizaje.",https://covers.biblioteca.local/01070.jpg,2,978-0-16-487120-3,17
1071,Conceptos Clave de Planeacion Estrategica,"Un texto practico que aborda los principios de Planeacion Estrategica, dirigido a estudiantes y profesionales del area. Incluye ejemplos practicos, casos de estudio y ejercicios para reforzar el aprendizaje.",https://covers.biblioteca.local/01071.jpg,1,978-0-212-88665-4,11
1072,Manual de Comercio Internacional,"Un texto practico que aborda los principios de Comercio Internacional, dirigido a estudiantes y profesionales del area. Incluye ejemplos practicos, casos de estudio y ejercicios para reforzar el aprendizaje.",https://covers.biblioteca.local/01072.jpg,5,978-1-83415-599-9,8
1073,Manual de Sistemas Operativos,"Un texto practico que aborda los principios de Sistemas Operativos, dirigido a estudiantes y profesionales del area. Incluye ejemplos practicos, casos de estudio y ejercicios para reforzar el aprendizaje.",https://covers.biblioteca.local/01073.jpg,5,978-0-15-767647-1,22
1074,El Reino tras viaje,La narracion se despliega entre distintos escenarios y epocas. Los personajes enfrentan decisiones que cambiaran su destino para siempre. Un relato profundo sobre las relaciones humanas y el paso del tiempo.,https://covers.biblioteca.local/01074.jpg,3,978-0-9812099-5-1,27
1075,Programacion Orientada a Objetos para Profesionales,"Un texto actualizado que aborda los principios de Programacion Orientada a Objetos, dirigido a estudiantes y profesionales del area. Incluye ejemplos practicos, casos de estudio y ejercicios para reforzar el aprendizaje.",https://covers.biblioteca.local/01075.jpg,4,978-1-57289-413-6,33
1076,Manual de Liderazgo Organizacional,"Un texto actualizado que aborda los principios de Liderazgo Organizacional, dirigido a estudiantes y profesionales del area. Incluye ejemplos practicos, casos de estudio y ejercicios para reforzar el aprendizaje.",https://covers.biblioteca.local/01076.jpg,4,978-1-5098-8986-0,4
1077,Estructuras de Datos: teoria y practica,"Un texto aplicado que aborda los principios de Estructuras de Datos, dirigido a estudiantes y profesionales del area. Incluye ejemplos practicos, casos de estudio y ejercicios para reforzar el aprendizaje.",https://covers.biblioteca.local/01077.jpg,1,978-1-65220-368-1,32
1078,Bases de Edicion de Video,"Un texto didactico que aborda los principios de Edicion de Video, dirigido a estudiantes y profesionales del area. Incluye ejemplos practicos, casos de estudio y ejercicios para reforzar el aprendizaje.",https://covers.biblioteca.local/01078.jpg,1,978-1-154-21447-5,12
1079,Guia Practica de Fotografia Digital,"Un texto aplicado que aborda los principios de Fotografia Digital, dirigido a estudiantes y profesionales del area. Incluye ejemplos practicos, casos de estudio y ejercicios para reforzar el aprendizaje.",https://covers.biblioteca.local/01079.jpg,2,978-0-244-91342-7,33
1080,Ingenieria de Software Aplicada,"Un texto actualizado que aborda los principios de Ingenieria de Software, dirigido a estudiantes y profesionales del area. Incluye ejemplos practicos, casos de estudio y ejercicios para reforzar el aprendizaje.",https://covers.biblioteca.local/01080.jpg,3,978-0-88209-088-7,10
1081,Principios de Bases de Datos,"Un texto completo que aborda los principios de Bases de Datos, dirigido a estudiantes y profesionales del area. Incluye ejemplos practicos, casos de estudio y ejercicios para reforzar el aprendizaje.",https://covers.biblioteca.local/01081.jpg,1,978-0-7053-4967-3,28
1082,Principios de Analisis Financiero,"Un texto didactico que aborda los principios de Analisis Financiero, dirigido a estudiantes y profesionales del area. Incluye ejemplos practicos, casos de estudio y ejercicios para reforzar el aprendizaje.",https://covers.biblioteca.local/01082.jpg,3,978-1-4117-6741-6,8
1083,Introduccion a Diseno UX/UI,"Un texto didactico que aborda los principios de Diseno UX/UI, dirigido a estudiantes y profesionales del area. Incluye ejemplos practicos, casos de estudio y ejercicios para reforzar el aprendizaje.",https://covers.biblioteca.local/01083.jpg,3,978-1-151-31528-1,12
1084,El Jardin de cronicas,"Un viaje narrativo que combina emocion e intriga en cada capitulo. Los personajes enfrentan decisiones que cambiaran su destino para siempre. Una trama envolvente que mezcla drama, misterio y superacion personal.",https://covers.biblioteca.local/01084.jpg,4,978-1-78150-618-9,18
1085,Fundamentos de Produccion Agricola,"Un texto practico que aborda los principios de Produccion Agricola, dirigido a estudiantes y profesionales del area. Incluye ejemplos practicos, casos de estudio y ejercicios para reforzar el aprendizaje.",https://covers.biblioteca.local/01085.jpg,1,978-0-8003-2963-1,8
1086,Principios de Normas Internacionales de Informacion Financiera (NIIF),"Un texto riguroso que aborda los principios de Normas Internacionales de Informacion Financiera (NIIF), dirigido a estudiantes y profesionales del area. Incluye ejemplos practicos, casos de estudio y ejercicios para reforzar el aprendizaje.",https://covers.biblioteca.local/01086.jpg,1,978-1-72727-423-3,24
1087,Bases de Costos y Presupuestos,"Un texto practico que aborda los principios de Costos y Presupuestos, dirigido a estudiantes y profesionales del area. Incluye ejemplos practicos, casos de estudio y ejercicios para reforzar el aprendizaje.",https://covers.biblioteca.local/01087.jpg,1,978-0-06-178932-8,6
1088,Conceptos Clave de Edicion de Video,"Un texto didactico que aborda los principios de Edicion de Video, dirigido a estudiantes y profesionales del area. Incluye ejemplos practicos, casos de estudio y ejercicios para reforzar el aprendizaje.",https://covers.biblioteca.local/01088.jpg,3,978-1-4969-3578-6,13
1089,Costos y Presupuestos Aplicada,"Un texto completo que aborda los principios de Costos y Presupuestos, dirigido a estudiantes y profesionales del area. Incluye ejemplos practicos, casos de estudio y ejercicios para reforzar el aprendizaje.",https://covers.biblioteca.local/01089.jpg,5,978-1-347-76958-4,3
1090,Normas Internacionales de Informacion Financiera (NIIF) Aplicada,"Un texto aplicado que aborda los principios de Normas Internacionales de Informacion Financiera (NIIF), dirigido a estudiantes y profesionales del area. Incluye ejemplos practicos, casos de estudio y ejercicios para reforzar el aprendizaje.",https://covers.biblioteca.local/01090.jpg,1,978-1-131-46753-5,31
1091,Principios de Fotografia Digital,"Un texto riguroso que aborda los principios de Fotografia Digital, dirigido a estudiantes y profesionales del area. Incluye ejemplos practicos, casos de estudio y ejercicios para reforzar el aprendizaje.",https://covers.biblioteca.local/01091.jpg,2,978-0-275-15627-5,18
1092,Nutricion Animal: teoria y practica,"Un texto completo que aborda los principios de Nutricion Animal, dirigido a estudiantes y profesionales del area. Incluye ejemplos practicos, casos de estudio y ejercicios para reforzar el aprendizaje.",https://covers.biblioteca.local/01092.jpg,3,978-1-304-48360-7,33
1093,Introduccion a Bases de Datos,"Un texto completo que aborda los principios de Bases de Datos, dirigido a estudiantes y profesionales del area. Incluye ejemplos practicos, casos de estudio y ejercicios para reforzar el aprendizaje.",https://covers.biblioteca.local/01093.jpg,3,978-1-56676-640-1,12
1094,El Reino sin viaje,"Considerada una de las obras mas influyentes de su genero. Una trama envolvente que mezcla drama, misterio y superacion personal.",https://covers.biblioteca.local/01094.jpg,3,978-1-350-47639-4,33
1095,Fundamentos de Zootecnia,"Un texto completo que aborda los principios de Zootecnia, dirigido a estudiantes y profesionales del area. Incluye ejemplos practicos, casos de estudio y ejercicios para reforzar el aprendizaje.",https://covers.biblioteca.local/01095.jpg,2,978-0-19-952980-3,15
1096,El Cielo del espejo,"La narracion se despliega entre distintos escenarios y epocas. La obra explora temas de identidad, perdida y esperanza.",https://covers.biblioteca.local/01096.jpg,5,978-1-155-81083-6,18
1097,Introduccion a Gerencia de Proyectos,"Un texto practico que aborda los principios de Gerencia de Proyectos, dirigido a estudiantes y profesionales del area. Incluye ejemplos practicos, casos de estudio y ejercicios para reforzar el aprendizaje.",https://covers.biblioteca.local/01097.jpg,4,978-0-286-34255-1,8
1098,El Fuego en fuego,Una reflexion sobre la sociedad contemporanea contada con maestria. Un relato profundo sobre las relaciones humanas y el paso del tiempo. Considerada una de las obras mas influyentes de su genero.,https://covers.biblioteca.local/01098.jpg,3,978-0-8300-0818-6,17
1099,La laberinto de fuego 2,"Un viaje narrativo que combina emocion e intriga en cada capitulo. Los personajes enfrentan decisiones que cambiaran su destino para siempre. La obra explora temas de identidad, perdida y esperanza.",https://covers.biblioteca.local/01099.jpg,1,978-1-02-440330-5,17
1100,Conceptos Clave de Estados Financieros,"Un texto practico que aborda los principios de Estados Financieros, dirigido a estudiantes y profesionales del area. Incluye ejemplos practicos, casos de estudio y ejercicios para reforzar el aprendizaje.",https://covers.biblioteca.local/01100.jpg,1,978-0-662-41118-5,17
1101,Manual de Estados Financieros,"Un texto didactico que aborda los principios de Estados Financieros, dirigido a estudiantes y profesionales del area. Incluye ejemplos practicos, casos de estudio y ejercicios para reforzar el aprendizaje.",https://covers.biblioteca.local/01101.jpg,1,978-0-08-921963-0,28
1102,Fundamentos de Manejo de Cultivos,"Un texto practico que aborda los principios de Manejo de Cultivos, dirigido a estudiantes y profesionales del area. Incluye ejemplos practicos, casos de estudio y ejercicios para reforzar el aprendizaje.",https://covers.biblioteca.local/01102.jpg,1,978-1-68044-731-6,32
1103,Conceptos Clave de Produccion Pecuaria,"Un texto practico que aborda los principios de Produccion Pecuaria, dirigido a estudiantes y profesionales del area. Incluye ejemplos practicos, casos de estudio y ejercicios para reforzar el aprendizaje.",https://covers.biblioteca.local/01103.jpg,1,978-1-64613-684-1,39
1104,Secreto Castillo,El autor construye un mundo lleno de detalles y matices inolvidables. Un viaje narrativo que combina emocion e intriga en cada capitulo.,https://covers.biblioteca.local/01104.jpg,1,978-1-883607-65-4,30
1105,Ultimo Desierto 3,El autor construye un mundo lleno de detalles y matices inolvidables. Una historia que atrapa desde la primera pagina. Un relato profundo sobre las relaciones humanas y el paso del tiempo.,https://covers.biblioteca.local/01105.jpg,2,978-1-390-63757-1,1
1106,Ciberseguridad para Profesionales,"Un texto practico que aborda los principios de Ciberseguridad, dirigido a estudiantes y profesionales del area. Incluye ejemplos practicos, casos de estudio y ejercicios para reforzar el aprendizaje.",https://covers.biblioteca.local/01106.jpg,5,978-1-5211-8237-6,1
1107,Introduccion a Costos y Presupuestos,"Un texto aplicado que aborda los principios de Costos y Presupuestos, dirigido a estudiantes y profesionales del area. Incluye ejemplos practicos, casos de estudio y ejercicios para reforzar el aprendizaje.",https://covers.biblioteca.local/01107.jpg,1,978-0-269-78930-4,31
1108,Realidad Aumentada para Profesionales,"Un texto riguroso que aborda los principios de Realidad Aumentada, dirigido a estudiantes y profesionales del area. Incluye ejemplos practicos, casos de estudio y ejercicios para reforzar el aprendizaje.",https://covers.biblioteca.local/01108.jpg,1,978-1-64520-599-9,2
1109,Fundamentos de Cultivos Tropicales,"Un texto actualizado que aborda los principios de Cultivos Tropicales, dirigido a estudiantes y profesionales del area. Incluye ejemplos practicos, casos de estudio y ejercicios para reforzar el aprendizaje.",https://covers.biblioteca.local/01109.jpg,2,978-0-438-78753-7,10
1110,El Secreto de secreto,"El autor construye un mundo lleno de detalles y matices inolvidables. La obra explora temas de identidad, perdida y esperanza. Una reflexion sobre la sociedad contemporanea contada con maestria.",https://covers.biblioteca.local/01110.jpg,3,978-1-78811-616-9,19
1111,El Umbral del bosque 5,Los personajes enfrentan decisiones que cambiaran su destino para siempre. Una reflexion sobre la sociedad contemporanea contada con maestria.,https://covers.biblioteca.local/01111.jpg,3,978-0-281-23710-4,5
1112,Fundamentos de Comercio Internacional,"Un texto practico que aborda los principios de Comercio Internacional, dirigido a estudiantes y profesionales del area. Incluye ejemplos practicos, casos de estudio y ejercicios para reforzar el aprendizaje.",https://covers.biblioteca.local/01112.jpg,4,978-1-287-28660-8,12
1113,Introduccion a Ciberseguridad,"Un texto practico que aborda los principios de Ciberseguridad, dirigido a estudiantes y profesionales del area. Incluye ejemplos practicos, casos de estudio y ejercicios para reforzar el aprendizaje.",https://covers.biblioteca.local/01113.jpg,4,978-0-644-85959-2,32
1114,Introduccion a Estados Financieros,"Un texto aplicado que aborda los principios de Estados Financieros, dirigido a estudiantes y profesionales del area. Incluye ejemplos practicos, casos de estudio y ejercicios para reforzar el aprendizaje.",https://covers.biblioteca.local/01114.jpg,1,978-0-483-95894-4,10
1115,Realidad Aumentada para Profesionales,"Un texto actualizado que aborda los principios de Realidad Aumentada, dirigido a estudiantes y profesionales del area. Incluye ejemplos practicos, casos de estudio y ejercicios para reforzar el aprendizaje.",https://covers.biblioteca.local/01115.jpg,1,978-1-352-28705-9,28
1116,Animacion Digital: teoria y practica,"Un texto didactico que aborda los principios de Animacion Digital, dirigido a estudiantes y profesionales del area. Incluye ejemplos practicos, casos de estudio y ejercicios para reforzar el aprendizaje.",https://covers.biblioteca.local/01116.jpg,1,978-0-271-04331-9,23
1117,La umbral y el umbral,Un clasico recomendado para lectores de todas las edades. La narracion se despliega entre distintos escenarios y epocas. Una reflexion sobre la sociedad contemporanea contada con maestria.,https://covers.biblioteca.local/01117.jpg,2,978-1-109-79215-7,9
1118,Cielo prohibido 5,Un relato profundo sobre las relaciones humanas y el paso del tiempo. Un clasico recomendado para lectores de todas las edades. El autor construye un mundo lleno de detalles y matices inolvidables.,https://covers.biblioteca.local/01118.jpg,3,978-1-03-446945-2,34
1119,Secreto Secreto,Una historia que atrapa desde la primera pagina. Un viaje narrativo que combina emocion e intriga en cada capitulo. Un texto imprescindible para comprender las tensiones de su tiempo.,https://covers.biblioteca.local/01119.jpg,2,978-1-883192-13-6,24
1120,Manual de Emprendimiento,"Un texto practico que aborda los principios de Emprendimiento, dirigido a estudiantes y profesionales del area. Incluye ejemplos practicos, casos de estudio y ejercicios para reforzar el aprendizaje.",https://covers.biblioteca.local/01120.jpg,2,978-0-491-28965-8,16
1121,Produccion Audiovisual: teoria y practica,"Un texto actualizado que aborda los principios de Produccion Audiovisual, dirigido a estudiantes y profesionales del area. Incluye ejemplos practicos, casos de estudio y ejercicios para reforzar el aprendizaje.",https://covers.biblioteca.local/01121.jpg,4,978-1-320-33192-0,24
1122,Fundamentos de Cloud Computing,"Un texto aplicado que aborda los principios de Cloud Computing, dirigido a estudiantes y profesionales del area. Incluye ejemplos practicos, casos de estudio y ejercicios para reforzar el aprendizaje.",https://covers.biblioteca.local/01122.jpg,2,978-0-7051-0287-2,11
1123,Fundamentos de Gerencia de Proyectos,"Un texto riguroso que aborda los principios de Gerencia de Proyectos, dirigido a estudiantes y profesionales del area. Incluye ejemplos practicos, casos de estudio y ejercicios para reforzar el aprendizaje.",https://covers.biblioteca.local/01123.jpg,5,978-1-5481-3866-0,1
1124,Manual de Produccion Pecuaria,"Un texto didactico que aborda los principios de Produccion Pecuaria, dirigido a estudiantes y profesionales del area. Incluye ejemplos practicos, casos de estudio y ejercicios para reforzar el aprendizaje.",https://covers.biblioteca.local/01124.jpg,2,978-1-5485-8193-0,10
1125,Revisoria Fiscal: teoria y practica,"Un texto completo que aborda los principios de Revisoria Fiscal, dirigido a estudiantes y profesionales del area. Incluye ejemplos practicos, casos de estudio y ejercicios para reforzar el aprendizaje.",https://covers.biblioteca.local/01125.jpg,3,978-1-268-77418-6,1
1126,Manual de Agroecologia,"Un texto riguroso que aborda los principios de Agroecologia, dirigido a estudiantes y profesionales del area. Incluye ejemplos practicos, casos de estudio y ejercicios para reforzar el aprendizaje.",https://covers.biblioteca.local/01126.jpg,1,978-1-205-75639-8,34
1127,Castillo roto,Un clasico recomendado para lectores de todas las edades. Una historia que atrapa desde la primera pagina. Un viaje narrativo que combina emocion e intriga en cada capitulo.,https://covers.biblioteca.local/01127.jpg,3,978-1-5203-7583-0,26
1128,Umbral profundo 8,"La obra explora temas de identidad, perdida y esperanza. Una historia que atrapa desde la primera pagina. Una reflexion sobre la sociedad contemporanea contada con maestria.",https://covers.biblioteca.local/01128.jpg,1,978-1-5154-8094-5,28
1129,Algoritmos Aplicada,"Un texto didactico que aborda los principios de Algoritmos, dirigido a estudiantes y profesionales del area. Incluye ejemplos practicos, casos de estudio y ejercicios para reforzar el aprendizaje.",https://covers.biblioteca.local/01129.jpg,1,978-1-76044-090-9,11
1130,Bases de Normas Internacionales de Informacion Financiera (NIIF),"Un texto completo que aborda los principios de Normas Internacionales de Informacion Financiera (NIIF), dirigido a estudiantes y profesionales del area. Incluye ejemplos practicos, casos de estudio y ejercicios para reforzar el aprendizaje.",https://covers.biblioteca.local/01130.jpg,2,978-1-72781-050-9,36
1131,Oscuro Secreto,Un relato profundo sobre las relaciones humanas y el paso del tiempo. Un clasico recomendado para lectores de todas las edades. La narracion se despliega entre distintos escenarios y epocas.,https://covers.biblioteca.local/01131.jpg,3,978-0-216-10705-2,3
1132,Gestion Empresarial: teoria y practica,"Un texto aplicado que aborda los principios de Gestion Empresarial, dirigido a estudiantes y profesionales del area. Incluye ejemplos practicos, casos de estudio y ejercicios para reforzar el aprendizaje.",https://covers.biblioteca.local/01132.jpg,3,978-1-390-55295-9,23
1133,Estados Financieros: teoria y practica,"Un texto completo que aborda los principios de Estados Financieros, dirigido a estudiantes y profesionales del area. Incluye ejemplos practicos, casos de estudio y ejercicios para reforzar el aprendizaje.",https://covers.biblioteca.local/01133.jpg,3,978-1-60138-241-2,7
1134,Bases de Datos para Profesionales,"Un texto actualizado que aborda los principios de Bases de Datos, dirigido a estudiantes y profesionales del area. Incluye ejemplos practicos, casos de estudio y ejercicios para reforzar el aprendizaje.",https://covers.biblioteca.local/01134.jpg,1,978-1-04-938620-1,2
1135,Introduccion a Talento Humano,"Un texto didactico que aborda los principios de Talento Humano, dirigido a estudiantes y profesionales del area. Incluye ejemplos practicos, casos de estudio y ejercicios para reforzar el aprendizaje.",https://covers.biblioteca.local/01135.jpg,2,978-1-85157-919-8,6
1136,El Legado del viaje,"Un texto imprescindible para comprender las tensiones de su tiempo. La obra explora temas de identidad, perdida y esperanza.",https://covers.biblioteca.local/01136.jpg,1,978-0-11-212590-7,33
1137,Bases de Datos: teoria y practica,"Un texto didactico que aborda los principios de Bases de Datos, dirigido a estudiantes y profesionales del area. Incluye ejemplos practicos, casos de estudio y ejercicios para reforzar el aprendizaje.",https://covers.biblioteca.local/01137.jpg,1,978-0-357-13432-0,3
1138,Guia Practica de Multimedia Interactiva,"Un texto didactico que aborda los principios de Multimedia Interactiva, dirigido a estudiantes y profesionales del area. Incluye ejemplos practicos, casos de estudio y ejercicios para reforzar el aprendizaje.",https://covers.biblioteca.local/01138.jpg,2,978-0-642-42956-8,20
1139,Fotografia Digital Aplicada,"Un texto completo que aborda los principios de Fotografia Digital, dirigido a estudiantes y profesionales del area. Incluye ejemplos practicos, casos de estudio y ejercicios para reforzar el aprendizaje.",https://covers.biblioteca.local/01139.jpg,3,978-0-432-44741-3,5
1140,Fundamentos de Normas Internacionales de Informacion Financiera (NIIF),"Un texto completo que aborda los principios de Normas Internacionales de Informacion Financiera (NIIF), dirigido a estudiantes y profesionales del area. Incluye ejemplos practicos, casos de estudio y ejercicios para reforzar el aprendizaje.",https://covers.biblioteca.local/01140.jpg,5,978-1-955872-09-6,30
1141,Manejo de Suelos para Profesionales,"Un texto actualizado que aborda los principios de Manejo de Suelos, dirigido a estudiantes y profesionales del area. Incluye ejemplos practicos, casos de estudio y ejercicios para reforzar el aprendizaje.",https://covers.biblioteca.local/01141.jpg,2,978-0-89365-435-1,32
1142,Ingenieria de Software para Profesionales,"Un texto practico que aborda los principios de Ingenieria de Software, dirigido a estudiantes y profesionales del area. Incluye ejemplos practicos, casos de estudio y ejercicios para reforzar el aprendizaje.",https://covers.biblioteca.local/01142.jpg,1,978-0-8343-7401-0,29
1143,Fundamentos de Planeacion Estrategica,"Un texto actualizado que aborda los principios de Planeacion Estrategica, dirigido a estudiantes y profesionales del area. Incluye ejemplos practicos, casos de estudio y ejercicios para reforzar el aprendizaje.",https://covers.biblioteca.local/01143.jpg,4,978-1-279-55969-7,33
1144,Fundamentos de Diseno Web,"Un texto aplicado que aborda los principios de Diseno Web, dirigido a estudiantes y profesionales del area. Incluye ejemplos practicos, casos de estudio y ejercicios para reforzar el aprendizaje.",https://covers.biblioteca.local/01144.jpg,4,978-1-150-26755-0,25
1145,Marketing Estrategico Aplicada,"Un texto aplicado que aborda los principios de Marketing Estrategico, dirigido a estudiantes y profesionales del area. Incluye ejemplos practicos, casos de estudio y ejercicios para reforzar el aprendizaje.",https://covers.biblioteca.local/01145.jpg,1,978-0-542-78207-7,30
1146,Ingenieria de Software: teoria y practica,"Un texto aplicado que aborda los principios de Ingenieria de Software, dirigido a estudiantes y profesionales del area. Incluye ejemplos practicos, casos de estudio y ejercicios para reforzar el aprendizaje.",https://covers.biblioteca.local/01146.jpg,2,978-1-67345-957-9,22
1147,Fundamentos de Contabilidad de Costos,"Un texto actualizado que aborda los principios de Contabilidad de Costos, dirigido a estudiantes y profesionales del area. Incluye ejemplos practicos, casos de estudio y ejercicios para reforzar el aprendizaje.",https://covers.biblioteca.local/01147.jpg,2,978-1-03-816649-4,18
1148,Bases de Datos: teoria y practica,"Un texto aplicado que aborda los principios de Bases de Datos, dirigido a estudiantes y profesionales del area. Incluye ejemplos practicos, casos de estudio y ejercicios para reforzar el aprendizaje.",https://covers.biblioteca.local/01148.jpg,5,978-0-282-49839-9,4
1149,Ingenieria de Software Aplicada,"Un texto actualizado que aborda los principios de Ingenieria de Software, dirigido a estudiantes y profesionales del area. Incluye ejemplos practicos, casos de estudio y ejercicios para reforzar el aprendizaje.",https://covers.biblioteca.local/01149.jpg,1,978-0-501-42576-2,28
1150,La sueno tras reino,"La obra explora temas de identidad, perdida y esperanza. Un relato profundo sobre las relaciones humanas y el paso del tiempo.",https://covers.biblioteca.local/01150.jpg,3,978-1-02-324412-1,18
1151,Bases de Ingenieria de Software,"Un texto actualizado que aborda los principios de Ingenieria de Software, dirigido a estudiantes y profesionales del area. Incluye ejemplos practicos, casos de estudio y ejercicios para reforzar el aprendizaje.",https://covers.biblioteca.local/01151.jpg,2,978-0-613-28507-0,17
1152,Introduccion a Contabilidad de Costos,"Un texto aplicado que aborda los principios de Contabilidad de Costos, dirigido a estudiantes y profesionales del area. Incluye ejemplos practicos, casos de estudio y ejercicios para reforzar el aprendizaje.",https://covers.biblioteca.local/01152.jpg,2,978-1-178-63767-0,31
1153,Cielo silencioso,Una reflexion sobre la sociedad contemporanea contada con maestria. Un clasico recomendado para lectores de todas las edades. El autor construye un mundo lleno de detalles y matices inolvidables.,https://covers.biblioteca.local/01153.jpg,2,978-0-625-26546-6,1
1154,Conceptos Clave de Cultivos Tropicales,"Un texto didactico que aborda los principios de Cultivos Tropicales, dirigido a estudiantes y profesionales del area. Incluye ejemplos practicos, casos de estudio y ejercicios para reforzar el aprendizaje.",https://covers.biblioteca.local/01154.jpg,4,978-0-579-03923-6,21
1155,Bases de Agroindustria,"Un texto didactico que aborda los principios de Agroindustria, dirigido a estudiantes y profesionales del area. Incluye ejemplos practicos, casos de estudio y ejercicios para reforzar el aprendizaje.",https://covers.biblioteca.local/01155.jpg,1,978-1-58099-613-6,17
1156,El Destino del fuego,La narracion se despliega entre distintos escenarios y epocas. Un clasico recomendado para lectores de todas las edades. Un relato profundo sobre las relaciones humanas y el paso del tiempo.,https://covers.biblioteca.local/01156.jpg,3,978-1-303-46156-9,3
1157,Manual de Comercio Internacional,"Un texto riguroso que aborda los principios de Comercio Internacional, dirigido a estudiantes y profesionales del area. Incluye ejemplos practicos, casos de estudio y ejercicios para reforzar el aprendizaje.",https://covers.biblioteca.local/01157.jpg,2,978-1-244-67046-4,37
1158,El Puente en jardin,Los personajes enfrentan decisiones que cambiaran su destino para siempre. Considerada una de las obras mas influyentes de su genero. Un relato profundo sobre las relaciones humanas y el paso del tiempo.,https://covers.biblioteca.local/01158.jpg,1,978-0-681-71516-5,32
1159,Fundamentos de Planeacion Estrategica,"Un texto actualizado que aborda los principios de Planeacion Estrategica, dirigido a estudiantes y profesionales del area. Incluye ejemplos practicos, casos de estudio y ejercicios para reforzar el aprendizaje.",https://covers.biblioteca.local/01159.jpg,1,978-0-529-86707-0,34
1160,Guia Practica de Estructuras de Datos,"Un texto didactico que aborda los principios de Estructuras de Datos, dirigido a estudiantes y profesionales del area. Incluye ejemplos practicos, casos de estudio y ejercicios para reforzar el aprendizaje.",https://covers.biblioteca.local/01160.jpg,1,978-1-04-641978-0,39
1161,Introduccion a Contabilidad de Costos,"Un texto didactico que aborda los principios de Contabilidad de Costos, dirigido a estudiantes y profesionales del area. Incluye ejemplos practicos, casos de estudio y ejercicios para reforzar el aprendizaje.",https://covers.biblioteca.local/01161.jpg,1,978-1-58512-686-6,19
1162,Introduccion a Fotografia Digital,"Un texto actualizado que aborda los principios de Fotografia Digital, dirigido a estudiantes y profesionales del area. Incluye ejemplos practicos, casos de estudio y ejercicios para reforzar el aprendizaje.",https://covers.biblioteca.local/01162.jpg,4,978-0-05-943897-9,7
1163,Impuestos Aplicada,"Un texto completo que aborda los principios de Impuestos, dirigido a estudiantes y profesionales del area. Incluye ejemplos practicos, casos de estudio y ejercicios para reforzar el aprendizaje.",https://covers.biblioteca.local/01163.jpg,3,978-0-7401-7750-7,19
1164,Contabilidad de Costos Aplicada,"Un texto practico que aborda los principios de Contabilidad de Costos, dirigido a estudiantes y profesionales del area. Incluye ejemplos practicos, casos de estudio y ejercicios para reforzar el aprendizaje.",https://covers.biblioteca.local/01164.jpg,3,978-1-65408-424-0,13
1165,Introduccion a Agroecologia,"Un texto completo que aborda los principios de Agroecologia, dirigido a estudiantes y profesionales del area. Incluye ejemplos practicos, casos de estudio y ejercicios para reforzar el aprendizaje.",https://covers.biblioteca.local/01165.jpg,2,978-1-07-540915-8,18
1166,La espejo y el cronicas,Una historia que atrapa desde la primera pagina. El autor construye un mundo lleno de detalles y matices inolvidables.,https://covers.biblioteca.local/01166.jpg,4,978-1-321-81227-5,3
1167,Manual de Talento Humano,"Un texto practico que aborda los principios de Talento Humano, dirigido a estudiantes y profesionales del area. Incluye ejemplos practicos, casos de estudio y ejercicios para reforzar el aprendizaje.",https://covers.biblioteca.local/01167.jpg,2,978-1-57938-970-3,28
1168,Fundamentos de Gestion de la Calidad,"Un texto didactico que aborda los principios de Gestion de la Calidad, dirigido a estudiantes y profesionales del area. Incluye ejemplos practicos, casos de estudio y ejercicios para reforzar el aprendizaje.",https://covers.biblioteca.local/01168.jpg,1,978-1-5029-1681-5,21
1169,El Legado del corazon 3,La narracion se despliega entre distintos escenarios y epocas. Los personajes enfrentan decisiones que cambiaran su destino para siempre. Considerada una de las obras mas influyentes de su genero.,https://covers.biblioteca.local/01169.jpg,2,978-1-66024-161-3,11
1170,Normas Internacionales de Informacion Financiera (NIIF) para Profesionales,"Un texto completo que aborda los principios de Normas Internacionales de Informacion Financiera (NIIF), dirigido a estudiantes y profesionales del area. Incluye ejemplos practicos, casos de estudio y ejercicios para reforzar el aprendizaje.",https://covers.biblioteca.local/01170.jpg,2,978-1-4988-3059-1,6
1171,Produccion Pecuaria: teoria y practica,"Un texto aplicado que aborda los principios de Produccion Pecuaria, dirigido a estudiantes y profesionales del area. Incluye ejemplos practicos, casos de estudio y ejercicios para reforzar el aprendizaje.",https://covers.biblioteca.local/01171.jpg,1,978-0-642-48096-5,12
1172,Dorado Horizonte 6,Los personajes enfrentan decisiones que cambiaran su destino para siempre. Un relato profundo sobre las relaciones humanas y el paso del tiempo.,https://covers.biblioteca.local/01172.jpg,4,978-1-4063-0624-8,10
1173,El Fuego sin bosque,"Una trama envolvente que mezcla drama, misterio y superacion personal. Un clasico recomendado para lectores de todas las edades.",https://covers.biblioteca.local/01173.jpg,1,978-1-951330-53-8,8
1174,Agroindustria Aplicada,"Un texto actualizado que aborda los principios de Agroindustria, dirigido a estudiantes y profesionales del area. Incluye ejemplos practicos, casos de estudio y ejercicios para reforzar el aprendizaje.",https://covers.biblioteca.local/01174.jpg,1,978-1-9796-9586-2,32
1175,Introduccion a Desarrollo Web,"Un texto aplicado que aborda los principios de Desarrollo Web, dirigido a estudiantes y profesionales del area. Incluye ejemplos practicos, casos de estudio y ejercicios para reforzar el aprendizaje.",https://covers.biblioteca.local/01175.jpg,3,978-0-555-57277-1,32
1176,Bases de Contabilidad Financiera,"Un texto didactico que aborda los principios de Contabilidad Financiera, dirigido a estudiantes y profesionales del area. Incluye ejemplos practicos, casos de estudio y ejercicios para reforzar el aprendizaje.",https://covers.biblioteca.local/01176.jpg,2,978-0-646-09178-5,11
1177,Oscuro Bosque 7,"Una trama envolvente que mezcla drama, misterio y superacion personal. Un clasico recomendado para lectores de todas las edades. La narracion se despliega entre distintos escenarios y epocas.",https://covers.biblioteca.local/01177.jpg,1,978-0-385-44577-1,35
1178,Principios de Gestion de la Calidad,"Un texto riguroso que aborda los principios de Gestion de la Calidad, dirigido a estudiantes y profesionales del area. Incluye ejemplos practicos, casos de estudio y ejercicios para reforzar el aprendizaje.",https://covers.biblioteca.local/01178.jpg,1,978-0-9929596-6-1,2
1179,El Corazon sin castillo,Una reflexion sobre la sociedad contemporanea contada con maestria. Un relato profundo sobre las relaciones humanas y el paso del tiempo.,https://covers.biblioteca.local/01179.jpg,1,978-1-873682-69-2,14
1180,Fundamentos de Edicion de Video,"Un texto practico que aborda los principios de Edicion de Video, dirigido a estudiantes y profesionales del area. Incluye ejemplos practicos, casos de estudio y ejercicios para reforzar el aprendizaje.",https://covers.biblioteca.local/01180.jpg,1,978-0-633-19422-2,18
1181,Manual de Motion Graphics,"Un texto practico que aborda los principios de Motion Graphics, dirigido a estudiantes y profesionales del area. Incluye ejemplos practicos, casos de estudio y ejercicios para reforzar el aprendizaje.",https://covers.biblioteca.local/01181.jpg,1,978-1-5369-4551-5,30
1182,Viaje invisible 4,La narracion se despliega entre distintos escenarios y epocas. Los personajes enfrentan decisiones que cambiaran su destino para siempre.,https://covers.biblioteca.local/01182.jpg,1,978-1-367-74722-7,26
1183,Introduccion a Produccion Pecuaria,"Un texto practico que aborda los principios de Produccion Pecuaria, dirigido a estudiantes y profesionales del area. Incluye ejemplos practicos, casos de estudio y ejercicios para reforzar el aprendizaje.",https://covers.biblioteca.local/01183.jpg,2,978-1-08-572169-1,28
1184,Fundamentos de Gerencia de Proyectos,"Un texto completo que aborda los principios de Gerencia de Proyectos, dirigido a estudiantes y profesionales del area. Incluye ejemplos practicos, casos de estudio y ejercicios para reforzar el aprendizaje.",https://covers.biblioteca.local/01184.jpg,1,978-1-63093-299-2,25
1185,Bases de Programacion,"Un texto riguroso que aborda los principios de Programacion, dirigido a estudiantes y profesionales del area. Incluye ejemplos practicos, casos de estudio y ejercicios para reforzar el aprendizaje.",https://covers.biblioteca.local/01185.jpg,1,978-1-05-932971-7,11
1186,Espejo sagrado 7,"Una historia que atrapa desde la primera pagina. Un relato profundo sobre las relaciones humanas y el paso del tiempo. La obra explora temas de identidad, perdida y esperanza.",https://covers.biblioteca.local/01186.jpg,1,978-0-9688327-5-2,21
1187,Programacion Orientada a Objetos: teoria y practica,"Un texto actualizado que aborda los principios de Programacion Orientada a Objetos, dirigido a estudiantes y profesionales del area. Incluye ejemplos practicos, casos de estudio y ejercicios para reforzar el aprendizaje.",https://covers.biblioteca.local/01187.jpg,2,978-0-7352-4103-9,1
1188,Fundamentos de Contabilidad de Costos,"Un texto riguroso que aborda los principios de Contabilidad de Costos, dirigido a estudiantes y profesionales del area. Incluye ejemplos practicos, casos de estudio y ejercicios para reforzar el aprendizaje.",https://covers.biblioteca.local/01188.jpg,4,978-1-397-32781-9,21
1189,Fundamentos de Produccion Pecuaria,"Un texto actualizado que aborda los principios de Produccion Pecuaria, dirigido a estudiantes y profesionales del area. Incluye ejemplos practicos, casos de estudio y ejercicios para reforzar el aprendizaje.",https://covers.biblioteca.local/01189.jpg,1,978-0-371-00687-0,14
1190,El Cielo en legado,Un clasico recomendado para lectores de todas las edades. La narracion se despliega entre distintos escenarios y epocas.,https://covers.biblioteca.local/01190.jpg,4,978-0-6481980-7-9,27
1191,Laberinto profundo,Un viaje narrativo que combina emocion e intriga en cada capitulo. Una historia que atrapa desde la primera pagina.,https://covers.biblioteca.local/01191.jpg,1,978-0-460-56876-0,32
1192,Conceptos Clave de Multimedia Interactiva,"Un texto practico que aborda los principios de Multimedia Interactiva, dirigido a estudiantes y profesionales del area. Incluye ejemplos practicos, casos de estudio y ejercicios para reforzar el aprendizaje.",https://covers.biblioteca.local/01192.jpg,3,978-0-249-12565-8,38
1193,Secreto ultimo,Una historia que atrapa desde la primera pagina. La narracion se despliega entre distintos escenarios y epocas. Un clasico recomendado para lectores de todas las edades.,https://covers.biblioteca.local/01193.jpg,1,978-0-7341-5177-3,1
1194,Espejo perdido,Una historia que atrapa desde la primera pagina. Considerada una de las obras mas influyentes de su genero. La narracion se despliega entre distintos escenarios y epocas.,https://covers.biblioteca.local/01194.jpg,4,978-1-5475-7494-0,3
1195,La fuego de rio,Un relato profundo sobre las relaciones humanas y el paso del tiempo. El autor construye un mundo lleno de detalles y matices inolvidables. Los personajes enfrentan decisiones que cambiaran su destino para siempre.,https://covers.biblioteca.local/01195.jpg,1,978-0-284-03595-0,18
1196,Principios de Gerencia de Proyectos,"Un texto didactico que aborda los principios de Gerencia de Proyectos, dirigido a estudiantes y profesionales del area. Incluye ejemplos practicos, casos de estudio y ejercicios para reforzar el aprendizaje.",https://covers.biblioteca.local/01196.jpg,2,978-1-294-77422-8,26
1197,La legado y el umbral,Una reflexion sobre la sociedad contemporanea contada con maestria. Un clasico recomendado para lectores de todas las edades.,https://covers.biblioteca.local/01197.jpg,1,978-1-64303-942-8,7
1198,El Secreto de jardin,Un relato profundo sobre las relaciones humanas y el paso del tiempo. Una reflexion sobre la sociedad contemporanea contada con maestria.,https://covers.biblioteca.local/01198.jpg,1,978-1-58867-925-3,28
1199,Antiguo Cielo 2,Los personajes enfrentan decisiones que cambiaran su destino para siempre. Una historia que atrapa desde la primera pagina.,https://covers.biblioteca.local/01199.jpg,1,978-1-85672-872-0,8
1200,El Espejo de sueno,Un texto imprescindible para comprender las tensiones de su tiempo. Un clasico recomendado para lectores de todas las edades. El autor construye un mundo lleno de detalles y matices inolvidables.,https://covers.biblioteca.local/01200.jpg,1,978-1-01-534332-0,18
